id_venda,data_venda,id_loja,id_vendedor,id_cliente,id_produto,quantidade,valor_bruto,desconto,valor_liquido,custo_total,status
1,2025-07-05,1,13,927,112,2,5258.52,0.0,5258.52,2799.1,Concluída
2,2025-11-23,1,13,583,109,1,438.81,0.0,438.81,291.96,Concluída
3,2025-10-17,3,6,579,103,1,207.74,0.0,207.74,133.24,Concluída
4,2025-05-13,5,10,903,109,2,877.62,0.0,877.62,583.92,Concluída
5,2025-01-12,5,12,695,109,2,877.62,43.88,833.74,583.92,Concluída
6,2025-01-02,5,12,690,111,1,3133.63,313.36,2820.27,1612.76,Concluída
7,2025-07-28,1,13,508,106,1,137.92,0.0,137.92,73.42,Concluída
8,2025-01-25,1,13,546,108,1,424.26,0.0,424.26,191.74,Concluída
9,2025-10-20,4,9,232,112,1,2629.26,0.0,2629.26,1399.55,Concluída
10,2025-03-26,1,13,642,111,1,3133.63,0.0,3133.63,1612.76,Concluída
11,2025-10-31,4,8,861,105,1,1347.1,0.0,1347.1,858.02,Cancelada
12,2025-01-28,4,9,814,104,3,8413.35,420.67,7992.68,5086.86,Concluída
13,2025-02-18,3,6,128,102,4,16175.32,1617.53,14557.79,7567.32,Concluída
14,2025-12-22,1,13,64,115,2,1034.26,0.0,1034.26,582.88,Concluída
15,2025-08-10,1,13,573,101,1,3176.69,0.0,3176.69,2004.75,Concluída
16,2025-07-30,1,13,465,107,1,143.03,0.0,143.03,89.63,Concluída
17,2025-02-21,1,13,465,109,1,438.81,0.0,438.81,291.96,Concluída
18,2025-11-01,3,6,809,114,1,440.95,0.0,440.95,271.23,Concluída
19,2025-05-12,1,13,743,110,1,153.35,0.0,153.35,76.82,Concluída
20,2025-01-31,1,13,526,111,2,6267.26,0.0,6267.26,3225.52,Concluída
21,2025-03-16,1,13,618,106,1,137.92,20.69,117.23,73.42,Concluída
22,2025-12-03,3,4,244,109,2,877.62,0.0,877.62,583.92,Concluída
23,2025-06-26,1,13,656,115,1,517.13,0.0,517.13,291.44,Concluída
24,2025-09-01,3,5,615,112,1,2629.26,0.0,2629.26,1399.55,Devolvida
25,2025-11-12,1,13,167,102,1,4043.83,202.19,3841.64,1891.83,Concluída
26,2025-04-23,5,12,229,112,1,2629.26,0.0,2629.26,1399.55,Concluída
27,2025-06-19,4,8,211,107,1,143.03,21.45,121.58,89.63,Concluída
28,2025-02-07,1,13,146,105,1,1347.1,0.0,1347.1,858.02,Cancelada
29,2025-07-04,1,13,204,104,1,2804.45,0.0,2804.45,1695.62,Concluída
30,2025-03-31,1,13,183,104,1,2804.45,140.22,2664.23,1695.62,Cancelada
31,2025-01-11,4,7,389,111,2,6267.26,0.0,6267.26,3225.52,Cancelada
32,2025-06-06,2,2,829,106,2,275.84,27.58,248.26,146.84,Devolvida
33,2025-11-16,5,12,67,102,1,4043.83,404.38,3639.45,1891.83,Concluída
34,2025-04-09,2,3,384,106,1,137.92,20.69,117.23,73.42,Concluída
35,2025-01-24,4,9,194,114,1,440.95,22.05,418.9,271.23,Concluída
36,2025-01-28,3,5,894,103,3,623.22,93.48,529.74,399.72,Concluída
37,2025-04-18,3,5,810,111,2,6267.26,0.0,6267.26,3225.52,Concluída
38,2025-11-27,4,8,511,109,1,438.81,0.0,438.81,291.96,Concluída
39,2025-12-22,2,2,486,105,1,1347.1,0.0,1347.1,858.02,Concluída
40,2025-11-29,1,13,917,104,1,2804.45,0.0,2804.45,1695.62,Concluída
41,2025-08-06,5,12,161,115,2,1034.26,0.0,1034.26,582.88,Concluída
42,2025-02-13,1,13,236,110,1,153.35,0.0,153.35,76.82,Concluída
43,2025-08-19,2,2,377,113,1,644.98,0.0,644.98,381.24,Concluída
44,2025-08-15,1,13,368,115,1,517.13,25.86,491.27,291.44,Concluída
45,2025-11-26,1,13,949,104,1,2804.45,0.0,2804.45,1695.62,Concluída
46,2025-04-13,1,13,257,105,2,2694.2,134.71,2559.49,1716.04,Concluída
47,2025-04-08,3,4,876,113,2,1289.96,0.0,1289.96,762.48,Concluída
48,2025-06-03,1,13,802,107,3,429.09,21.45,407.64,268.89,Concluída
49,2025-01-07,2,3,780,103,3,623.22,0.0,623.22,399.72,Concluída
50,2025-04-18,2,3,602,113,1,644.98,0.0,644.98,381.24,Concluída
51,2025-06-24,4,8,867,104,1,2804.45,280.44,2524.01,1695.62,Concluída
52,2025-08-13,2,3,31,106,1,137.92,13.79,124.13,73.42,Concluída
53,2025-01-05,2,3,855,106,1,137.92,0.0,137.92,73.42,Concluída
54,2025-07-26,4,9,551,105,1,1347.1,0.0,1347.1,858.02,Concluída
55,2025-03-13,1,13,582,111,2,6267.26,626.73,5640.53,3225.52,Concluída
56,2025-07-20,5,10,972,107,1,143.03,0.0,143.03,89.63,Concluída
57,2025-06-18,2,2,655,115,1,517.13,0.0,517.13,291.44,Concluída
58,2025-04-01,1,13,28,103,1,207.74,20.77,186.97,133.24,Concluída
59,2025-04-16,1,13,466,101,1,3176.69,0.0,3176.69,2004.75,Concluída
60,2025-07-30,1,13,133,109,1,438.81,21.94,416.87,291.96,Concluída
61,2025-04-16,1,13,318,107,2,286.06,14.3,271.76,179.26,Concluída
62,2025-10-22,5,12,208,109,2,877.62,0.0,877.62,583.92,Concluída
63,2025-03-15,2,2,620,113,1,644.98,0.0,644.98,381.24,Concluída
64,2025-09-09,2,3,41,112,1,2629.26,0.0,2629.26,1399.55,Cancelada
65,2025-06-27,3,6,812,105,1,1347.1,67.36,1279.74,858.02,Concluída
66,2025-08-01,1,13,469,107,3,429.09,0.0,429.09,268.89,Concluída
67,2025-07-21,3,4,246,115,3,1551.39,0.0,1551.39,874.32,Concluída
68,2025-05-30,3,4,715,112,2,5258.52,0.0,5258.52,2799.1,Concluída
69,2025-10-11,1,13,79,113,1,644.98,32.25,612.73,381.24,Concluída
70,2025-08-19,1,13,519,101,1,3176.69,0.0,3176.69,2004.75,Concluída
71,2025-08-25,1,13,877,104,1,2804.45,0.0,2804.45,1695.62,Concluída
72,2025-03-11,1,13,497,108,1,424.26,0.0,424.26,191.74,Concluída
73,2025-08-13,1,13,862,103,1,207.74,0.0,207.74,133.24,Concluída
74,2025-05-31,1,13,173,102,2,8087.66,0.0,8087.66,3783.66,Concluída
75,2025-08-14,1,13,732,101,3,9530.07,0.0,9530.07,6014.25,Concluída
76,2025-01-25,4,9,657,111,2,6267.26,626.73,5640.53,3225.52,Concluída
77,2025-06-07,2,3,5,101,2,6353.38,317.67,6035.71,4009.5,Cancelada
78,2025-07-11,5,10,94,101,1,3176.69,476.5,2700.19,2004.75,Concluída
79,2025-04-09,3,4,226,115,1,517.13,25.86,491.27,291.44,Concluída
80,2025-03-27,1,13,836,106,1,137.92,0.0,137.92,73.42,Concluída
81,2025-10-05,1,13,124,104,1,2804.45,0.0,2804.45,1695.62,Concluída
82,2025-07-25,3,4,399,104,1,2804.45,0.0,2804.45,1695.62,Concluída
83,2025-11-29,3,4,69,115,1,517.13,0.0,517.13,291.44,Concluída
84,2025-02-22,3,6,176,105,4,5388.4,0.0,5388.4,3432.08,Devolvida
85,2025-12-23,1,13,341,103,2,415.48,41.55,373.93,266.48,Concluída
86,2025-12-08,2,2,19,110,3,460.05,0.0,460.05,230.46,Concluída
87,2025-04-30,2,3,14,104,1,2804.45,140.22,2664.23,1695.62,Concluída
88,2025-05-02,3,4,635,102,1,4043.83,0.0,4043.83,1891.83,Concluída
89,2025-03-19,1,13,244,115,2,1034.26,155.14,879.12,582.88,Concluída
90,2025-06-18,1,13,660,113,2,1289.96,0.0,1289.96,762.48,Devolvida
91,2025-11-28,4,7,235,114,2,881.9,0.0,881.9,542.46,Concluída
92,2025-01-28,5,12,255,113,2,1289.96,64.5,1225.46,762.48,Concluída
93,2025-07-15,2,1,453,111,1,3133.63,313.36,2820.27,1612.76,Concluída
94,2025-04-09,1,13,961,104,1,2804.45,0.0,2804.45,1695.62,Concluída
95,2025-04-15,1,13,437,112,1,2629.26,0.0,2629.26,1399.55,Concluída
96,2025-08-06,1,13,311,105,1,1347.1,202.06,1145.04,858.02,Concluída
97,2025-09-04,1,13,408,107,1,143.03,0.0,143.03,89.63,Concluída
98,2025-08-10,4,8,21,113,1,644.98,64.5,580.48,381.24,Concluída
99,2025-06-03,3,4,567,112,1,2629.26,0.0,2629.26,1399.55,Concluída
100,2025-05-26,1,13,74,106,1,137.92,0.0,137.92,73.42,Concluída
101,2025-04-08,1,13,504,107,3,429.09,42.91,386.18,268.89,Devolvida
102,2025-07-11,1,13,657,110,1,153.35,15.34,138.01,76.82,Devolvida
103,2025-03-05,1,13,199,113,1,644.98,0.0,644.98,381.24,Cancelada
104,2025-06-28,2,2,651,112,1,2629.26,0.0,2629.26,1399.55,Concluída
105,2025-08-06,3,4,490,101,3,9530.07,0.0,9530.07,6014.25,Concluída
106,2025-01-15,3,6,152,105,2,2694.2,269.42,2424.78,1716.04,Concluída
107,2025-05-07,3,6,862,103,1,207.74,10.39,197.35,133.24,Concluída
108,2025-07-16,1,13,531,115,1,517.13,0.0,517.13,291.44,Concluída
109,2025-05-10,3,6,991,109,2,877.62,0.0,877.62,583.92,Concluída
110,2025-07-30,4,9,891,102,1,4043.83,0.0,4043.83,1891.83,Concluída
111,2025-03-15,1,13,953,112,1,2629.26,0.0,2629.26,1399.55,Devolvida
112,2025-09-09,1,13,793,112,1,2629.26,0.0,2629.26,1399.55,Concluída
113,2025-08-09,1,13,191,112,1,2629.26,0.0,2629.26,1399.55,Concluída
114,2025-02-26,2,1,191,104,1,2804.45,0.0,2804.45,1695.62,Concluída
115,2025-05-13,5,11,452,111,3,9400.89,0.0,9400.89,4838.28,Concluída
116,2025-02-10,1,13,128,105,1,1347.1,0.0,1347.1,858.02,Concluída
117,2025-09-06,3,4,10,101,1,3176.69,476.5,2700.19,2004.75,Concluída
118,2025-01-22,1,13,385,110,1,153.35,23.0,130.35,76.82,Concluída
119,2025-09-06,2,2,619,107,1,143.03,7.15,135.88,89.63,Concluída
120,2025-06-11,4,8,682,107,1,143.03,0.0,143.03,89.63,Concluída
121,2025-06-19,4,7,468,114,2,881.9,44.09,837.81,542.46,Concluída
122,2025-03-13,1,13,890,109,1,438.81,21.94,416.87,291.96,Concluída
123,2025-07-08,2,3,675,114,1,440.95,0.0,440.95,271.23,Concluída
124,2025-11-23,5,11,18,111,1,3133.63,0.0,3133.63,1612.76,Concluída
125,2025-06-16,3,4,622,108,1,424.26,0.0,424.26,191.74,Concluída
126,2025-08-08,5,11,675,114,2,881.9,0.0,881.9,542.46,Concluída
127,2025-11-07,1,13,891,109,3,1316.43,65.82,1250.61,875.88,Concluída
128,2025-01-17,1,13,309,114,2,881.9,0.0,881.9,542.46,Concluída
129,2025-03-28,5,10,494,111,1,3133.63,0.0,3133.63,1612.76,Concluída
130,2025-12-04,3,4,446,112,1,2629.26,262.93,2366.33,1399.55,Concluída
131,2025-07-16,4,7,737,105,2,2694.2,404.13,2290.07,1716.04,Concluída
132,2025-12-07,1,13,93,113,2,1289.96,129.0,1160.96,762.48,Cancelada
133,2025-11-04,1,13,387,115,2,1034.26,51.71,982.55,582.88,Concluída
134,2025-11-25,4,8,828,104,1,2804.45,0.0,2804.45,1695.62,Concluída
135,2025-02-15,1,13,763,102,1,4043.83,0.0,4043.83,1891.83,Concluída
136,2025-07-14,2,1,319,101,1,3176.69,0.0,3176.69,2004.75,Concluída
137,2025-08-05,1,13,817,111,3,9400.89,0.0,9400.89,4838.28,Concluída
138,2025-10-30,1,13,10,109,3,1316.43,0.0,1316.43,875.88,Concluída
139,2025-06-01,4,8,697,108,1,424.26,0.0,424.26,191.74,Concluída
140,2025-12-26,1,13,317,109,5,2194.05,0.0,2194.05,1459.8,Devolvida
141,2025-12-28,2,3,849,104,1,2804.45,140.22,2664.23,1695.62,Concluída
142,2025-06-20,1,13,869,112,3,7887.78,0.0,7887.78,4198.65,Concluída
143,2025-04-02,4,9,402,105,5,6735.5,336.78,6398.72,4290.1,Concluída
144,2025-01-12,2,2,433,111,1,3133.63,0.0,3133.63,1612.76,Concluída
145,2025-02-06,2,2,290,112,3,7887.78,394.39,7493.39,4198.65,Concluída
146,2025-02-19,1,13,871,115,2,1034.26,0.0,1034.26,582.88,Concluída
147,2025-03-12,2,2,299,115,1,517.13,0.0,517.13,291.44,Concluída
148,2025-11-30,1,13,695,113,5,3224.9,0.0,3224.9,1906.2,Cancelada
149,2025-08-07,3,4,949,101,1,3176.69,476.5,2700.19,2004.75,Concluída
150,2025-01-27,1,13,608,107,4,572.12,0.0,572.12,358.52,Concluída
151,2025-01-18,1,13,501,105,2,2694.2,404.13,2290.07,1716.04,Concluída
152,2025-07-12,4,9,675,102,2,8087.66,808.77,7278.89,3783.66,Concluída
153,2025-05-21,3,5,377,101,1,3176.69,0.0,3176.69,2004.75,Concluída
154,2025-12-09,5,10,24,110,1,153.35,0.0,153.35,76.82,Concluída
155,2025-02-18,4,7,394,108,5,2121.3,106.07,2015.23,958.7,Concluída
156,2025-03-06,1,13,731,115,3,1551.39,0.0,1551.39,874.32,Concluída
157,2025-12-25,1,13,66,109,2,877.62,0.0,877.62,583.92,Concluída
158,2025-11-30,1,13,989,111,3,9400.89,0.0,9400.89,4838.28,Concluída
159,2025-04-03,1,13,820,106,1,137.92,0.0,137.92,73.42,Concluída
160,2025-03-24,1,13,872,113,1,644.98,96.75,548.23,381.24,Concluída
161,2025-07-06,5,10,434,111,1,3133.63,0.0,3133.63,1612.76,Cancelada
162,2025-09-23,5,11,675,109,1,438.81,0.0,438.81,291.96,Concluída
163,2025-09-25,5,11,621,109,1,438.81,21.94,416.87,291.96,Concluída
164,2025-01-23,1,13,146,105,3,4041.3,0.0,4041.3,2574.06,Concluída
165,2025-10-10,1,13,285,103,2,415.48,0.0,415.48,266.48,Concluída
166,2025-05-14,1,13,410,108,1,424.26,0.0,424.26,191.74,Concluída
167,2025-12-22,1,13,73,111,2,6267.26,940.09,5327.17,3225.52,Concluída
168,2025-04-09,3,6,674,111,2,6267.26,0.0,6267.26,3225.52,Concluída
169,2025-03-20,1,13,389,101,4,12706.76,0.0,12706.76,8019.0,Concluída
170,2025-09-30,1,13,68,106,2,275.84,0.0,275.84,146.84,Concluída
171,2025-05-20,1,13,281,101,1,3176.69,476.5,2700.19,2004.75,Concluída
172,2025-02-23,4,7,180,109,2,877.62,0.0,877.62,583.92,Concluída
173,2025-09-08,1,13,718,110,3,460.05,0.0,460.05,230.46,Concluída
174,2025-01-25,1,13,186,106,2,275.84,13.79,262.05,146.84,Concluída
175,2025-10-10,3,5,489,110,1,153.35,0.0,153.35,76.82,Concluída
176,2025-03-21,3,4,388,110,2,306.7,0.0,306.7,153.64,Concluída
177,2025-07-09,3,4,695,110,1,153.35,0.0,153.35,76.82,Concluída
178,2025-07-01,4,9,294,105,4,5388.4,0.0,5388.4,3432.08,Concluída
179,2025-04-28,1,13,971,105,1,1347.1,0.0,1347.1,858.02,Concluída
180,2025-02-10,1,13,968,102,1,4043.83,0.0,4043.83,1891.83,Concluída
181,2025-10-11,5,10,986,107,2,286.06,28.61,257.45,179.26,Concluída
182,2025-09-12,2,3,910,109,2,877.62,0.0,877.62,583.92,Concluída
183,2025-01-04,3,6,548,112,1,2629.26,394.39,2234.87,1399.55,Concluída
184,2025-09-28,3,4,622,108,4,1697.04,84.85,1612.19,766.96,Concluída
185,2025-09-26,5,10,77,106,2,275.84,0.0,275.84,146.84,Cancelada
186,2025-08-05,2,1,383,102,1,4043.83,202.19,3841.64,1891.83,Concluída
187,2025-03-02,1,13,301,105,1,1347.1,67.36,1279.74,858.02,Concluída
188,2025-04-22,5,12,528,114,3,1322.85,132.28,1190.57,813.69,Cancelada
189,2025-09-07,1,13,631,108,1,424.26,0.0,424.26,191.74,Concluída
190,2025-04-06,2,1,104,107,1,143.03,0.0,143.03,89.63,Concluída
191,2025-03-20,2,2,8,103,2,415.48,0.0,415.48,266.48,Concluída
192,2025-07-11,1,13,914,103,1,207.74,0.0,207.74,133.24,Devolvida
193,2025-12-03,4,7,144,106,2,275.84,0.0,275.84,146.84,Concluída
194,2025-12-30,1,13,292,101,1,3176.69,0.0,3176.69,2004.75,Concluída
195,2025-01-17,1,13,972,108,4,1697.04,254.56,1442.48,766.96,Concluída
196,2025-09-08,2,3,732,103,1,207.74,10.39,197.35,133.24,Concluída
197,2025-09-14,3,6,864,114,1,440.95,0.0,440.95,271.23,Concluída
198,2025-01-11,1,13,513,101,2,6353.38,0.0,6353.38,4009.5,Concluída
199,2025-06-25,2,3,756,101,1,3176.69,0.0,3176.69,2004.75,Concluída
200,2025-08-08,1,13,747,109,1,438.81,0.0,438.81,291.96,Concluída
201,2025-05-15,5,10,683,114,1,440.95,0.0,440.95,271.23,Concluída
202,2025-02-22,3,6,626,103,1,207.74,20.77,186.97,133.24,Concluída
203,2025-03-18,1,13,411,101,1,3176.69,0.0,3176.69,2004.75,Concluída
204,2025-01-10,3,4,886,101,1,3176.69,0.0,3176.69,2004.75,Concluída
205,2025-04-29,1,13,491,101,1,3176.69,0.0,3176.69,2004.75,Concluída
206,2025-05-18,1,13,729,107,1,143.03,14.3,128.73,89.63,Concluída
207,2025-01-01,1,13,218,105,1,1347.1,134.71,1212.39,858.02,Concluída
208,2025-04-05,1,13,373,106,1,137.92,0.0,137.92,73.42,Concluída
209,2025-10-10,4,7,340,106,2,275.84,0.0,275.84,146.84,Concluída
210,2025-09-28,3,4,666,105,1,1347.1,0.0,1347.1,858.02,Concluída
211,2025-03-08,3,6,124,101,1,3176.69,317.67,2859.02,2004.75,Concluída
212,2025-04-08,1,13,948,102,1,4043.83,0.0,4043.83,1891.83,Concluída
213,2025-08-31,5,10,547,112,1,2629.26,0.0,2629.26,1399.55,Concluída
214,2025-12-31,1,13,917,106,1,137.92,6.9,131.02,73.42,Cancelada
215,2025-02-04,2,3,954,109,2,877.62,0.0,877.62,583.92,Concluída
216,2025-03-08,1,13,814,112,1,2629.26,131.46,2497.8,1399.55,Concluída
217,2025-09-30,4,7,170,108,2,848.52,0.0,848.52,383.48,Concluída
218,2025-07-25,3,4,189,101,1,3176.69,0.0,3176.69,2004.75,Concluída
219,2025-09-20,2,3,738,109,1,438.81,43.88,394.93,291.96,Concluída
220,2025-05-18,2,1,230,101,1,3176.69,0.0,3176.69,2004.75,Concluída
221,2025-05-23,5,11,895,113,1,644.98,96.75,548.23,381.24,Devolvida
222,2025-04-18,2,1,665,106,2,275.84,41.38,234.46,146.84,Concluída
223,2025-12-28,5,11,740,103,1,207.74,0.0,207.74,133.24,Concluída
224,2025-01-30,3,4,844,106,1,137.92,20.69,117.23,73.42,Concluída
225,2025-01-09,2,3,109,112,2,5258.52,0.0,5258.52,2799.1,Concluída
226,2025-11-17,3,6,212,114,1,440.95,0.0,440.95,271.23,Concluída
227,2025-11-19,4,8,160,108,1,424.26,21.21,403.05,191.74,Concluída
228,2025-09-03,1,13,471,103,2,415.48,0.0,415.48,266.48,Concluída
229,2025-04-03,3,4,318,103,3,623.22,31.16,592.06,399.72,Concluída
230,2025-04-07,1,13,437,104,1,2804.45,0.0,2804.45,1695.62,Concluída
231,2025-09-27,1,13,618,102,1,4043.83,0.0,4043.83,1891.83,Concluída
232,2025-11-26,5,10,255,113,1,644.98,0.0,644.98,381.24,Concluída
233,2025-01-07,4,7,981,113,1,644.98,32.25,612.73,381.24,Concluída
234,2025-12-29,1,13,492,113,1,644.98,0.0,644.98,381.24,Concluída
235,2025-06-19,2,1,58,109,2,877.62,0.0,877.62,583.92,Concluída
236,2025-01-23,1,13,106,109,3,1316.43,0.0,1316.43,875.88,Concluída
237,2025-04-25,1,13,395,103,1,207.74,0.0,207.74,133.24,Cancelada
238,2025-12-17,1,13,504,103,5,1038.7,0.0,1038.7,666.2,Cancelada
239,2025-05-25,1,13,122,106,3,413.76,41.38,372.38,220.26,Cancelada
240,2025-11-06,1,13,544,106,1,137.92,6.9,131.02,73.42,Concluída
241,2025-12-08,3,6,838,105,1,1347.1,0.0,1347.1,858.02,Cancelada
242,2025-12-05,1,13,831,115,2,1034.26,0.0,1034.26,582.88,Concluída
243,2025-03-18,4,7,328,103,1,207.74,10.39,197.35,133.24,Concluída
244,2025-09-02,4,7,592,107,4,572.12,0.0,572.12,358.52,Concluída
245,2025-03-07,1,13,362,106,1,137.92,0.0,137.92,73.42,Devolvida
246,2025-11-05,4,8,142,113,3,1934.94,193.49,1741.45,1143.72,Concluída
247,2025-10-09,2,3,505,109,1,438.81,0.0,438.81,291.96,Concluída
248,2025-08-04,2,3,831,112,1,2629.26,0.0,2629.26,1399.55,Concluída
249,2025-04-15,5,10,372,109,1,438.81,0.0,438.81,291.96,Concluída
250,2025-06-28,1,13,302,108,1,424.26,42.43,381.83,191.74,Devolvida
251,2025-08-04,1,13,58,112,1,2629.26,394.39,2234.87,1399.55,Concluída
252,2025-07-13,3,6,989,107,1,143.03,7.15,135.88,89.63,Concluída
253,2025-02-07,2,3,892,103,1,207.74,0.0,207.74,133.24,Concluída
254,2025-02-09,1,13,154,113,1,644.98,32.25,612.73,381.24,Concluída
255,2025-12-24,5,11,422,112,1,2629.26,131.46,2497.8,1399.55,Concluída
256,2025-05-27,1,13,903,111,1,3133.63,156.68,2976.95,1612.76,Concluída
257,2025-01-06,1,13,697,115,1,517.13,25.86,491.27,291.44,Concluída
258,2025-10-20,2,3,233,107,3,429.09,0.0,429.09,268.89,Concluída
259,2025-07-13,5,10,761,104,1,2804.45,0.0,2804.45,1695.62,Concluída
260,2025-10-14,3,4,837,112,1,2629.26,0.0,2629.26,1399.55,Concluída
261,2025-07-14,1,13,663,107,1,143.03,0.0,143.03,89.63,Concluída
262,2025-11-05,4,8,29,104,1,2804.45,0.0,2804.45,1695.62,Concluída
263,2025-11-02,1,13,193,109,1,438.81,43.88,394.93,291.96,Concluída
264,2025-02-13,5,12,46,110,5,766.75,0.0,766.75,384.1,Concluída
265,2025-02-17,5,10,366,113,1,644.98,0.0,644.98,381.24,Concluída
266,2025-07-20,3,4,720,111,1,3133.63,0.0,3133.63,1612.76,Concluída
267,2025-02-21,2,1,25,110,2,306.7,0.0,306.7,153.64,Concluída
268,2025-01-20,1,13,699,108,1,424.26,0.0,424.26,191.74,Cancelada
269,2025-04-29,5,12,670,103,2,415.48,0.0,415.48,266.48,Devolvida
270,2025-09-22,5,12,668,109,3,1316.43,0.0,1316.43,875.88,Concluída
271,2025-06-23,1,13,41,115,2,1034.26,51.71,982.55,582.88,Concluída
272,2025-11-09,3,4,581,111,5,15668.15,0.0,15668.15,8063.8,Concluída
273,2025-06-08,2,1,511,102,1,4043.83,0.0,4043.83,1891.83,Concluída
274,2025-02-04,1,13,362,102,1,4043.83,202.19,3841.64,1891.83,Concluída
275,2025-08-31,5,11,666,115,1,517.13,0.0,517.13,291.44,Concluída
276,2025-01-21,1,13,411,107,3,429.09,42.91,386.18,268.89,Concluída
277,2025-07-07,2,3,975,106,1,137.92,6.9,131.02,73.42,Concluída
278,2025-05-15,4,9,44,110,4,613.4,0.0,613.4,307.28,Concluída
279,2025-12-25,4,7,159,114,1,440.95,0.0,440.95,271.23,Concluída
280,2025-02-07,1,13,686,102,1,4043.83,0.0,4043.83,1891.83,Concluída
281,2025-08-27,1,13,750,102,3,12131.49,1213.15,10918.34,5675.49,Concluída
282,2025-04-13,2,1,325,106,5,689.6,0.0,689.6,367.1,Concluída
283,2025-09-01,1,13,40,109,1,438.81,0.0,438.81,291.96,Concluída
284,2025-06-13,2,3,793,107,1,143.03,7.15,135.88,89.63,Concluída
285,2025-08-31,1,13,889,101,4,12706.76,635.34,12071.42,8019.0,Concluída
286,2025-11-22,1,13,71,105,1,1347.1,0.0,1347.1,858.02,Concluída
287,2025-08-03,2,3,915,105,1,1347.1,0.0,1347.1,858.02,Cancelada
288,2025-08-08,1,13,169,104,1,2804.45,0.0,2804.45,1695.62,Concluída
289,2025-12-19,4,9,448,106,3,413.76,0.0,413.76,220.26,Concluída
290,2025-10-15,4,9,204,102,2,8087.66,0.0,8087.66,3783.66,Concluída
291,2025-12-07,5,12,761,114,2,881.9,0.0,881.9,542.46,Concluída
292,2025-08-23,5,11,886,106,1,137.92,20.69,117.23,73.42,Concluída
293,2025-09-24,3,5,966,114,3,1322.85,0.0,1322.85,813.69,Concluída
294,2025-10-24,1,13,764,104,1,2804.45,0.0,2804.45,1695.62,Concluída
295,2025-07-13,1,13,976,104,4,11217.8,0.0,11217.8,6782.48,Concluída
296,2025-07-06,1,13,515,114,3,1322.85,66.14,1256.71,813.69,Concluída
297,2025-08-22,2,2,361,114,1,440.95,0.0,440.95,271.23,Concluída
298,2025-02-28,5,11,439,106,1,137.92,0.0,137.92,73.42,Concluída
299,2025-07-15,1,13,650,105,2,2694.2,269.42,2424.78,1716.04,Cancelada
300,2025-02-20,5,10,92,111,1,3133.63,313.36,2820.27,1612.76,Concluída
301,2025-11-16,5,10,649,108,1,424.26,21.21,403.05,191.74,Concluída
302,2025-08-04,1,13,565,107,1,143.03,14.3,128.73,89.63,Cancelada
303,2025-06-29,5,11,423,115,2,1034.26,51.71,982.55,582.88,Concluída
304,2025-01-04,5,10,520,105,1,1347.1,67.36,1279.74,858.02,Concluída
305,2025-08-01,3,4,922,115,1,517.13,0.0,517.13,291.44,Concluída
306,2025-07-11,4,9,840,112,1,2629.26,0.0,2629.26,1399.55,Cancelada
307,2025-08-09,1,13,198,110,2,306.7,15.34,291.36,153.64,Concluída
308,2025-10-23,2,3,400,112,1,2629.26,262.93,2366.33,1399.55,Concluída
309,2025-08-12,1,13,517,102,2,8087.66,404.38,7683.28,3783.66,Concluída
310,2025-11-18,5,12,163,106,1,137.92,0.0,137.92,73.42,Concluída
311,2025-11-18,4,7,29,110,2,306.7,30.67,276.03,153.64,Concluída
312,2025-07-15,1,13,465,111,2,6267.26,0.0,6267.26,3225.52,Concluída
313,2025-04-24,1,13,744,113,2,1289.96,0.0,1289.96,762.48,Concluída
314,2025-01-27,1,13,643,101,2,6353.38,0.0,6353.38,4009.5,Concluída
315,2025-08-24,5,10,110,103,1,207.74,20.77,186.97,133.24,Concluída
316,2025-09-11,4,7,401,102,1,4043.83,0.0,4043.83,1891.83,Concluída
317,2025-11-17,1,13,385,115,1,517.13,51.71,465.42,291.44,Concluída
318,2025-04-03,1,13,676,110,2,306.7,30.67,276.03,153.64,Concluída
319,2025-06-25,5,11,629,110,1,153.35,0.0,153.35,76.82,Concluída
320,2025-03-04,1,13,549,101,1,3176.69,158.83,3017.86,2004.75,Concluída
321,2025-07-06,1,13,31,106,1,137.92,0.0,137.92,73.42,Concluída
322,2025-03-06,1,13,205,102,1,4043.83,0.0,4043.83,1891.83,Concluída
323,2025-09-11,2,2,945,104,1,2804.45,0.0,2804.45,1695.62,Concluída
324,2025-05-24,5,10,598,113,2,1289.96,0.0,1289.96,762.48,Concluída
325,2025-09-07,2,2,434,110,2,306.7,15.34,291.36,153.64,Concluída
326,2025-11-07,1,13,581,106,1,137.92,0.0,137.92,73.42,Concluída
327,2025-03-27,5,12,260,110,1,153.35,0.0,153.35,76.82,Concluída
328,2025-09-29,1,13,118,103,2,415.48,0.0,415.48,266.48,Concluída
329,2025-05-06,1,13,381,103,2,415.48,0.0,415.48,266.48,Concluída
330,2025-01-06,3,4,477,110,2,306.7,30.67,276.03,153.64,Concluída
331,2025-07-17,1,13,540,104,1,2804.45,0.0,2804.45,1695.62,Concluída
332,2025-12-10,1,13,699,113,1,644.98,32.25,612.73,381.24,Concluída
333,2025-01-26,4,8,48,105,1,1347.1,0.0,1347.1,858.02,Concluída
334,2025-06-17,3,4,591,101,1,3176.69,0.0,3176.69,2004.75,Concluída
335,2025-01-03,5,11,135,114,4,1763.8,0.0,1763.8,1084.92,Concluída
336,2025-09-28,1,13,72,108,1,424.26,21.21,403.05,191.74,Concluída
337,2025-05-21,1,13,410,102,1,4043.83,0.0,4043.83,1891.83,Concluída
338,2025-07-21,1,13,506,114,2,881.9,88.19,793.71,542.46,Concluída
339,2025-11-13,1,13,49,114,1,440.95,0.0,440.95,271.23,Concluída
340,2025-12-19,3,4,175,102,1,4043.83,404.38,3639.45,1891.83,Concluída
341,2025-10-03,5,12,889,101,1,3176.69,158.83,3017.86,2004.75,Concluída
342,2025-06-05,1,13,705,110,2,306.7,0.0,306.7,153.64,Concluída
343,2025-03-12,3,4,130,106,3,413.76,20.69,393.07,220.26,Concluída
344,2025-07-31,3,6,126,109,1,438.81,0.0,438.81,291.96,Concluída
345,2025-05-24,1,13,232,102,1,4043.83,0.0,4043.83,1891.83,Concluída
346,2025-10-13,4,7,676,111,2,6267.26,0.0,6267.26,3225.52,Concluída
347,2025-09-11,1,13,687,104,1,2804.45,0.0,2804.45,1695.62,Concluída
348,2025-06-24,1,13,779,105,2,2694.2,134.71,2559.49,1716.04,Concluída
349,2025-02-24,5,10,939,106,1,137.92,0.0,137.92,73.42,Concluída
350,2025-04-14,4,7,71,105,1,1347.1,67.36,1279.74,858.02,Cancelada
351,2025-10-23,3,4,473,115,1,517.13,0.0,517.13,291.44,Concluída
352,2025-08-24,1,13,488,111,1,3133.63,0.0,3133.63,1612.76,Concluída
353,2025-10-09,1,13,218,103,1,207.74,0.0,207.74,133.24,Concluída
354,2025-08-14,1,13,51,111,1,3133.63,313.36,2820.27,1612.76,Concluída
355,2025-04-07,2,3,283,109,2,877.62,0.0,877.62,583.92,Concluída
356,2025-01-26,3,4,225,102,1,4043.83,0.0,4043.83,1891.83,Concluída
357,2025-02-03,2,2,232,115,2,1034.26,51.71,982.55,582.88,Concluída
358,2025-02-21,1,13,508,104,1,2804.45,0.0,2804.45,1695.62,Concluída
359,2025-12-28,3,6,4,102,1,4043.83,404.38,3639.45,1891.83,Concluída
360,2025-06-06,4,9,245,103,1,207.74,0.0,207.74,133.24,Concluída
361,2025-08-22,1,13,683,108,1,424.26,0.0,424.26,191.74,Devolvida
362,2025-02-09,1,13,609,106,4,551.68,0.0,551.68,293.68,Concluída
363,2025-05-07,2,1,839,101,1,3176.69,476.5,2700.19,2004.75,Concluída
364,2025-09-26,2,1,794,102,1,4043.83,202.19,3841.64,1891.83,Concluída
365,2025-09-09,3,6,264,111,1,3133.63,0.0,3133.63,1612.76,Concluída
366,2025-06-30,1,13,913,109,2,877.62,87.76,789.86,583.92,Cancelada
367,2025-11-02,2,2,703,109,2,877.62,0.0,877.62,583.92,Devolvida
368,2025-04-23,3,4,366,108,1,424.26,0.0,424.26,191.74,Concluída
369,2025-08-09,1,13,199,115,4,2068.52,0.0,2068.52,1165.76,Devolvida
370,2025-11-17,3,5,982,115,1,517.13,0.0,517.13,291.44,Concluída
371,2025-06-19,1,13,968,105,1,1347.1,0.0,1347.1,858.02,Concluída
372,2025-06-25,4,7,444,113,1,644.98,96.75,548.23,381.24,Concluída
373,2025-05-28,1,13,511,115,2,1034.26,0.0,1034.26,582.88,Concluída
374,2025-05-29,3,6,167,105,1,1347.1,0.0,1347.1,858.02,Concluída
375,2025-08-21,1,13,846,110,1,153.35,0.0,153.35,76.82,Concluída
376,2025-06-30,3,4,52,105,1,1347.1,134.71,1212.39,858.02,Concluída
377,2025-09-15,3,6,159,102,2,8087.66,0.0,8087.66,3783.66,Concluída
378,2025-08-10,3,4,298,104,1,2804.45,280.44,2524.01,1695.62,Concluída
379,2025-12-14,3,5,409,115,1,517.13,0.0,517.13,291.44,Concluída
380,2025-06-09,1,13,696,115,1,517.13,0.0,517.13,291.44,Concluída
381,2025-04-13,1,13,568,104,1,2804.45,0.0,2804.45,1695.62,Concluída
382,2025-11-18,2,1,385,113,3,1934.94,0.0,1934.94,1143.72,Concluída
383,2025-08-15,3,6,958,111,2,6267.26,0.0,6267.26,3225.52,Concluída
384,2025-08-04,5,11,29,115,1,517.13,77.57,439.56,291.44,Concluída
385,2025-03-13,3,5,806,104,1,2804.45,0.0,2804.45,1695.62,Concluída
386,2025-10-17,4,7,774,114,1,440.95,0.0,440.95,271.23,Concluída
387,2025-09-23,2,1,87,101,1,3176.69,476.5,2700.19,2004.75,Concluída
388,2025-11-01,1,13,580,108,2,848.52,84.85,763.67,383.48,Concluída
389,2025-10-27,3,6,735,101,2,6353.38,0.0,6353.38,4009.5,Concluída
390,2025-09-11,1,13,309,111,1,3133.63,470.04,2663.59,1612.76,Concluída
391,2025-09-06,3,4,118,102,1,4043.83,0.0,4043.83,1891.83,Concluída
392,2025-02-19,1,13,486,101,2,6353.38,0.0,6353.38,4009.5,Concluída
393,2025-03-04,1,13,189,114,1,440.95,22.05,418.9,271.23,Concluída
394,2025-11-10,3,6,632,102,1,4043.83,0.0,4043.83,1891.83,Concluída
395,2025-12-03,1,13,488,108,1,424.26,21.21,403.05,191.74,Cancelada
396,2025-09-10,1,13,401,107,2,286.06,0.0,286.06,179.26,Concluída
397,2025-08-06,1,13,469,102,1,4043.83,0.0,4043.83,1891.83,Concluída
398,2025-11-27,3,6,635,108,1,424.26,42.43,381.83,191.74,Devolvida
399,2025-08-28,5,11,284,101,5,15883.45,0.0,15883.45,10023.75,Concluída
400,2025-09-15,1,13,526,102,1,4043.83,0.0,4043.83,1891.83,Concluída
401,2025-10-16,1,13,286,113,2,1289.96,0.0,1289.96,762.48,Concluída
402,2025-11-27,2,2,621,111,1,3133.63,156.68,2976.95,1612.76,Concluída
403,2025-12-04,2,1,715,106,1,137.92,0.0,137.92,73.42,Concluída
404,2025-07-26,1,13,873,112,1,2629.26,0.0,2629.26,1399.55,Concluída
405,2025-12-14,2,1,791,113,3,1934.94,96.75,1838.19,1143.72,Concluída
406,2025-03-31,3,5,774,107,3,429.09,0.0,429.09,268.89,Concluída
407,2025-01-20,4,7,453,113,1,644.98,0.0,644.98,381.24,Concluída
408,2025-03-31,1,13,387,103,5,1038.7,0.0,1038.7,666.2,Concluída
409,2025-05-10,2,3,293,104,1,2804.45,0.0,2804.45,1695.62,Concluída
410,2025-04-09,1,13,645,111,1,3133.63,0.0,3133.63,1612.76,Concluída
411,2025-01-03,1,13,582,109,3,1316.43,0.0,1316.43,875.88,Concluída
412,2025-11-25,2,1,853,104,1,2804.45,0.0,2804.45,1695.62,Concluída
413,2025-11-13,5,10,821,102,1,4043.83,0.0,4043.83,1891.83,Concluída
414,2025-10-19,1,13,104,102,1,4043.83,0.0,4043.83,1891.83,Concluída
415,2025-01-12,1,13,945,114,1,440.95,22.05,418.9,271.23,Concluída
416,2025-03-22,5,10,548,110,1,153.35,0.0,153.35,76.82,Concluída
417,2025-06-09,1,13,560,112,3,7887.78,0.0,7887.78,4198.65,Cancelada
418,2025-05-15,3,4,347,107,1,143.03,0.0,143.03,89.63,Concluída
419,2025-03-13,1,13,947,113,2,1289.96,129.0,1160.96,762.48,Concluída
420,2025-02-07,4,9,927,110,2,306.7,15.34,291.36,153.64,Concluída
421,2025-02-06,5,12,758,110,3,460.05,46.01,414.04,230.46,Concluída
422,2025-03-08,1,13,107,101,1,3176.69,0.0,3176.69,2004.75,Concluída
423,2025-09-02,1,13,22,115,1,517.13,25.86,491.27,291.44,Concluída
424,2025-10-01,3,5,699,111,2,6267.26,0.0,6267.26,3225.52,Concluída
425,2025-07-13,3,5,719,107,1,143.03,0.0,143.03,89.63,Concluída
426,2025-11-12,5,11,361,104,1,2804.45,280.44,2524.01,1695.62,Concluída
427,2025-02-17,3,4,423,112,2,5258.52,262.93,4995.59,2799.1,Concluída
428,2025-01-24,5,10,895,112,1,2629.26,0.0,2629.26,1399.55,Concluída
429,2025-08-13,1,13,322,106,2,275.84,27.58,248.26,146.84,Devolvida
430,2025-03-08,3,5,674,102,2,8087.66,0.0,8087.66,3783.66,Cancelada
431,2025-04-16,2,3,833,106,3,413.76,41.38,372.38,220.26,Concluída
432,2025-06-04,5,12,300,114,2,881.9,0.0,881.9,542.46,Concluída
433,2025-12-24,2,1,56,106,3,413.76,20.69,393.07,220.26,Concluída
434,2025-05-24,1,13,862,109,1,438.81,21.94,416.87,291.96,Concluída
435,2025-07-10,3,4,37,104,2,5608.9,0.0,5608.9,3391.24,Concluída
436,2025-02-28,1,13,277,105,1,1347.1,0.0,1347.1,858.02,Devolvida
437,2025-01-31,1,13,508,101,3,9530.07,0.0,9530.07,6014.25,Concluída
438,2025-04-16,1,13,546,101,2,6353.38,0.0,6353.38,4009.5,Concluída
439,2025-01-14,5,11,945,114,3,1322.85,66.14,1256.71,813.69,Concluída
440,2025-01-15,1,13,887,107,2,286.06,28.61,257.45,179.26,Concluída
441,2025-02-25,2,3,955,111,1,3133.63,470.04,2663.59,1612.76,Concluída
442,2025-08-06,2,3,788,109,1,438.81,65.82,372.99,291.96,Concluída
443,2025-05-02,1,13,288,113,2,1289.96,0.0,1289.96,762.48,Devolvida
444,2025-10-05,1,13,40,110,1,153.35,0.0,153.35,76.82,Concluída
445,2025-12-01,4,9,13,102,1,4043.83,202.19,3841.64,1891.83,Concluída
446,2025-04-02,2,1,451,101,1,3176.69,476.5,2700.19,2004.75,Concluída
447,2025-10-12,1,13,594,102,1,4043.83,0.0,4043.83,1891.83,Concluída
448,2025-02-02,2,2,785,113,1,644.98,64.5,580.48,381.24,Concluída
449,2025-11-19,1,13,239,102,2,8087.66,0.0,8087.66,3783.66,Concluída
450,2025-08-14,2,1,567,112,1,2629.26,394.39,2234.87,1399.55,Devolvida
451,2025-05-12,1,13,554,112,1,2629.26,0.0,2629.26,1399.55,Concluída
452,2025-09-17,2,3,80,104,1,2804.45,0.0,2804.45,1695.62,Concluída
453,2025-12-15,2,3,437,115,1,517.13,0.0,517.13,291.44,Concluída
454,2025-07-04,1,13,919,111,1,3133.63,313.36,2820.27,1612.76,Concluída
455,2025-01-16,1,13,298,115,1,517.13,0.0,517.13,291.44,Concluída
456,2025-04-19,4,9,733,113,2,1289.96,64.5,1225.46,762.48,Concluída
457,2025-04-21,1,13,673,112,1,2629.26,131.46,2497.8,1399.55,Concluída
458,2025-02-09,5,10,579,109,5,2194.05,0.0,2194.05,1459.8,Concluída
459,2025-10-03,3,6,818,101,2,6353.38,317.67,6035.71,4009.5,Concluída
460,2025-06-12,1,13,933,104,1,2804.45,140.22,2664.23,1695.62,Devolvida
461,2025-04-29,2,3,996,102,2,8087.66,0.0,8087.66,3783.66,Cancelada
462,2025-07-29,1,13,574,109,1,438.81,0.0,438.81,291.96,Concluída
463,2025-04-28,2,2,236,110,2,306.7,46.0,260.7,153.64,Cancelada
464,2025-05-06,4,8,691,110,2,306.7,0.0,306.7,153.64,Concluída
465,2025-06-24,1,13,419,107,1,143.03,0.0,143.03,89.63,Concluída
466,2025-04-12,5,11,16,103,1,207.74,0.0,207.74,133.24,Concluída
467,2025-08-29,4,7,891,101,2,6353.38,0.0,6353.38,4009.5,Concluída
468,2025-02-07,1,13,926,107,1,143.03,0.0,143.03,89.63,Concluída
469,2025-12-31,1,13,919,114,3,1322.85,0.0,1322.85,813.69,Concluída
470,2025-01-24,1,13,973,108,3,1272.78,0.0,1272.78,575.22,Concluída
471,2025-08-12,1,13,717,103,2,415.48,20.77,394.71,266.48,Concluída
472,2025-09-18,1,13,608,110,1,153.35,0.0,153.35,76.82,Concluída
473,2025-08-13,1,13,968,113,1,644.98,0.0,644.98,381.24,Concluída
474,2025-10-16,2,3,594,109,2,877.62,0.0,877.62,583.92,Concluída
475,2025-06-13,4,7,43,114,3,1322.85,132.28,1190.57,813.69,Concluída
476,2025-08-09,2,3,901,110,1,153.35,0.0,153.35,76.82,Concluída
477,2025-05-28,1,13,230,115,1,517.13,51.71,465.42,291.44,Concluída
478,2025-11-07,4,7,683,105,1,1347.1,0.0,1347.1,858.02,Concluída
479,2025-03-28,1,13,983,115,1,517.13,25.86,491.27,291.44,Concluída
480,2025-01-14,1,13,965,110,1,153.35,0.0,153.35,76.82,Concluída
481,2025-08-21,1,13,734,112,3,7887.78,0.0,7887.78,4198.65,Concluída
482,2025-09-10,1,13,286,112,2,5258.52,788.78,4469.74,2799.1,Concluída
483,2025-04-24,3,5,161,109,1,438.81,0.0,438.81,291.96,Concluída
484,2025-12-11,4,9,705,106,3,413.76,0.0,413.76,220.26,Concluída
485,2025-12-28,4,8,195,114,1,440.95,22.05,418.9,271.23,Concluída
486,2025-11-21,3,4,141,110,1,153.35,15.34,138.01,76.82,Concluída
487,2025-05-16,2,2,834,103,2,415.48,0.0,415.48,266.48,Concluída
488,2025-02-15,5,12,768,104,1,2804.45,0.0,2804.45,1695.62,Concluída
489,2025-04-17,3,4,429,112,1,2629.26,0.0,2629.26,1399.55,Concluída
490,2025-11-23,1,13,899,105,2,2694.2,269.42,2424.78,1716.04,Concluída
491,2025-09-08,4,8,613,106,1,137.92,0.0,137.92,73.42,Concluída
492,2025-05-28,2,2,334,104,2,5608.9,0.0,5608.9,3391.24,Concluída
493,2025-06-13,3,5,714,107,2,286.06,14.3,271.76,179.26,Concluída
494,2025-09-08,3,6,241,101,1,3176.69,0.0,3176.69,2004.75,Concluída
495,2025-07-29,1,13,268,111,1,3133.63,0.0,3133.63,1612.76,Concluída
496,2025-07-24,1,13,275,108,2,848.52,0.0,848.52,383.48,Concluída
497,2025-06-07,2,1,587,115,1,517.13,0.0,517.13,291.44,Concluída
498,2025-11-11,3,4,620,109,1,438.81,21.94,416.87,291.96,Concluída
499,2025-02-16,4,8,935,106,2,275.84,0.0,275.84,146.84,Concluída
500,2025-09-23,1,13,161,114,1,440.95,44.09,396.86,271.23,Concluída
501,2025-03-24,5,11,424,104,1,2804.45,0.0,2804.45,1695.62,Concluída
502,2025-01-11,4,9,105,109,1,438.81,0.0,438.81,291.96,Concluída
503,2025-06-04,1,13,35,105,2,2694.2,134.71,2559.49,1716.04,Concluída
504,2025-07-25,1,13,883,102,1,4043.83,0.0,4043.83,1891.83,Concluída
505,2025-08-01,1,13,98,112,1,2629.26,0.0,2629.26,1399.55,Concluída
506,2025-06-09,4,8,525,112,1,2629.26,0.0,2629.26,1399.55,Concluída
507,2025-05-16,5,12,483,107,1,143.03,0.0,143.03,89.63,Devolvida
508,2025-10-15,1,13,930,112,1,2629.26,0.0,2629.26,1399.55,Concluída
509,2025-09-12,3,5,782,109,2,877.62,0.0,877.62,583.92,Concluída
510,2025-01-13,1,13,458,106,1,137.92,0.0,137.92,73.42,Concluída
511,2025-03-15,4,7,98,109,1,438.81,43.88,394.93,291.96,Concluída
512,2025-05-08,1,13,632,114,1,440.95,22.05,418.9,271.23,Concluída
513,2025-04-30,1,13,259,107,1,143.03,0.0,143.03,89.63,Concluída
514,2025-06-14,3,6,417,114,1,440.95,22.05,418.9,271.23,Concluída
515,2025-09-08,2,2,983,111,1,3133.63,0.0,3133.63,1612.76,Concluída
516,2025-10-12,4,9,84,115,1,517.13,25.86,491.27,291.44,Concluída
517,2025-01-07,1,13,171,104,1,2804.45,420.67,2383.78,1695.62,Concluída
518,2025-08-06,2,3,823,109,1,438.81,21.94,416.87,291.96,Concluída
519,2025-07-24,1,13,446,105,2,2694.2,269.42,2424.78,1716.04,Concluída
520,2025-06-15,3,5,578,111,1,3133.63,0.0,3133.63,1612.76,Concluída
521,2025-11-11,5,11,532,110,1,153.35,0.0,153.35,76.82,Cancelada
522,2025-03-11,1,13,11,106,1,137.92,0.0,137.92,73.42,Concluída
523,2025-01-03,1,13,205,112,1,2629.26,0.0,2629.26,1399.55,Concluída
524,2025-11-16,2,1,69,106,2,275.84,27.58,248.26,146.84,Concluída
525,2025-01-08,5,11,292,114,3,1322.85,0.0,1322.85,813.69,Concluída
526,2025-07-08,3,5,957,105,1,1347.1,0.0,1347.1,858.02,Concluída
527,2025-10-31,1,13,287,103,1,207.74,0.0,207.74,133.24,Concluída
528,2025-10-28,3,5,339,110,2,306.7,0.0,306.7,153.64,Concluída
529,2025-11-12,3,5,215,103,1,207.74,0.0,207.74,133.24,Concluída
530,2025-11-11,1,13,487,114,1,440.95,0.0,440.95,271.23,Devolvida
531,2025-03-12,2,2,436,111,1,3133.63,0.0,3133.63,1612.76,Concluída
532,2025-05-04,2,2,793,107,2,286.06,0.0,286.06,179.26,Concluída
533,2025-06-12,2,3,863,104,4,11217.8,1121.78,10096.02,6782.48,Concluída
534,2025-12-31,1,13,574,108,1,424.26,21.21,403.05,191.74,Concluída
535,2025-10-13,5,12,357,103,1,207.74,0.0,207.74,133.24,Concluída
536,2025-12-10,1,13,219,110,1,153.35,23.0,130.35,76.82,Cancelada
537,2025-07-15,1,13,201,108,1,424.26,0.0,424.26,191.74,Concluída
538,2025-06-18,1,13,938,105,1,1347.1,0.0,1347.1,858.02,Concluída
539,2025-11-28,1,13,408,101,5,15883.45,794.17,15089.28,10023.75,Concluída
540,2025-01-30,5,10,884,112,3,7887.78,1183.17,6704.61,4198.65,Concluída
541,2025-09-09,1,13,40,106,1,137.92,13.79,124.13,73.42,Concluída
542,2025-04-01,4,7,85,107,2,286.06,0.0,286.06,179.26,Concluída
543,2025-12-30,1,13,879,109,1,438.81,43.88,394.93,291.96,Concluída
544,2025-01-09,1,13,920,112,1,2629.26,394.39,2234.87,1399.55,Concluída
545,2025-07-07,2,3,413,107,2,286.06,14.3,271.76,179.26,Concluída
546,2025-09-14,1,13,86,103,1,207.74,0.0,207.74,133.24,Concluída
547,2025-09-16,2,3,765,114,2,881.9,0.0,881.9,542.46,Concluída
548,2025-06-29,1,13,582,114,2,881.9,0.0,881.9,542.46,Concluída
549,2025-03-01,5,10,748,102,1,4043.83,0.0,4043.83,1891.83,Devolvida
550,2025-03-28,4,7,654,106,1,137.92,13.79,124.13,73.42,Cancelada
551,2025-06-07,4,9,966,115,3,1551.39,77.57,1473.82,874.32,Concluída
552,2025-06-08,1,13,183,105,1,1347.1,0.0,1347.1,858.02,Concluída
553,2025-04-07,1,13,182,105,1,1347.1,0.0,1347.1,858.02,Concluída
554,2025-07-01,2,2,791,111,1,3133.63,156.68,2976.95,1612.76,Concluída
555,2025-03-29,1,13,160,109,1,438.81,65.82,372.99,291.96,Concluída
556,2025-11-27,4,8,213,106,2,275.84,0.0,275.84,146.84,Concluída
557,2025-05-18,1,13,265,104,1,2804.45,0.0,2804.45,1695.62,Concluída
558,2025-12-04,3,5,144,108,1,424.26,0.0,424.26,191.74,Concluída
559,2025-10-29,5,11,719,102,2,8087.66,808.77,7278.89,3783.66,Concluída
560,2025-08-04,2,2,664,115,1,517.13,51.71,465.42,291.44,Concluída
561,2025-08-28,2,1,450,113,2,1289.96,0.0,1289.96,762.48,Concluída
562,2025-07-24,2,1,259,112,1,2629.26,0.0,2629.26,1399.55,Concluída
563,2025-06-03,1,13,782,115,3,1551.39,0.0,1551.39,874.32,Concluída
564,2025-05-18,5,11,608,101,1,3176.69,0.0,3176.69,2004.75,Concluída
565,2025-11-02,5,12,204,110,2,306.7,0.0,306.7,153.64,Concluída
566,2025-01-28,5,11,812,113,1,644.98,0.0,644.98,381.24,Concluída
567,2025-08-24,1,13,206,115,1,517.13,0.0,517.13,291.44,Concluída
568,2025-04-15,2,3,251,103,2,415.48,20.77,394.71,266.48,Concluída
569,2025-09-02,1,13,483,109,2,877.62,43.88,833.74,583.92,Cancelada
570,2025-12-09,1,13,724,104,2,5608.9,0.0,5608.9,3391.24,Concluída
571,2025-03-10,1,13,920,105,2,2694.2,134.71,2559.49,1716.04,Concluída
572,2025-07-21,2,2,501,111,2,6267.26,0.0,6267.26,3225.52,Concluída
573,2025-11-08,1,13,378,106,1,137.92,6.9,131.02,73.42,Concluída
574,2025-07-23,5,12,236,103,1,207.74,0.0,207.74,133.24,Concluída
575,2025-02-17,1,13,436,103,1,207.74,0.0,207.74,133.24,Concluída
576,2025-01-18,1,13,184,103,1,207.74,0.0,207.74,133.24,Concluída
577,2025-02-12,1,13,672,114,1,440.95,22.05,418.9,271.23,Concluída
578,2025-03-07,2,2,703,108,1,424.26,21.21,403.05,191.74,Concluída
579,2025-08-05,4,8,436,105,2,2694.2,0.0,2694.2,1716.04,Concluída
580,2025-08-19,2,2,730,106,2,275.84,41.38,234.46,146.84,Concluída
581,2025-04-02,5,12,778,107,3,429.09,0.0,429.09,268.89,Concluída
582,2025-12-29,3,4,528,114,2,881.9,88.19,793.71,542.46,Concluída
583,2025-08-26,1,13,889,108,1,424.26,0.0,424.26,191.74,Concluída
584,2025-07-09,1,13,692,105,2,2694.2,0.0,2694.2,1716.04,Concluída
585,2025-05-31,1,13,458,106,1,137.92,0.0,137.92,73.42,Concluída
586,2025-01-19,2,2,255,103,1,207.74,0.0,207.74,133.24,Concluída
587,2025-11-21,2,2,354,108,2,848.52,0.0,848.52,383.48,Concluída
588,2025-09-26,2,1,79,106,1,137.92,0.0,137.92,73.42,Devolvida
589,2025-11-23,4,7,392,109,5,2194.05,0.0,2194.05,1459.8,Cancelada
590,2025-06-04,2,1,189,112,1,2629.26,131.46,2497.8,1399.55,Concluída
591,2025-08-10,5,10,585,105,5,6735.5,0.0,6735.5,4290.1,Concluída
592,2025-05-05,3,4,384,110,1,153.35,7.67,145.68,76.82,Concluída
593,2025-12-19,4,8,514,111,1,3133.63,0.0,3133.63,1612.76,Concluída
594,2025-05-26,1,13,213,101,2,6353.38,317.67,6035.71,4009.5,Concluída
595,2025-08-25,3,6,326,102,1,4043.83,0.0,4043.83,1891.83,Concluída
596,2025-02-02,3,6,730,110,2,306.7,0.0,306.7,153.64,Concluída
597,2025-06-18,2,2,953,109,1,438.81,0.0,438.81,291.96,Concluída
598,2025-08-16,1,13,216,109,2,877.62,43.88,833.74,583.92,Concluída
599,2025-01-17,3,6,991,102,2,8087.66,0.0,8087.66,3783.66,Concluída
600,2025-04-17,4,9,379,105,1,1347.1,0.0,1347.1,858.02,Concluída
601,2025-01-16,1,13,640,106,1,137.92,0.0,137.92,73.42,Concluída
602,2025-05-26,2,2,241,107,3,429.09,0.0,429.09,268.89,Concluída
603,2025-03-05,1,13,217,102,1,4043.83,0.0,4043.83,1891.83,Concluída
604,2025-07-25,2,2,770,104,1,2804.45,0.0,2804.45,1695.62,Concluída
605,2025-07-05,3,6,906,111,4,12534.52,626.73,11907.79,6451.04,Concluída
606,2025-10-02,2,1,880,107,1,143.03,0.0,143.03,89.63,Concluída
607,2025-08-19,1,13,410,105,1,1347.1,67.36,1279.74,858.02,Concluída
608,2025-12-02,1,13,393,110,2,306.7,46.0,260.7,153.64,Concluída
609,2025-11-22,1,13,142,110,2,306.7,46.0,260.7,153.64,Concluída
610,2025-07-29,5,11,625,104,1,2804.45,0.0,2804.45,1695.62,Concluída
611,2025-07-09,1,13,566,109,3,1316.43,131.64,1184.79,875.88,Concluída
612,2025-07-08,3,4,180,108,3,1272.78,127.28,1145.5,575.22,Concluída
613,2025-05-31,1,13,212,110,1,153.35,0.0,153.35,76.82,Concluída
614,2025-05-04,4,8,513,111,1,3133.63,0.0,3133.63,1612.76,Concluída
615,2025-03-23,1,13,8,112,1,2629.26,131.46,2497.8,1399.55,Concluída
616,2025-08-29,4,7,802,107,4,572.12,57.21,514.91,358.52,Concluída
617,2025-11-07,3,6,732,101,1,3176.69,158.83,3017.86,2004.75,Concluída
618,2025-07-23,4,9,788,101,1,3176.69,158.83,3017.86,2004.75,Concluída
619,2025-11-29,2,1,107,103,2,415.48,20.77,394.71,266.48,Concluída
620,2025-02-27,3,5,423,111,1,3133.63,313.36,2820.27,1612.76,Concluída
621,2025-04-18,1,13,658,112,1,2629.26,262.93,2366.33,1399.55,Concluída
622,2025-05-06,4,8,303,112,1,2629.26,131.46,2497.8,1399.55,Concluída
623,2025-10-18,1,13,780,103,1,207.74,0.0,207.74,133.24,Concluída
624,2025-07-09,2,3,299,105,3,4041.3,0.0,4041.3,2574.06,Concluída
625,2025-09-01,3,6,302,103,2,415.48,20.77,394.71,266.48,Concluída
626,2025-05-30,4,8,653,104,1,2804.45,0.0,2804.45,1695.62,Concluída
627,2025-10-27,1,13,739,109,2,877.62,131.64,745.98,583.92,Concluída
628,2025-11-13,5,11,660,103,1,207.74,0.0,207.74,133.24,Concluída
629,2025-07-13,4,8,664,103,3,623.22,0.0,623.22,399.72,Concluída
630,2025-07-14,1,13,351,104,1,2804.45,0.0,2804.45,1695.62,Concluída
631,2025-03-03,3,5,511,108,1,424.26,0.0,424.26,191.74,Concluída
632,2025-09-26,5,12,208,106,2,275.84,0.0,275.84,146.84,Concluída
633,2025-06-18,2,2,567,109,2,877.62,0.0,877.62,583.92,Concluída
634,2025-01-29,2,3,254,104,1,2804.45,140.22,2664.23,1695.62,Concluída
635,2025-11-30,4,7,707,112,1,2629.26,0.0,2629.26,1399.55,Concluída
636,2025-10-10,1,13,751,114,3,1322.85,132.28,1190.57,813.69,Concluída
637,2025-06-05,1,13,250,110,2,306.7,0.0,306.7,153.64,Concluída
638,2025-01-27,1,13,202,108,1,424.26,0.0,424.26,191.74,Concluída
639,2025-10-05,3,6,499,105,1,1347.1,0.0,1347.1,858.02,Concluída
640,2025-02-27,3,5,797,111,1,3133.63,156.68,2976.95,1612.76,Concluída
641,2025-08-22,5,11,773,107,2,286.06,0.0,286.06,179.26,Concluída
642,2025-09-17,2,2,975,111,1,3133.63,313.36,2820.27,1612.76,Concluída
643,2025-05-21,3,6,317,111,1,3133.63,470.04,2663.59,1612.76,Cancelada
644,2025-09-07,1,13,508,103,1,207.74,10.39,197.35,133.24,Concluída
645,2025-02-18,5,11,351,111,2,6267.26,313.36,5953.9,3225.52,Concluída
646,2025-02-25,4,7,315,109,1,438.81,21.94,416.87,291.96,Concluída
647,2025-12-17,1,13,585,111,1,3133.63,0.0,3133.63,1612.76,Concluída
648,2025-03-29,4,9,679,103,1,207.74,0.0,207.74,133.24,Concluída
649,2025-11-01,4,9,276,104,3,8413.35,0.0,8413.35,5086.86,Concluída
650,2025-06-05,1,13,342,112,1,2629.26,131.46,2497.8,1399.55,Concluída
651,2025-08-06,2,2,6,113,3,1934.94,0.0,1934.94,1143.72,Concluída
652,2025-11-27,4,8,786,105,1,1347.1,67.36,1279.74,858.02,Concluída
653,2025-05-12,1,13,25,106,1,137.92,0.0,137.92,73.42,Concluída
654,2025-04-13,4,9,516,108,3,1272.78,0.0,1272.78,575.22,Concluída
655,2025-06-16,3,6,608,108,4,1697.04,169.7,1527.34,766.96,Concluída
656,2025-07-19,3,6,499,104,1,2804.45,0.0,2804.45,1695.62,Concluída
657,2025-02-21,1,13,283,109,1,438.81,43.88,394.93,291.96,Concluída
658,2025-03-10,5,10,333,113,2,1289.96,64.5,1225.46,762.48,Concluída
659,2025-10-29,1,13,576,102,1,4043.83,0.0,4043.83,1891.83,Concluída
660,2025-12-05,1,13,707,101,1,3176.69,158.83,3017.86,2004.75,Concluída
661,2025-12-25,3,5,981,114,1,440.95,22.05,418.9,271.23,Concluída
662,2025-04-20,1,13,234,108,1,424.26,0.0,424.26,191.74,Devolvida
663,2025-05-13,1,13,144,102,2,8087.66,0.0,8087.66,3783.66,Concluída
664,2025-01-25,4,7,935,109,1,438.81,0.0,438.81,291.96,Devolvida
665,2025-09-16,4,8,810,109,1,438.81,0.0,438.81,291.96,Concluída
666,2025-02-08,2,3,800,102,1,4043.83,202.19,3841.64,1891.83,Concluída
667,2025-02-14,2,2,625,111,5,15668.15,783.41,14884.74,8063.8,Concluída
668,2025-08-09,4,8,463,115,3,1551.39,77.57,1473.82,874.32,Concluída
669,2025-02-07,1,13,465,109,2,877.62,43.88,833.74,583.92,Cancelada
670,2025-01-11,2,2,7,110,2,306.7,0.0,306.7,153.64,Concluída
671,2025-08-07,1,13,599,111,2,6267.26,0.0,6267.26,3225.52,Concluída
672,2025-04-13,4,9,948,106,3,413.76,20.69,393.07,220.26,Concluída
673,2025-04-07,4,7,316,103,1,207.74,0.0,207.74,133.24,Cancelada
674,2025-01-21,4,9,357,102,1,4043.83,0.0,4043.83,1891.83,Concluída
675,2025-04-17,1,13,435,105,1,1347.1,134.71,1212.39,858.02,Concluída
676,2025-01-14,1,13,127,114,3,1322.85,0.0,1322.85,813.69,Concluída
677,2025-04-17,1,13,450,107,1,143.03,7.15,135.88,89.63,Concluída
678,2025-03-05,1,13,519,115,1,517.13,0.0,517.13,291.44,Concluída
679,2025-04-18,1,13,759,110,1,153.35,23.0,130.35,76.82,Concluída
680,2025-04-18,5,12,369,108,1,424.26,0.0,424.26,191.74,Concluída
681,2025-01-04,1,13,410,114,1,440.95,0.0,440.95,271.23,Concluída
682,2025-02-03,2,3,308,104,5,14022.25,0.0,14022.25,8478.1,Concluída
683,2025-07-19,4,7,975,105,2,2694.2,269.42,2424.78,1716.04,Concluída
684,2025-05-08,1,13,132,109,1,438.81,21.94,416.87,291.96,Concluída
685,2025-02-01,3,4,888,112,2,5258.52,0.0,5258.52,2799.1,Concluída
686,2025-03-22,2,1,959,109,4,1755.24,87.76,1667.48,1167.84,Concluída
687,2025-04-03,1,13,806,103,1,207.74,0.0,207.74,133.24,Concluída
688,2025-07-11,5,11,637,106,1,137.92,0.0,137.92,73.42,Concluída
689,2025-08-29,1,13,936,107,1,143.03,0.0,143.03,89.63,Concluída
690,2025-09-26,1,13,16,106,3,413.76,0.0,413.76,220.26,Devolvida
691,2025-02-27,5,11,426,114,3,1322.85,0.0,1322.85,813.69,Concluída
692,2025-11-23,1,13,481,115,3,1551.39,0.0,1551.39,874.32,Concluída
693,2025-07-07,5,12,734,102,1,4043.83,202.19,3841.64,1891.83,Concluída
694,2025-04-11,1,13,825,103,1,207.74,0.0,207.74,133.24,Concluída
695,2025-07-26,1,13,256,104,1,2804.45,140.22,2664.23,1695.62,Concluída
696,2025-12-30,5,12,605,109,1,438.81,65.82,372.99,291.96,Concluída
697,2025-03-09,1,13,678,103,1,207.74,20.77,186.97,133.24,Concluída
698,2025-07-17,3,4,187,101,1,3176.69,0.0,3176.69,2004.75,Concluída
699,2025-03-24,1,13,586,108,1,424.26,0.0,424.26,191.74,Concluída
700,2025-10-23,2,1,465,110,1,153.35,0.0,153.35,76.82,Concluída
701,2025-12-02,4,8,346,115,1,517.13,0.0,517.13,291.44,Concluída
702,2025-10-09,2,1,685,114,1,440.95,0.0,440.95,271.23,Concluída
703,2025-07-07,2,1,988,109,1,438.81,0.0,438.81,291.96,Concluída
704,2025-02-26,1,13,130,114,1,440.95,0.0,440.95,271.23,Concluída
705,2025-02-12,5,12,187,107,2,286.06,28.61,257.45,179.26,Concluída
706,2025-03-14,4,7,795,101,1,3176.69,158.83,3017.86,2004.75,Concluída
707,2025-03-19,2,3,538,101,2,6353.38,0.0,6353.38,4009.5,Concluída
708,2025-09-29,1,13,103,111,1,3133.63,0.0,3133.63,1612.76,Concluída
709,2025-03-19,2,3,435,114,1,440.95,0.0,440.95,271.23,Devolvida
710,2025-07-25,1,13,916,108,1,424.26,0.0,424.26,191.74,Cancelada
711,2025-01-01,1,13,214,115,2,1034.26,0.0,1034.26,582.88,Concluída
712,2025-07-30,1,13,843,103,2,415.48,20.77,394.71,266.48,Cancelada
713,2025-05-05,1,13,662,107,1,143.03,0.0,143.03,89.63,Concluída
714,2025-02-06,1,13,144,115,1,517.13,25.86,491.27,291.44,Concluída
715,2025-12-11,1,13,146,111,1,3133.63,0.0,3133.63,1612.76,Concluída
716,2025-09-24,1,13,791,111,1,3133.63,0.0,3133.63,1612.76,Concluída
717,2025-03-05,2,3,466,103,1,207.74,31.16,176.58,133.24,Cancelada
718,2025-06-24,4,7,391,114,3,1322.85,0.0,1322.85,813.69,Concluída
719,2025-10-27,1,13,777,105,1,1347.1,0.0,1347.1,858.02,Devolvida
720,2025-11-05,5,11,248,114,2,881.9,0.0,881.9,542.46,Concluída
721,2025-08-10,2,3,108,114,2,881.9,44.09,837.81,542.46,Concluída
722,2025-05-09,3,5,430,111,2,6267.26,940.09,5327.17,3225.52,Concluída
723,2025-02-21,3,5,249,110,1,153.35,0.0,153.35,76.82,Concluída
724,2025-02-23,5,12,500,109,2,877.62,0.0,877.62,583.92,Concluída
725,2025-12-08,1,13,605,114,2,881.9,132.28,749.62,542.46,Concluída
726,2025-03-02,5,10,370,110,2,306.7,30.67,276.03,153.64,Concluída
727,2025-07-21,3,4,356,111,2,6267.26,626.73,5640.53,3225.52,Concluída
728,2025-09-25,1,13,833,113,2,1289.96,64.5,1225.46,762.48,Concluída
729,2025-01-14,1,13,25,111,3,9400.89,0.0,9400.89,4838.28,Cancelada
730,2025-01-15,3,5,368,114,2,881.9,0.0,881.9,542.46,Devolvida
731,2025-05-22,2,1,333,108,2,848.52,0.0,848.52,383.48,Concluída
732,2025-03-24,1,13,759,107,2,286.06,14.3,271.76,179.26,Concluída
733,2025-09-13,4,8,361,110,1,153.35,7.67,145.68,76.82,Devolvida
734,2025-06-12,4,7,937,112,1,2629.26,0.0,2629.26,1399.55,Concluída
735,2025-11-24,1,13,208,105,3,4041.3,0.0,4041.3,2574.06,Concluída
736,2025-08-13,5,10,983,103,1,207.74,0.0,207.74,133.24,Concluída
737,2025-09-17,3,6,304,113,1,644.98,0.0,644.98,381.24,Concluída
738,2025-02-08,1,13,729,110,3,460.05,23.0,437.05,230.46,Concluída
739,2025-03-16,3,6,363,107,1,143.03,0.0,143.03,89.63,Concluída
740,2025-05-31,3,4,332,104,1,2804.45,0.0,2804.45,1695.62,Concluída
741,2025-12-08,5,10,507,104,2,5608.9,841.33,4767.57,3391.24,Concluída
742,2025-04-26,2,1,149,101,1,3176.69,476.5,2700.19,2004.75,Concluída
743,2025-09-05,4,8,570,109,5,2194.05,0.0,2194.05,1459.8,Concluída
744,2025-09-23,3,6,590,115,3,1551.39,0.0,1551.39,874.32,Concluída
745,2025-07-06,4,8,442,106,1,137.92,13.79,124.13,73.42,Concluída
746,2025-10-04,1,13,330,114,2,881.9,44.09,837.81,542.46,Concluída
747,2025-10-24,1,13,549,106,1,137.92,6.9,131.02,73.42,Concluída
748,2025-06-28,3,6,1000,109,2,877.62,0.0,877.62,583.92,Concluída
749,2025-01-28,2,2,510,110,1,153.35,23.0,130.35,76.82,Concluída
750,2025-10-14,2,3,59,115,1,517.13,51.71,465.42,291.44,Concluída
751,2025-12-16,1,13,584,105,3,4041.3,202.07,3839.23,2574.06,Concluída
752,2025-09-09,2,1,406,104,2,5608.9,0.0,5608.9,3391.24,Concluída
753,2025-06-05,1,13,148,113,1,644.98,32.25,612.73,381.24,Concluída
754,2025-01-04,5,10,730,113,1,644.98,0.0,644.98,381.24,Devolvida
755,2025-11-11,1,13,748,103,2,415.48,0.0,415.48,266.48,Concluída
756,2025-04-02,4,7,665,115,1,517.13,0.0,517.13,291.44,Concluída
757,2025-07-26,2,3,397,113,1,644.98,32.25,612.73,381.24,Concluída
758,2025-06-25,1,13,364,103,2,415.48,41.55,373.93,266.48,Concluída
759,2025-04-05,1,13,233,106,5,689.6,0.0,689.6,367.1,Concluída
760,2025-02-18,2,1,901,110,1,153.35,0.0,153.35,76.82,Concluída
761,2025-02-18,1,13,5,106,1,137.92,0.0,137.92,73.42,Cancelada
762,2025-10-16,1,13,979,103,1,207.74,0.0,207.74,133.24,Concluída
763,2025-04-22,5,10,894,111,3,9400.89,0.0,9400.89,4838.28,Concluída
764,2025-08-14,3,4,520,103,2,415.48,0.0,415.48,266.48,Concluída
765,2025-10-03,5,10,827,115,1,517.13,0.0,517.13,291.44,Concluída
766,2025-04-03,3,4,922,102,1,4043.83,0.0,4043.83,1891.83,Devolvida
767,2025-06-22,5,12,562,114,1,440.95,0.0,440.95,271.23,Concluída
768,2025-10-11,1,13,375,103,1,207.74,10.39,197.35,133.24,Concluída
769,2025-07-26,1,13,939,115,1,517.13,25.86,491.27,291.44,Concluída
770,2025-10-30,1,13,680,111,1,3133.63,0.0,3133.63,1612.76,Concluída
771,2025-09-30,2,3,659,104,1,2804.45,0.0,2804.45,1695.62,Concluída
772,2025-05-30,5,11,414,107,1,143.03,0.0,143.03,89.63,Concluída
773,2025-06-14,2,3,399,105,1,1347.1,67.36,1279.74,858.02,Concluída
774,2025-12-17,3,6,852,101,1,3176.69,0.0,3176.69,2004.75,Cancelada
775,2025-10-20,2,3,322,112,1,2629.26,0.0,2629.26,1399.55,Devolvida
776,2025-07-17,1,13,844,114,2,881.9,0.0,881.9,542.46,Concluída
777,2025-04-02,2,3,716,101,3,9530.07,0.0,9530.07,6014.25,Cancelada
778,2025-04-24,3,4,732,104,1,2804.45,0.0,2804.45,1695.62,Concluída
779,2025-01-24,5,10,922,112,1,2629.26,0.0,2629.26,1399.55,Cancelada
780,2025-12-04,4,8,182,107,2,286.06,0.0,286.06,179.26,Concluída
781,2025-01-23,1,13,637,111,1,3133.63,313.36,2820.27,1612.76,Concluída
782,2025-12-30,4,9,318,104,3,8413.35,420.67,7992.68,5086.86,Cancelada
783,2025-07-29,3,5,844,107,1,143.03,7.15,135.88,89.63,Concluída
784,2025-09-07,1,13,642,112,1,2629.26,131.46,2497.8,1399.55,Concluída
785,2025-12-06,3,4,653,102,1,4043.83,404.38,3639.45,1891.83,Concluída
786,2025-04-04,2,1,967,112,1,2629.26,131.46,2497.8,1399.55,Cancelada
787,2025-07-23,1,13,292,114,1,440.95,0.0,440.95,271.23,Concluída
788,2025-04-14,5,12,867,108,1,424.26,0.0,424.26,191.74,Concluída
789,2025-09-03,1,13,39,114,1,440.95,0.0,440.95,271.23,Concluída
790,2025-02-04,1,13,449,112,1,2629.26,0.0,2629.26,1399.55,Concluída
791,2025-09-15,4,7,787,104,2,5608.9,0.0,5608.9,3391.24,Concluída
792,2025-03-20,1,13,944,103,1,207.74,0.0,207.74,133.24,Concluída
793,2025-07-20,1,13,518,102,1,4043.83,0.0,4043.83,1891.83,Concluída
794,2025-08-13,1,13,72,114,1,440.95,0.0,440.95,271.23,Concluída
795,2025-03-15,2,2,59,102,2,8087.66,0.0,8087.66,3783.66,Concluída
796,2025-11-13,3,6,956,106,1,137.92,0.0,137.92,73.42,Concluída
797,2025-04-30,1,13,577,101,2,6353.38,317.67,6035.71,4009.5,Concluída
798,2025-04-25,4,7,578,109,1,438.81,0.0,438.81,291.96,Cancelada
799,2025-10-20,3,5,703,110,1,153.35,15.34,138.01,76.82,Concluída
800,2025-09-09,3,5,652,108,1,424.26,42.43,381.83,191.74,Concluída
801,2025-07-04,1,13,653,112,1,2629.26,394.39,2234.87,1399.55,Devolvida
802,2025-03-24,1,13,443,113,1,644.98,0.0,644.98,381.24,Concluída
803,2025-10-05,4,8,129,114,2,881.9,0.0,881.9,542.46,Concluída
804,2025-08-02,2,2,455,107,1,143.03,0.0,143.03,89.63,Concluída
805,2025-03-10,3,4,252,104,2,5608.9,0.0,5608.9,3391.24,Cancelada
806,2025-12-04,4,8,922,108,1,424.26,21.21,403.05,191.74,Concluída
807,2025-11-26,1,13,145,108,1,424.26,21.21,403.05,191.74,Concluída
808,2025-11-16,2,1,223,106,1,137.92,0.0,137.92,73.42,Concluída
809,2025-09-22,2,2,25,112,1,2629.26,0.0,2629.26,1399.55,Concluída
810,2025-12-15,2,1,657,107,1,143.03,7.15,135.88,89.63,Concluída
811,2025-06-12,2,3,134,113,3,1934.94,0.0,1934.94,1143.72,Cancelada
812,2025-11-10,2,3,897,101,2,6353.38,317.67,6035.71,4009.5,Concluída
813,2025-01-05,5,10,340,114,1,440.95,44.09,396.86,271.23,Concluída
814,2025-03-19,5,11,861,102,1,4043.83,404.38,3639.45,1891.83,Concluída
815,2025-08-17,2,3,180,105,1,1347.1,67.36,1279.74,858.02,Concluída
816,2025-03-19,1,13,546,115,2,1034.26,0.0,1034.26,582.88,Concluída
817,2025-08-29,3,5,707,114,3,1322.85,198.43,1124.42,813.69,Concluída
818,2025-03-17,5,10,774,101,1,3176.69,0.0,3176.69,2004.75,Concluída
819,2025-03-29,4,9,705,114,1,440.95,0.0,440.95,271.23,Concluída
820,2025-08-18,5,11,970,111,1,3133.63,313.36,2820.27,1612.76,Devolvida
821,2025-07-09,1,13,640,105,2,2694.2,269.42,2424.78,1716.04,Concluída
822,2025-12-09,1,13,300,112,2,5258.52,262.93,4995.59,2799.1,Concluída
823,2025-09-11,1,13,174,106,3,413.76,0.0,413.76,220.26,Concluída
824,2025-09-24,5,10,502,106,3,413.76,0.0,413.76,220.26,Concluída
825,2025-06-06,1,13,346,101,1,3176.69,476.5,2700.19,2004.75,Concluída
826,2025-12-04,1,13,134,114,4,1763.8,0.0,1763.8,1084.92,Concluída
827,2025-01-10,1,13,927,108,1,424.26,0.0,424.26,191.74,Concluída
828,2025-12-23,1,13,823,109,3,1316.43,65.82,1250.61,875.88,Concluída
829,2025-06-25,1,13,737,105,1,1347.1,0.0,1347.1,858.02,Concluída
830,2025-08-19,5,10,825,111,3,9400.89,940.09,8460.8,4838.28,Cancelada
831,2025-01-12,4,7,249,102,1,4043.83,0.0,4043.83,1891.83,Concluída
832,2025-05-02,4,7,10,112,1,2629.26,131.46,2497.8,1399.55,Concluída
833,2025-11-13,1,13,647,114,1,440.95,22.05,418.9,271.23,Concluída
834,2025-01-29,3,4,941,112,3,7887.78,0.0,7887.78,4198.65,Concluída
835,2025-02-16,1,13,216,101,2,6353.38,0.0,6353.38,4009.5,Concluída
836,2025-04-09,2,1,726,108,2,848.52,0.0,848.52,383.48,Concluída
837,2025-12-13,3,4,454,103,1,207.74,0.0,207.74,133.24,Devolvida
838,2025-05-15,1,13,717,102,2,8087.66,0.0,8087.66,3783.66,Concluída
839,2025-06-14,4,7,167,107,2,286.06,0.0,286.06,179.26,Concluída
840,2025-09-17,3,4,437,105,2,2694.2,134.71,2559.49,1716.04,Concluída
841,2025-12-02,5,12,258,105,2,2694.2,0.0,2694.2,1716.04,Concluída
842,2025-06-26,5,10,635,113,2,1289.96,0.0,1289.96,762.48,Concluída
843,2025-08-17,1,13,327,110,2,306.7,30.67,276.03,153.64,Concluída
844,2025-11-07,3,4,583,105,2,2694.2,0.0,2694.2,1716.04,Concluída
845,2025-09-03,1,13,782,108,1,424.26,63.64,360.62,191.74,Concluída
846,2025-10-28,1,13,420,108,3,1272.78,0.0,1272.78,575.22,Concluída
847,2025-07-26,2,2,464,103,1,207.74,10.39,197.35,133.24,Concluída
848,2025-01-13,4,8,391,114,2,881.9,0.0,881.9,542.46,Concluída
849,2025-12-05,5,10,608,103,1,207.74,0.0,207.74,133.24,Concluída
850,2025-05-19,1,13,510,107,1,143.03,7.15,135.88,89.63,Concluída
851,2025-05-23,1,13,622,112,1,2629.26,0.0,2629.26,1399.55,Concluída
852,2025-09-07,5,10,362,102,1,4043.83,0.0,4043.83,1891.83,Concluída
853,2025-05-29,1,13,823,104,1,2804.45,0.0,2804.45,1695.62,Concluída
854,2025-03-23,1,13,701,110,1,153.35,0.0,153.35,76.82,Concluída
855,2025-05-25,1,13,827,112,3,7887.78,0.0,7887.78,4198.65,Devolvida
856,2025-02-02,1,13,428,104,1,2804.45,0.0,2804.45,1695.62,Concluída
857,2025-06-10,3,5,806,105,1,1347.1,0.0,1347.1,858.02,Concluída
858,2025-04-10,5,11,801,111,1,3133.63,313.36,2820.27,1612.76,Concluída
859,2025-11-09,1,13,501,110,1,153.35,0.0,153.35,76.82,Concluída
860,2025-02-18,1,13,639,106,1,137.92,0.0,137.92,73.42,Concluída
861,2025-05-17,1,13,797,104,2,5608.9,0.0,5608.9,3391.24,Concluída
862,2025-01-31,2,1,649,101,1,3176.69,158.83,3017.86,2004.75,Concluída
863,2025-03-16,4,8,497,106,2,275.84,0.0,275.84,146.84,Concluída
864,2025-11-27,1,13,303,112,1,2629.26,262.93,2366.33,1399.55,Concluída
865,2025-09-16,1,13,434,112,2,5258.52,0.0,5258.52,2799.1,Concluída
866,2025-03-15,1,13,668,111,2,6267.26,0.0,6267.26,3225.52,Concluída
867,2025-03-17,2,2,569,103,1,207.74,10.39,197.35,133.24,Concluída
868,2025-05-21,2,1,724,110,1,153.35,0.0,153.35,76.82,Concluída
869,2025-01-09,1,13,566,108,1,424.26,0.0,424.26,191.74,Concluída
870,2025-10-09,1,13,662,106,1,137.92,0.0,137.92,73.42,Concluída
871,2025-01-18,3,5,580,113,1,644.98,64.5,580.48,381.24,Concluída
872,2025-03-09,2,1,144,103,1,207.74,0.0,207.74,133.24,Concluída
873,2025-02-17,4,8,347,102,1,4043.83,202.19,3841.64,1891.83,Concluída
874,2025-10-07,1,13,658,113,1,644.98,0.0,644.98,381.24,Concluída
875,2025-04-17,2,1,782,115,3,1551.39,0.0,1551.39,874.32,Concluída
876,2025-12-16,2,1,659,114,2,881.9,0.0,881.9,542.46,Concluída
877,2025-04-30,5,10,513,106,1,137.92,6.9,131.02,73.42,Concluída
878,2025-01-10,2,2,505,101,2,6353.38,317.67,6035.71,4009.5,Concluída
879,2025-01-21,1,13,214,104,1,2804.45,0.0,2804.45,1695.62,Concluída
880,2025-10-25,5,12,921,114,1,440.95,0.0,440.95,271.23,Concluída
881,2025-11-18,4,8,273,109,1,438.81,0.0,438.81,291.96,Concluída
882,2025-11-08,1,13,335,115,1,517.13,0.0,517.13,291.44,Concluída
883,2025-01-15,2,3,688,109,2,877.62,0.0,877.62,583.92,Concluída
884,2025-07-18,4,9,956,114,1,440.95,22.05,418.9,271.23,Concluída
885,2025-06-02,4,9,220,115,1,517.13,0.0,517.13,291.44,Concluída
886,2025-11-28,3,6,912,115,2,1034.26,0.0,1034.26,582.88,Concluída
887,2025-01-07,1,13,882,106,1,137.92,13.79,124.13,73.42,Concluída
888,2025-06-17,2,2,617,113,1,644.98,0.0,644.98,381.24,Concluída
889,2025-05-27,4,9,878,104,1,2804.45,0.0,2804.45,1695.62,Concluída
890,2025-01-16,3,4,970,105,3,4041.3,0.0,4041.3,2574.06,Concluída
891,2025-10-18,5,10,55,106,1,137.92,0.0,137.92,73.42,Concluída
892,2025-07-10,1,13,670,101,1,3176.69,0.0,3176.69,2004.75,Concluída
893,2025-03-14,1,13,124,115,2,1034.26,155.14,879.12,582.88,Concluída
894,2025-09-01,1,13,89,112,1,2629.26,262.93,2366.33,1399.55,Concluída
895,2025-10-13,1,13,720,110,1,153.35,7.67,145.68,76.82,Concluída
896,2025-02-03,1,13,31,101,1,3176.69,158.83,3017.86,2004.75,Concluída
897,2025-01-07,2,1,673,102,4,16175.32,1617.53,14557.79,7567.32,Concluída
898,2025-09-03,1,13,25,111,1,3133.63,313.36,2820.27,1612.76,Concluída
899,2025-08-18,4,9,46,114,1,440.95,44.09,396.86,271.23,Concluída
900,2025-12-26,2,1,733,114,2,881.9,0.0,881.9,542.46,Concluída
901,2025-07-08,2,2,558,103,1,207.74,20.77,186.97,133.24,Concluída
902,2025-10-04,1,13,417,103,1,207.74,0.0,207.74,133.24,Devolvida
903,2025-05-30,1,13,692,109,1,438.81,65.82,372.99,291.96,Concluída
904,2025-05-10,5,11,947,106,2,275.84,0.0,275.84,146.84,Concluída
905,2025-12-15,1,13,352,109,3,1316.43,197.46,1118.97,875.88,Concluída
906,2025-06-24,2,3,164,114,2,881.9,0.0,881.9,542.46,Concluída
907,2025-04-16,4,8,84,114,1,440.95,0.0,440.95,271.23,Concluída
908,2025-01-22,2,3,5,105,3,4041.3,202.07,3839.23,2574.06,Concluída
909,2025-04-27,3,5,501,102,1,4043.83,202.19,3841.64,1891.83,Concluída
910,2025-07-22,2,2,225,110,1,153.35,0.0,153.35,76.82,Concluída
911,2025-02-24,1,13,160,114,2,881.9,44.09,837.81,542.46,Concluída
912,2025-09-16,4,8,148,115,1,517.13,77.57,439.56,291.44,Concluída
913,2025-07-27,1,13,555,111,1,3133.63,156.68,2976.95,1612.76,Concluída
914,2025-01-16,1,13,191,114,2,881.9,0.0,881.9,542.46,Concluída
915,2025-03-02,2,2,678,107,1,143.03,0.0,143.03,89.63,Concluída
916,2025-07-11,1,13,635,110,3,460.05,0.0,460.05,230.46,Concluída
917,2025-12-14,2,1,512,106,1,137.92,0.0,137.92,73.42,Concluída
918,2025-07-16,4,7,433,112,1,2629.26,262.93,2366.33,1399.55,Cancelada
919,2025-12-17,2,1,390,101,4,12706.76,635.34,12071.42,8019.0,Concluída
920,2025-05-10,2,1,252,112,2,5258.52,0.0,5258.52,2799.1,Concluída
921,2025-07-14,4,7,619,108,1,424.26,0.0,424.26,191.74,Concluída
922,2025-08-20,1,13,98,101,2,6353.38,0.0,6353.38,4009.5,Concluída
923,2025-01-15,5,11,71,109,1,438.81,0.0,438.81,291.96,Concluída
924,2025-10-02,3,4,260,110,1,153.35,0.0,153.35,76.82,Concluída
925,2025-08-20,1,13,41,105,2,2694.2,0.0,2694.2,1716.04,Concluída
926,2025-02-09,1,13,256,101,1,3176.69,158.83,3017.86,2004.75,Concluída
927,2025-04-01,4,7,310,103,1,207.74,20.77,186.97,133.24,Concluída
928,2025-09-10,1,13,828,112,3,7887.78,0.0,7887.78,4198.65,Concluída
929,2025-03-09,4,9,577,101,1,3176.69,0.0,3176.69,2004.75,Concluída
930,2025-01-11,3,6,378,111,1,3133.63,0.0,3133.63,1612.76,Concluída
931,2025-08-12,2,2,69,102,1,4043.83,404.38,3639.45,1891.83,Concluída
932,2025-09-01,2,1,929,115,3,1551.39,0.0,1551.39,874.32,Concluída
933,2025-10-20,1,13,457,111,5,15668.15,0.0,15668.15,8063.8,Concluída
934,2025-02-04,5,12,190,110,1,153.35,0.0,153.35,76.82,Concluída
935,2025-03-17,1,13,12,106,1,137.92,6.9,131.02,73.42,Concluída
936,2025-12-07,1,13,311,115,2,1034.26,0.0,1034.26,582.88,Concluída
937,2025-09-03,4,7,680,108,1,424.26,0.0,424.26,191.74,Concluída
938,2025-10-11,3,6,880,113,1,644.98,32.25,612.73,381.24,Concluída
939,2025-03-16,4,7,490,109,5,2194.05,0.0,2194.05,1459.8,Concluída
940,2025-11-17,4,9,371,104,2,5608.9,0.0,5608.9,3391.24,Concluída
941,2025-01-22,4,8,29,104,2,5608.9,560.89,5048.01,3391.24,Concluída
942,2025-11-07,4,7,767,115,1,517.13,0.0,517.13,291.44,Concluída
943,2025-07-28,3,6,162,104,1,2804.45,0.0,2804.45,1695.62,Concluída
944,2025-08-10,3,5,68,109,1,438.81,43.88,394.93,291.96,Concluída
945,2025-11-25,1,13,403,105,1,1347.1,67.36,1279.74,858.02,Cancelada
946,2025-06-05,4,9,335,115,1,517.13,51.71,465.42,291.44,Concluída
947,2025-07-17,4,9,604,112,1,2629.26,131.46,2497.8,1399.55,Concluída
948,2025-10-21,1,13,94,112,1,2629.26,0.0,2629.26,1399.55,Concluída
949,2025-11-20,1,13,957,105,3,4041.3,0.0,4041.3,2574.06,Concluída
950,2025-06-15,5,12,196,106,4,551.68,0.0,551.68,293.68,Concluída
951,2025-12-13,2,2,613,107,2,286.06,0.0,286.06,179.26,Concluída
952,2025-03-13,4,9,303,104,2,5608.9,0.0,5608.9,3391.24,Concluída
953,2025-06-14,1,13,596,109,1,438.81,21.94,416.87,291.96,Concluída
954,2025-11-23,1,13,188,115,2,1034.26,0.0,1034.26,582.88,Concluída
955,2025-09-05,3,6,471,109,1,438.81,0.0,438.81,291.96,Concluída
956,2025-03-05,5,12,403,101,1,3176.69,158.83,3017.86,2004.75,Concluída
957,2025-09-11,2,3,598,114,1,440.95,0.0,440.95,271.23,Concluída
958,2025-01-27,5,12,502,110,1,153.35,0.0,153.35,76.82,Concluída
959,2025-03-13,1,13,779,113,5,3224.9,0.0,3224.9,1906.2,Concluída
960,2025-02-25,2,2,131,113,1,644.98,32.25,612.73,381.24,Concluída
961,2025-01-21,5,12,62,101,1,3176.69,476.5,2700.19,2004.75,Concluída
962,2025-05-26,2,1,226,110,2,306.7,15.34,291.36,153.64,Cancelada
963,2025-07-01,4,7,24,109,1,438.81,21.94,416.87,291.96,Concluída
964,2025-07-16,1,13,978,103,1,207.74,10.39,197.35,133.24,Devolvida
965,2025-05-19,4,7,98,104,2,5608.9,0.0,5608.9,3391.24,Concluída
966,2025-03-26,5,10,287,102,1,4043.83,202.19,3841.64,1891.83,Concluída
967,2025-11-04,4,8,219,104,1,2804.45,0.0,2804.45,1695.62,Concluída
968,2025-08-15,1,13,872,110,2,306.7,0.0,306.7,153.64,Concluída
969,2025-04-16,5,11,448,113,3,1934.94,0.0,1934.94,1143.72,Concluída
970,2025-09-17,3,5,622,104,1,2804.45,140.22,2664.23,1695.62,Concluída
971,2025-12-24,3,4,807,107,1,143.03,0.0,143.03,89.63,Concluída
972,2025-05-08,3,4,389,110,3,460.05,69.01,391.04,230.46,Concluída
973,2025-10-16,1,13,464,112,2,5258.52,0.0,5258.52,2799.1,Concluída
974,2025-07-15,1,13,742,108,3,1272.78,0.0,1272.78,575.22,Concluída
975,2025-04-28,1,13,491,103,1,207.74,20.77,186.97,133.24,Concluída
976,2025-11-03,2,1,867,101,4,12706.76,0.0,12706.76,8019.0,Concluída
977,2025-02-16,3,4,95,110,2,306.7,0.0,306.7,153.64,Concluída
978,2025-05-11,2,2,146,114,1,440.95,44.09,396.86,271.23,Concluída
979,2025-07-29,1,13,238,114,1,440.95,0.0,440.95,271.23,Concluída
980,2025-04-01,1,13,965,107,3,429.09,0.0,429.09,268.89,Concluída
981,2025-04-11,3,4,69,113,1,644.98,32.25,612.73,381.24,Concluída
982,2025-03-05,4,9,780,106,2,275.84,0.0,275.84,146.84,Cancelada
983,2025-05-06,4,8,876,103,2,415.48,0.0,415.48,266.48,Concluída
984,2025-09-16,5,11,139,103,1,207.74,0.0,207.74,133.24,Concluída
985,2025-11-08,4,9,802,105,1,1347.1,0.0,1347.1,858.02,Concluída
986,2025-05-08,1,13,69,107,1,143.03,0.0,143.03,89.63,Concluída
987,2025-09-08,3,5,564,109,2,877.62,87.76,789.86,583.92,Concluída
988,2025-11-28,5,11,806,110,1,153.35,7.67,145.68,76.82,Concluída
989,2025-05-09,2,2,171,109,3,1316.43,0.0,1316.43,875.88,Concluída
990,2025-02-07,3,5,863,105,1,1347.1,134.71,1212.39,858.02,Concluída
991,2025-06-03,1,13,499,104,2,5608.9,0.0,5608.9,3391.24,Concluída
992,2025-03-17,2,3,810,113,2,1289.96,0.0,1289.96,762.48,Concluída
993,2025-05-06,1,13,926,108,1,424.26,0.0,424.26,191.74,Concluída
994,2025-07-10,5,11,134,107,4,572.12,0.0,572.12,358.52,Concluída
995,2025-11-24,5,11,384,101,1,3176.69,317.67,2859.02,2004.75,Concluída
996,2025-08-10,1,13,364,114,1,440.95,0.0,440.95,271.23,Cancelada
997,2025-09-03,1,13,199,105,3,4041.3,0.0,4041.3,2574.06,Devolvida
998,2025-03-16,4,9,277,101,1,3176.69,0.0,3176.69,2004.75,Concluída
999,2025-01-13,2,2,818,110,1,153.35,0.0,153.35,76.82,Concluída
1000,2025-01-27,4,9,127,115,1,517.13,0.0,517.13,291.44,Concluída
1001,2025-01-19,3,6,747,112,1,2629.26,0.0,2629.26,1399.55,Devolvida
1002,2025-07-13,1,13,750,112,2,5258.52,0.0,5258.52,2799.1,Concluída
1003,2025-04-11,1,13,283,107,1,143.03,0.0,143.03,89.63,Concluída
1004,2025-03-10,1,13,428,113,2,1289.96,0.0,1289.96,762.48,Concluída
1005,2025-05-11,5,10,1,102,1,4043.83,0.0,4043.83,1891.83,Concluída
1006,2025-02-03,1,13,948,111,1,3133.63,0.0,3133.63,1612.76,Concluída
1007,2025-06-25,3,5,872,108,4,1697.04,0.0,1697.04,766.96,Concluída
1008,2025-06-19,3,5,540,103,2,415.48,20.77,394.71,266.48,Concluída
1009,2025-12-16,1,13,232,114,1,440.95,0.0,440.95,271.23,Concluída
1010,2025-09-18,1,13,53,110,1,153.35,15.34,138.01,76.82,Concluída
1011,2025-03-17,2,1,902,104,1,2804.45,0.0,2804.45,1695.62,Concluída
1012,2025-10-05,2,2,761,107,1,143.03,0.0,143.03,89.63,Concluída
1013,2025-03-25,3,6,68,113,1,644.98,64.5,580.48,381.24,Concluída
1014,2025-08-10,1,13,32,106,3,413.76,0.0,413.76,220.26,Concluída
1015,2025-09-09,5,11,603,104,1,2804.45,140.22,2664.23,1695.62,Concluída
1016,2025-11-09,4,8,164,110,1,153.35,0.0,153.35,76.82,Concluída
1017,2025-02-12,1,13,154,109,1,438.81,43.88,394.93,291.96,Cancelada
1018,2025-12-24,3,4,3,108,1,424.26,0.0,424.26,191.74,Devolvida
1019,2025-07-07,3,6,366,111,1,3133.63,0.0,3133.63,1612.76,Cancelada
1020,2025-06-19,1,13,41,110,1,153.35,15.34,138.01,76.82,Concluída
1021,2025-07-20,4,8,111,105,1,1347.1,0.0,1347.1,858.02,Concluída
1022,2025-11-10,1,13,474,110,3,460.05,0.0,460.05,230.46,Concluída
1023,2025-09-21,1,13,706,105,1,1347.1,134.71,1212.39,858.02,Concluída
1024,2025-12-22,2,2,368,109,1,438.81,21.94,416.87,291.96,Concluída
1025,2025-08-03,4,7,814,114,1,440.95,0.0,440.95,271.23,Concluída
1026,2025-03-18,3,4,82,101,1,3176.69,0.0,3176.69,2004.75,Concluída
1027,2025-08-18,1,13,290,113,1,644.98,0.0,644.98,381.24,Concluída
1028,2025-09-04,2,1,953,111,2,6267.26,313.36,5953.9,3225.52,Concluída
1029,2025-06-04,5,10,918,108,2,848.52,0.0,848.52,383.48,Concluída
1030,2025-06-26,1,13,862,114,2,881.9,0.0,881.9,542.46,Concluída
1031,2025-08-26,3,5,803,112,3,7887.78,0.0,7887.78,4198.65,Concluída
1032,2025-12-29,2,2,982,115,2,1034.26,103.43,930.83,582.88,Concluída
1033,2025-03-26,5,11,96,108,3,1272.78,0.0,1272.78,575.22,Concluída
1034,2025-03-13,1,13,981,105,3,4041.3,202.07,3839.23,2574.06,Concluída
1035,2025-01-05,3,6,352,113,2,1289.96,0.0,1289.96,762.48,Concluída
1036,2025-09-14,1,13,341,111,2,6267.26,313.36,5953.9,3225.52,Concluída
1037,2025-09-29,1,13,446,113,3,1934.94,96.75,1838.19,1143.72,Concluída
1038,2025-10-30,2,3,774,108,1,424.26,0.0,424.26,191.74,Concluída
1039,2025-11-18,5,10,486,114,3,1322.85,132.28,1190.57,813.69,Cancelada
1040,2025-11-08,2,2,855,110,1,153.35,0.0,153.35,76.82,Cancelada
1041,2025-01-20,4,9,927,110,1,153.35,0.0,153.35,76.82,Concluída
1042,2025-01-21,1,13,245,107,1,143.03,0.0,143.03,89.63,Concluída
1043,2025-05-21,2,3,963,107,1,143.03,14.3,128.73,89.63,Concluída
1044,2025-11-24,4,9,680,101,1,3176.69,0.0,3176.69,2004.75,Concluída
1045,2025-10-10,1,13,876,104,3,8413.35,0.0,8413.35,5086.86,Concluída
1046,2025-04-01,2,1,15,111,1,3133.63,0.0,3133.63,1612.76,Concluída
1047,2025-09-03,1,13,954,112,2,5258.52,0.0,5258.52,2799.1,Concluída
1048,2025-05-12,2,2,209,112,1,2629.26,0.0,2629.26,1399.55,Cancelada
1049,2025-06-08,5,12,562,111,1,3133.63,470.04,2663.59,1612.76,Concluída
1050,2025-01-02,5,10,798,113,2,1289.96,129.0,1160.96,762.48,Devolvida
1051,2025-02-28,4,8,125,109,2,877.62,43.88,833.74,583.92,Concluída
1052,2025-03-04,2,3,285,113,1,644.98,32.25,612.73,381.24,Concluída
1053,2025-07-18,4,9,968,105,2,2694.2,269.42,2424.78,1716.04,Concluída
1054,2025-02-14,5,10,150,106,1,137.92,6.9,131.02,73.42,Concluída
1055,2025-09-03,5,12,360,101,1,3176.69,0.0,3176.69,2004.75,Concluída
1056,2025-02-23,4,8,218,103,1,207.74,0.0,207.74,133.24,Concluída
1057,2025-12-24,1,13,855,111,3,9400.89,470.04,8930.85,4838.28,Concluída
1058,2025-08-23,1,13,204,115,1,517.13,0.0,517.13,291.44,Concluída
1059,2025-07-01,1,13,665,106,1,137.92,6.9,131.02,73.42,Devolvida
1060,2025-08-26,1,13,609,109,1,438.81,0.0,438.81,291.96,Concluída
1061,2025-09-11,2,3,744,113,1,644.98,0.0,644.98,381.24,Concluída
1062,2025-11-23,1,13,550,114,1,440.95,0.0,440.95,271.23,Concluída
1063,2025-06-03,3,4,713,105,2,2694.2,404.13,2290.07,1716.04,Concluída
1064,2025-07-30,5,12,373,102,1,4043.83,202.19,3841.64,1891.83,Concluída
1065,2025-01-14,5,11,190,112,1,2629.26,0.0,2629.26,1399.55,Concluída
1066,2025-11-03,4,8,117,102,4,16175.32,808.77,15366.55,7567.32,Concluída
1067,2025-03-05,1,13,597,113,1,644.98,0.0,644.98,381.24,Concluída
1068,2025-10-09,4,7,832,112,1,2629.26,0.0,2629.26,1399.55,Concluída
1069,2025-06-02,5,12,305,102,3,12131.49,606.57,11524.92,5675.49,Concluída
1070,2025-08-04,1,13,276,112,1,2629.26,0.0,2629.26,1399.55,Cancelada
1071,2025-10-29,1,13,44,108,2,848.52,0.0,848.52,383.48,Concluída
1072,2025-03-23,3,6,917,113,1,644.98,0.0,644.98,381.24,Concluída
1073,2025-10-19,3,4,646,113,1,644.98,0.0,644.98,381.24,Concluída
1074,2025-03-28,3,6,522,104,5,14022.25,0.0,14022.25,8478.1,Concluída
1075,2025-05-20,2,3,795,114,1,440.95,0.0,440.95,271.23,Concluída
1076,2025-04-19,3,5,198,114,1,440.95,0.0,440.95,271.23,Concluída
1077,2025-10-30,2,3,295,105,1,1347.1,134.71,1212.39,858.02,Concluída
1078,2025-08-04,1,13,2,102,1,4043.83,0.0,4043.83,1891.83,Concluída
1079,2025-03-07,2,3,595,102,4,16175.32,0.0,16175.32,7567.32,Concluída
1080,2025-04-29,5,12,48,112,1,2629.26,0.0,2629.26,1399.55,Devolvida
1081,2025-05-22,5,12,3,111,1,3133.63,0.0,3133.63,1612.76,Concluída
1082,2025-07-31,1,13,458,103,1,207.74,0.0,207.74,133.24,Concluída
1083,2025-07-08,1,13,388,111,1,3133.63,0.0,3133.63,1612.76,Concluída
1084,2025-11-22,1,13,362,104,3,8413.35,841.34,7572.01,5086.86,Concluída
1085,2025-09-08,2,2,448,101,1,3176.69,0.0,3176.69,2004.75,Concluída
1086,2025-01-31,4,9,297,104,1,2804.45,280.44,2524.01,1695.62,Concluída
1087,2025-05-24,1,13,485,113,2,1289.96,0.0,1289.96,762.48,Concluída
1088,2025-06-05,3,5,206,112,3,7887.78,394.39,7493.39,4198.65,Devolvida
1089,2025-05-19,1,13,449,115,1,517.13,25.86,491.27,291.44,Concluída
1090,2025-07-16,1,13,113,105,2,2694.2,0.0,2694.2,1716.04,Concluída
1091,2025-05-20,4,9,819,105,2,2694.2,0.0,2694.2,1716.04,Concluída
1092,2025-02-24,1,13,259,113,1,644.98,96.75,548.23,381.24,Cancelada
1093,2025-11-11,2,3,944,103,2,415.48,62.32,353.16,266.48,Concluída
1094,2025-01-11,1,13,582,106,1,137.92,0.0,137.92,73.42,Concluída
1095,2025-06-06,3,5,258,112,2,5258.52,0.0,5258.52,2799.1,Concluída
1096,2025-12-09,4,9,579,110,1,153.35,0.0,153.35,76.82,Concluída
1097,2025-05-06,1,13,366,108,2,848.52,0.0,848.52,383.48,Concluída
1098,2025-08-09,5,10,707,102,1,4043.83,404.38,3639.45,1891.83,Concluída
1099,2025-01-23,1,13,548,112,1,2629.26,131.46,2497.8,1399.55,Devolvida
1100,2025-08-14,3,4,756,104,1,2804.45,0.0,2804.45,1695.62,Concluída
1101,2025-10-28,2,2,659,110,3,460.05,46.01,414.04,230.46,Concluída
1102,2025-05-02,3,4,825,105,2,2694.2,0.0,2694.2,1716.04,Concluída
1103,2025-05-04,1,13,555,103,2,415.48,20.77,394.71,266.48,Concluída
1104,2025-09-08,4,7,815,107,3,429.09,0.0,429.09,268.89,Concluída
1105,2025-04-28,5,11,1,107,2,286.06,28.61,257.45,179.26,Concluída
1106,2025-10-12,3,4,757,102,5,20219.15,0.0,20219.15,9459.15,Concluída
1107,2025-04-09,1,13,240,112,1,2629.26,0.0,2629.26,1399.55,Concluída
1108,2025-04-12,1,13,63,111,1,3133.63,0.0,3133.63,1612.76,Concluída
1109,2025-04-15,1,13,855,111,1,3133.63,156.68,2976.95,1612.76,Concluída
1110,2025-03-23,2,1,176,106,1,137.92,0.0,137.92,73.42,Concluída
1111,2025-08-04,1,13,217,102,1,4043.83,0.0,4043.83,1891.83,Concluída
1112,2025-03-27,1,13,908,108,1,424.26,63.64,360.62,191.74,Concluída
1113,2025-10-18,1,13,436,103,2,415.48,20.77,394.71,266.48,Concluída
1114,2025-05-14,3,6,818,113,2,1289.96,0.0,1289.96,762.48,Concluída
1115,2025-10-02,2,1,896,110,1,153.35,7.67,145.68,76.82,Cancelada
1116,2025-04-28,3,6,973,114,1,440.95,0.0,440.95,271.23,Cancelada
1117,2025-10-25,3,4,55,109,1,438.81,43.88,394.93,291.96,Concluída
1118,2025-05-04,5,12,879,110,1,153.35,0.0,153.35,76.82,Concluída
1119,2025-02-12,1,13,266,105,1,1347.1,0.0,1347.1,858.02,Concluída
1120,2025-08-07,2,1,144,113,2,1289.96,64.5,1225.46,762.48,Concluída
1121,2025-03-17,3,4,433,112,2,5258.52,0.0,5258.52,2799.1,Concluída
1122,2025-08-24,1,13,868,106,1,137.92,6.9,131.02,73.42,Concluída
1123,2025-12-07,3,6,32,102,1,4043.83,202.19,3841.64,1891.83,Concluída
1124,2025-10-27,1,13,493,113,1,644.98,32.25,612.73,381.24,Concluída
1125,2025-07-10,1,13,737,103,5,1038.7,0.0,1038.7,666.2,Concluída
1126,2025-09-16,3,5,268,103,1,207.74,10.39,197.35,133.24,Concluída
1127,2025-10-23,2,2,503,109,3,1316.43,0.0,1316.43,875.88,Concluída
1128,2025-05-28,2,1,322,107,1,143.03,0.0,143.03,89.63,Concluída
1129,2025-01-23,3,4,678,105,3,4041.3,0.0,4041.3,2574.06,Concluída
1130,2025-02-15,1,13,543,103,1,207.74,0.0,207.74,133.24,Concluída
1131,2025-03-18,4,9,234,106,1,137.92,0.0,137.92,73.42,Concluída
1132,2025-03-29,4,8,748,101,1,3176.69,0.0,3176.69,2004.75,Concluída
1133,2025-07-28,1,13,617,114,2,881.9,0.0,881.9,542.46,Concluída
1134,2025-01-09,4,9,976,114,3,1322.85,0.0,1322.85,813.69,Concluída
1135,2025-05-18,4,7,887,107,1,143.03,0.0,143.03,89.63,Cancelada
1136,2025-09-28,3,5,641,112,1,2629.26,262.93,2366.33,1399.55,Concluída
1137,2025-08-31,2,1,529,104,1,2804.45,140.22,2664.23,1695.62,Concluída
1138,2025-02-02,1,13,159,111,1,3133.63,156.68,2976.95,1612.76,Concluída
1139,2025-06-01,3,6,586,111,2,6267.26,313.36,5953.9,3225.52,Concluída
1140,2025-03-23,1,13,775,112,1,2629.26,131.46,2497.8,1399.55,Concluída
1141,2025-08-09,1,13,984,113,1,644.98,0.0,644.98,381.24,Concluída
1142,2025-07-19,1,13,161,106,3,413.76,0.0,413.76,220.26,Concluída
1143,2025-01-22,1,13,739,111,1,3133.63,0.0,3133.63,1612.76,Concluída
1144,2025-04-09,5,12,24,111,1,3133.63,0.0,3133.63,1612.76,Concluída
1145,2025-05-24,4,9,590,114,1,440.95,44.09,396.86,271.23,Concluída
1146,2025-04-26,3,5,248,109,2,877.62,0.0,877.62,583.92,Concluída
1147,2025-05-22,1,13,477,110,2,306.7,0.0,306.7,153.64,Concluída
1148,2025-01-20,1,13,874,105,1,1347.1,134.71,1212.39,858.02,Concluída
1149,2025-07-01,1,13,602,106,3,413.76,0.0,413.76,220.26,Concluída
1150,2025-03-14,4,7,97,112,1,2629.26,0.0,2629.26,1399.55,Concluída
1151,2025-03-05,2,3,1000,104,1,2804.45,0.0,2804.45,1695.62,Concluída
1152,2025-09-10,1,13,660,106,5,689.6,0.0,689.6,367.1,Concluída
1153,2025-01-18,3,4,941,113,2,1289.96,0.0,1289.96,762.48,Concluída
1154,2025-06-17,5,10,473,109,3,1316.43,65.82,1250.61,875.88,Concluída
1155,2025-09-26,5,10,934,103,1,207.74,0.0,207.74,133.24,Concluída
1156,2025-10-28,1,13,115,109,1,438.81,0.0,438.81,291.96,Cancelada
1157,2025-05-06,3,5,484,111,2,6267.26,0.0,6267.26,3225.52,Concluída
1158,2025-11-02,1,13,939,101,3,9530.07,476.5,9053.57,6014.25,Concluída
1159,2025-11-09,4,7,908,101,1,3176.69,0.0,3176.69,2004.75,Concluída
1160,2025-09-27,3,6,294,102,1,4043.83,0.0,4043.83,1891.83,Concluída
1161,2025-09-02,1,13,601,103,2,415.48,0.0,415.48,266.48,Concluída
1162,2025-03-22,5,12,617,109,1,438.81,0.0,438.81,291.96,Concluída
1163,2025-06-22,2,1,262,115,1,517.13,25.86,491.27,291.44,Concluída
1164,2025-03-08,2,2,964,112,1,2629.26,0.0,2629.26,1399.55,Concluída
1165,2025-06-22,1,13,439,107,4,572.12,28.61,543.51,358.52,Concluída
1166,2025-02-19,1,13,437,113,2,1289.96,129.0,1160.96,762.48,Cancelada
1167,2025-01-29,2,1,370,107,1,143.03,0.0,143.03,89.63,Concluída
1168,2025-01-14,1,13,75,106,3,413.76,0.0,413.76,220.26,Cancelada
1169,2025-04-22,1,13,365,101,2,6353.38,0.0,6353.38,4009.5,Concluída
1170,2025-10-20,1,13,435,113,1,644.98,64.5,580.48,381.24,Concluída
1171,2025-09-26,4,8,768,101,1,3176.69,0.0,3176.69,2004.75,Concluída
1172,2025-09-28,5,10,351,105,1,1347.1,134.71,1212.39,858.02,Cancelada
1173,2025-09-28,1,13,218,104,2,5608.9,0.0,5608.9,3391.24,Concluída
1174,2025-02-22,3,5,708,112,1,2629.26,131.46,2497.8,1399.55,Concluída
1175,2025-10-17,3,4,823,105,1,1347.1,0.0,1347.1,858.02,Concluída
1176,2025-08-20,5,12,827,103,1,207.74,0.0,207.74,133.24,Concluída
1177,2025-11-17,2,3,587,113,1,644.98,32.25,612.73,381.24,Concluída
1178,2025-10-10,3,6,764,112,2,5258.52,262.93,4995.59,2799.1,Concluída
1179,2025-02-15,5,11,149,109,2,877.62,0.0,877.62,583.92,Concluída
1180,2025-10-19,1,13,579,102,1,4043.83,202.19,3841.64,1891.83,Concluída
1181,2025-10-19,3,4,977,103,3,623.22,0.0,623.22,399.72,Concluída
1182,2025-04-25,1,13,795,107,1,143.03,0.0,143.03,89.63,Cancelada
1183,2025-07-28,3,4,572,108,1,424.26,0.0,424.26,191.74,Concluída
1184,2025-08-02,5,10,658,108,1,424.26,0.0,424.26,191.74,Concluída
1185,2025-04-27,2,1,334,111,2,6267.26,626.73,5640.53,3225.52,Concluída
1186,2025-09-24,1,13,857,114,5,2204.75,110.24,2094.51,1356.15,Cancelada
1187,2025-07-28,5,10,146,115,2,1034.26,0.0,1034.26,582.88,Concluída
1188,2025-10-09,4,7,416,110,2,306.7,0.0,306.7,153.64,Concluída
1189,2025-12-05,1,13,587,107,1,143.03,0.0,143.03,89.63,Cancelada
1190,2025-04-21,1,13,829,107,1,143.03,7.15,135.88,89.63,Concluída
1191,2025-04-08,4,8,586,106,5,689.6,34.48,655.12,367.1,Concluída
1192,2025-04-09,4,8,555,103,1,207.74,10.39,197.35,133.24,Concluída
1193,2025-09-18,1,13,876,101,2,6353.38,0.0,6353.38,4009.5,Concluída
1194,2025-01-01,1,13,615,107,3,429.09,0.0,429.09,268.89,Devolvida
1195,2025-03-01,4,8,516,104,1,2804.45,140.22,2664.23,1695.62,Concluída
1196,2025-06-21,4,7,50,102,1,4043.83,0.0,4043.83,1891.83,Concluída
1197,2025-02-11,1,13,879,112,1,2629.26,0.0,2629.26,1399.55,Concluída
1198,2025-11-19,2,3,973,108,2,848.52,0.0,848.52,383.48,Concluída
1199,2025-07-08,1,13,277,101,3,9530.07,0.0,9530.07,6014.25,Concluída
1200,2025-07-20,1,13,907,103,2,415.48,20.77,394.71,266.48,Concluída
1201,2025-03-08,3,5,20,109,2,877.62,43.88,833.74,583.92,Concluída
1202,2025-11-17,4,8,946,101,5,15883.45,0.0,15883.45,10023.75,Cancelada
1203,2025-02-04,4,8,24,107,3,429.09,21.45,407.64,268.89,Concluída
1204,2025-04-10,1,13,238,102,3,12131.49,1819.72,10311.77,5675.49,Concluída
1205,2025-03-29,1,13,112,108,1,424.26,0.0,424.26,191.74,Concluída
1206,2025-03-26,3,4,618,103,1,207.74,0.0,207.74,133.24,Concluída
1207,2025-05-02,4,9,326,103,1,207.74,0.0,207.74,133.24,Devolvida
1208,2025-07-12,1,13,459,102,3,12131.49,0.0,12131.49,5675.49,Concluída
1209,2025-10-31,1,13,886,110,1,153.35,0.0,153.35,76.82,Concluída
1210,2025-09-19,1,13,442,105,1,1347.1,0.0,1347.1,858.02,Concluída
1211,2025-12-16,1,13,408,108,1,424.26,42.43,381.83,191.74,Cancelada
1212,2025-09-13,3,4,938,103,1,207.74,10.39,197.35,133.24,Concluída
1213,2025-09-09,5,12,550,114,1,440.95,0.0,440.95,271.23,Concluída
1214,2025-08-03,1,13,753,114,1,440.95,22.05,418.9,271.23,Concluída
1215,2025-04-30,4,7,896,114,1,440.95,44.09,396.86,271.23,Concluída
1216,2025-04-01,2,2,419,101,1,3176.69,0.0,3176.69,2004.75,Concluída
1217,2025-01-12,2,3,603,109,2,877.62,0.0,877.62,583.92,Concluída
1218,2025-03-02,2,3,63,107,3,429.09,0.0,429.09,268.89,Cancelada
1219,2025-09-23,4,7,881,113,1,644.98,32.25,612.73,381.24,Concluída
1220,2025-03-15,1,13,185,104,2,5608.9,0.0,5608.9,3391.24,Concluída
1221,2025-07-21,3,6,375,101,2,6353.38,0.0,6353.38,4009.5,Concluída
1222,2025-02-23,3,5,584,103,2,415.48,0.0,415.48,266.48,Concluída
1223,2025-03-31,1,13,336,110,1,153.35,0.0,153.35,76.82,Concluída
1224,2025-01-21,2,3,792,111,1,3133.63,0.0,3133.63,1612.76,Concluída
1225,2025-05-28,4,7,976,103,1,207.74,20.77,186.97,133.24,Concluída
1226,2025-01-18,5,12,748,104,2,5608.9,0.0,5608.9,3391.24,Devolvida
1227,2025-11-03,3,5,520,105,2,2694.2,0.0,2694.2,1716.04,Concluída
1228,2025-11-09,2,3,68,111,1,3133.63,0.0,3133.63,1612.76,Concluída
1229,2025-09-17,2,1,712,111,1,3133.63,0.0,3133.63,1612.76,Concluída
1230,2025-10-06,2,2,490,104,1,2804.45,420.67,2383.78,1695.62,Concluída
1231,2025-11-12,2,2,799,102,4,16175.32,0.0,16175.32,7567.32,Concluída
1232,2025-08-25,2,3,505,107,1,143.03,14.3,128.73,89.63,Concluída
1233,2025-08-12,2,3,866,103,2,415.48,0.0,415.48,266.48,Concluída
1234,2025-04-11,2,3,40,113,2,1289.96,0.0,1289.96,762.48,Concluída
1235,2025-07-24,3,6,641,113,1,644.98,0.0,644.98,381.24,Concluída
1236,2025-01-16,3,5,774,107,1,143.03,0.0,143.03,89.63,Concluída
1237,2025-10-19,1,13,172,105,3,4041.3,0.0,4041.3,2574.06,Concluída
1238,2025-07-11,1,13,957,109,1,438.81,0.0,438.81,291.96,Concluída
1239,2025-06-30,4,9,302,103,2,415.48,0.0,415.48,266.48,Concluída
1240,2025-09-30,3,5,809,107,2,286.06,0.0,286.06,179.26,Cancelada
1241,2025-10-07,5,12,957,102,1,4043.83,0.0,4043.83,1891.83,Concluída
1242,2025-12-15,5,10,546,113,1,644.98,96.75,548.23,381.24,Concluída
1243,2025-06-25,1,13,414,110,1,153.35,7.67,145.68,76.82,Concluída
1244,2025-11-08,4,8,105,104,3,8413.35,841.34,7572.01,5086.86,Concluída
1245,2025-12-30,1,13,27,111,1,3133.63,0.0,3133.63,1612.76,Concluída
1246,2025-10-14,1,13,775,108,2,848.52,0.0,848.52,383.48,Concluída
1247,2025-01-04,1,13,899,111,3,9400.89,470.04,8930.85,4838.28,Concluída
1248,2025-02-27,5,12,496,103,1,207.74,0.0,207.74,133.24,Concluída
1249,2025-10-25,1,13,89,114,1,440.95,0.0,440.95,271.23,Concluída
1250,2025-05-31,2,2,848,106,1,137.92,0.0,137.92,73.42,Concluída
1251,2025-11-14,5,11,488,112,2,5258.52,0.0,5258.52,2799.1,Concluída
1252,2025-08-07,2,2,47,101,4,12706.76,0.0,12706.76,8019.0,Concluída
1253,2025-12-23,4,7,291,113,2,1289.96,0.0,1289.96,762.48,Concluída
1254,2025-08-22,1,13,713,110,1,153.35,0.0,153.35,76.82,Concluída
1255,2025-03-09,4,7,279,106,1,137.92,6.9,131.02,73.42,Concluída
1256,2025-06-28,2,1,958,106,1,137.92,13.79,124.13,73.42,Concluída
1257,2025-08-02,1,13,885,113,1,644.98,0.0,644.98,381.24,Concluída
1258,2025-10-03,2,2,884,103,1,207.74,10.39,197.35,133.24,Concluída
1259,2025-12-09,1,13,751,110,1,153.35,0.0,153.35,76.82,Concluída
1260,2025-12-31,4,8,183,109,1,438.81,65.82,372.99,291.96,Cancelada
1261,2025-02-12,4,8,341,101,1,3176.69,317.67,2859.02,2004.75,Concluída
1262,2025-01-22,1,13,382,111,1,3133.63,0.0,3133.63,1612.76,Concluída
1263,2025-05-02,1,13,819,106,3,413.76,0.0,413.76,220.26,Concluída
1264,2025-06-24,2,3,209,111,2,6267.26,0.0,6267.26,3225.52,Concluída
1265,2025-02-21,1,13,872,109,1,438.81,0.0,438.81,291.96,Concluída
1266,2025-09-09,1,13,434,108,3,1272.78,63.64,1209.14,575.22,Concluída
1267,2025-05-30,3,4,765,101,1,3176.69,158.83,3017.86,2004.75,Devolvida
1268,2025-12-27,1,13,295,104,3,8413.35,0.0,8413.35,5086.86,Concluída
1269,2025-03-30,3,4,755,103,1,207.74,0.0,207.74,133.24,Concluída
1270,2025-03-15,4,9,8,111,1,3133.63,0.0,3133.63,1612.76,Concluída
1271,2025-01-05,5,12,251,107,1,143.03,0.0,143.03,89.63,Concluída
1272,2025-08-26,1,13,786,108,1,424.26,21.21,403.05,191.74,Concluída
1273,2025-04-01,4,8,492,108,1,424.26,21.21,403.05,191.74,Concluída
1274,2025-11-18,1,13,389,103,3,623.22,62.32,560.9,399.72,Concluída
1275,2025-11-13,1,13,392,115,2,1034.26,0.0,1034.26,582.88,Concluída
1276,2025-01-28,2,1,736,108,4,1697.04,0.0,1697.04,766.96,Concluída
1277,2025-08-23,3,4,454,113,2,1289.96,0.0,1289.96,762.48,Concluída
1278,2025-10-26,5,10,334,103,1,207.74,0.0,207.74,133.24,Concluída
1279,2025-11-11,1,13,903,103,4,830.96,41.55,789.41,532.96,Concluída
1280,2025-12-03,4,7,656,105,1,1347.1,0.0,1347.1,858.02,Concluída
1281,2025-03-27,1,13,720,104,2,5608.9,560.89,5048.01,3391.24,Concluída
1282,2025-06-13,2,2,274,107,1,143.03,7.15,135.88,89.63,Concluída
1283,2025-09-10,1,13,297,104,3,8413.35,0.0,8413.35,5086.86,Concluída
1284,2025-05-10,2,2,626,112,2,5258.52,0.0,5258.52,2799.1,Concluída
1285,2025-10-26,2,1,585,103,1,207.74,0.0,207.74,133.24,Concluída
1286,2025-12-08,5,11,778,109,3,1316.43,65.82,1250.61,875.88,Concluída
1287,2025-12-29,5,11,142,110,4,613.4,61.34,552.06,307.28,Concluída
1288,2025-03-08,1,13,138,113,1,644.98,32.25,612.73,381.24,Concluída
1289,2025-01-28,2,1,39,115,1,517.13,25.86,491.27,291.44,Concluída
1290,2025-12-18,5,12,516,109,3,1316.43,0.0,1316.43,875.88,Concluída
1291,2025-12-21,3,6,900,106,2,275.84,0.0,275.84,146.84,Concluída
1292,2025-10-01,1,13,818,114,3,1322.85,66.14,1256.71,813.69,Concluída
1293,2025-01-21,1,13,310,104,3,8413.35,0.0,8413.35,5086.86,Concluída
1294,2025-10-21,1,13,69,106,2,275.84,0.0,275.84,146.84,Concluída
1295,2025-10-20,5,10,24,113,1,644.98,0.0,644.98,381.24,Concluída
1296,2025-10-28,4,9,25,102,1,4043.83,0.0,4043.83,1891.83,Concluída
1297,2025-09-19,1,13,934,101,1,3176.69,476.5,2700.19,2004.75,Concluída
1298,2025-12-18,3,4,624,102,1,4043.83,0.0,4043.83,1891.83,Concluída
1299,2025-03-19,1,13,121,114,2,881.9,44.09,837.81,542.46,Concluída
1300,2025-08-27,4,7,55,102,2,8087.66,404.38,7683.28,3783.66,Concluída
1301,2025-02-27,1,13,133,115,1,517.13,0.0,517.13,291.44,Concluída
1302,2025-08-17,1,13,678,112,3,7887.78,394.39,7493.39,4198.65,Cancelada
1303,2025-04-12,5,12,748,104,1,2804.45,0.0,2804.45,1695.62,Concluída
1304,2025-06-22,1,13,677,103,1,207.74,20.77,186.97,133.24,Concluída
1305,2025-09-24,1,13,181,102,1,4043.83,0.0,4043.83,1891.83,Concluída
1306,2025-07-22,3,4,945,106,3,413.76,0.0,413.76,220.26,Concluída
1307,2025-03-10,1,13,385,103,1,207.74,10.39,197.35,133.24,Concluída
1308,2025-07-07,5,11,739,107,2,286.06,0.0,286.06,179.26,Concluída
1309,2025-12-02,1,13,733,111,1,3133.63,0.0,3133.63,1612.76,Concluída
1310,2025-10-26,2,1,795,102,1,4043.83,0.0,4043.83,1891.83,Concluída
1311,2025-04-08,2,2,563,106,1,137.92,0.0,137.92,73.42,Concluída
1312,2025-03-08,1,13,266,102,3,12131.49,606.57,11524.92,5675.49,Concluída
1313,2025-09-04,5,11,127,106,2,275.84,0.0,275.84,146.84,Concluída
1314,2025-05-23,1,13,454,112,2,5258.52,0.0,5258.52,2799.1,Concluída
1315,2025-10-30,1,13,134,103,3,623.22,0.0,623.22,399.72,Cancelada
1316,2025-02-24,1,13,976,114,1,440.95,44.09,396.86,271.23,Concluída
1317,2025-01-04,1,13,34,104,1,2804.45,0.0,2804.45,1695.62,Concluída
1318,2025-07-27,5,12,937,113,2,1289.96,0.0,1289.96,762.48,Cancelada
1319,2025-06-07,3,5,454,110,2,306.7,46.0,260.7,153.64,Concluída
1320,2025-08-06,4,7,258,108,2,848.52,0.0,848.52,383.48,Concluída
1321,2025-08-25,2,1,46,109,1,438.81,0.0,438.81,291.96,Concluída
1322,2025-03-04,1,13,826,115,2,1034.26,0.0,1034.26,582.88,Concluída
1323,2025-08-19,1,13,501,103,1,207.74,0.0,207.74,133.24,Concluída
1324,2025-02-19,4,9,376,108,1,424.26,0.0,424.26,191.74,Concluída
1325,2025-02-25,5,12,63,108,1,424.26,0.0,424.26,191.74,Concluída
1326,2025-02-22,1,13,730,104,1,2804.45,420.67,2383.78,1695.62,Concluída
1327,2025-05-28,1,13,504,105,1,1347.1,0.0,1347.1,858.02,Concluída
1328,2025-04-11,1,13,187,106,1,137.92,0.0,137.92,73.42,Concluída
1329,2025-08-07,3,6,260,108,1,424.26,0.0,424.26,191.74,Concluída
1330,2025-04-12,5,10,622,107,1,143.03,7.15,135.88,89.63,Cancelada
1331,2025-05-11,4,8,448,114,1,440.95,0.0,440.95,271.23,Concluída
1332,2025-05-04,4,9,875,108,1,424.26,0.0,424.26,191.74,Concluída
1333,2025-08-01,2,2,989,106,2,275.84,0.0,275.84,146.84,Concluída
1334,2025-03-01,1,13,683,108,1,424.26,0.0,424.26,191.74,Concluída
1335,2025-12-02,1,13,557,113,3,1934.94,0.0,1934.94,1143.72,Concluída
1336,2025-12-25,4,9,714,105,1,1347.1,0.0,1347.1,858.02,Concluída
1337,2025-12-29,1,13,44,105,2,2694.2,0.0,2694.2,1716.04,Concluída
1338,2025-06-02,3,6,842,108,3,1272.78,0.0,1272.78,575.22,Concluída
1339,2025-09-10,3,6,67,104,1,2804.45,0.0,2804.45,1695.62,Concluída
1340,2025-08-01,1,13,105,107,3,429.09,64.36,364.73,268.89,Concluída
1341,2025-09-06,1,13,497,108,1,424.26,0.0,424.26,191.74,Concluída
1342,2025-06-15,2,1,755,112,4,10517.04,525.85,9991.19,5598.2,Concluída
1343,2025-10-26,2,1,626,108,2,848.52,0.0,848.52,383.48,Concluída
1344,2025-05-16,1,13,869,111,1,3133.63,0.0,3133.63,1612.76,Concluída
1345,2025-08-24,4,9,865,103,1,207.74,0.0,207.74,133.24,Concluída
1346,2025-12-05,3,4,646,113,2,1289.96,0.0,1289.96,762.48,Concluída
1347,2025-10-07,5,10,241,106,2,275.84,13.79,262.05,146.84,Concluída
1348,2025-11-01,2,3,460,115,1,517.13,0.0,517.13,291.44,Devolvida
1349,2025-01-12,3,6,516,111,1,3133.63,0.0,3133.63,1612.76,Concluída
1350,2025-01-16,4,7,994,109,3,1316.43,131.64,1184.79,875.88,Concluída
1351,2025-03-12,1,13,463,115,3,1551.39,0.0,1551.39,874.32,Concluída
1352,2025-04-30,2,2,996,109,1,438.81,43.88,394.93,291.96,Concluída
1353,2025-02-01,4,8,554,101,1,3176.69,0.0,3176.69,2004.75,Concluída
1354,2025-04-03,4,8,577,102,1,4043.83,0.0,4043.83,1891.83,Concluída
1355,2025-12-09,1,13,524,115,1,517.13,25.86,491.27,291.44,Concluída
1356,2025-03-26,3,5,574,115,1,517.13,0.0,517.13,291.44,Concluída
1357,2025-10-24,5,12,953,114,1,440.95,0.0,440.95,271.23,Concluída
1358,2025-10-29,1,13,265,115,2,1034.26,51.71,982.55,582.88,Concluída
1359,2025-07-01,2,2,922,109,2,877.62,0.0,877.62,583.92,Concluída
1360,2025-12-20,2,1,342,112,1,2629.26,0.0,2629.26,1399.55,Cancelada
1361,2025-10-25,4,9,687,111,1,3133.63,0.0,3133.63,1612.76,Concluída
1362,2025-11-06,5,12,656,105,2,2694.2,0.0,2694.2,1716.04,Concluída
1363,2025-05-16,5,11,27,105,1,1347.1,0.0,1347.1,858.02,Concluída
1364,2025-01-06,1,13,105,107,1,143.03,21.45,121.58,89.63,Concluída
1365,2025-05-05,4,8,282,109,1,438.81,0.0,438.81,291.96,Devolvida
1366,2025-04-24,1,13,546,112,1,2629.26,0.0,2629.26,1399.55,Concluída
1367,2025-03-12,5,11,492,103,5,1038.7,51.94,986.76,666.2,Concluída
1368,2025-10-22,1,13,639,114,1,440.95,0.0,440.95,271.23,Concluída
1369,2025-02-27,3,6,255,106,2,275.84,41.38,234.46,146.84,Concluída
1370,2025-03-25,5,10,732,107,1,143.03,0.0,143.03,89.63,Concluída
1371,2025-01-01,1,13,45,115,1,517.13,0.0,517.13,291.44,Concluída
1372,2025-06-20,4,9,23,115,1,517.13,51.71,465.42,291.44,Concluída
1373,2025-06-04,2,2,128,110,1,153.35,0.0,153.35,76.82,Concluída
1374,2025-04-09,3,5,29,113,1,644.98,0.0,644.98,381.24,Concluída
1375,2025-09-05,5,12,67,113,1,644.98,32.25,612.73,381.24,Concluída
1376,2025-10-21,4,9,43,109,1,438.81,43.88,394.93,291.96,Concluída
1377,2025-07-25,2,3,149,102,1,4043.83,0.0,4043.83,1891.83,Concluída
1378,2025-02-23,4,8,638,103,3,623.22,0.0,623.22,399.72,Cancelada
1379,2025-10-07,2,3,552,110,2,306.7,0.0,306.7,153.64,Devolvida
1380,2025-07-22,3,6,451,105,3,4041.3,0.0,4041.3,2574.06,Concluída
1381,2025-02-16,1,13,322,113,2,1289.96,0.0,1289.96,762.48,Concluída
1382,2025-11-03,3,4,866,111,2,6267.26,940.09,5327.17,3225.52,Concluída
1383,2025-07-15,5,10,360,102,1,4043.83,0.0,4043.83,1891.83,Concluída
1384,2025-02-01,1,13,213,107,1,143.03,0.0,143.03,89.63,Concluída
1385,2025-03-06,1,13,336,106,1,137.92,0.0,137.92,73.42,Concluída
1386,2025-01-13,3,6,587,105,2,2694.2,0.0,2694.2,1716.04,Devolvida
1387,2025-05-09,1,13,943,107,5,715.15,35.76,679.39,448.15,Concluída
1388,2025-10-13,3,5,510,107,1,143.03,7.15,135.88,89.63,Concluída
1389,2025-01-08,4,8,323,107,3,429.09,0.0,429.09,268.89,Concluída
1390,2025-10-03,5,12,462,113,4,2579.92,129.0,2450.92,1524.96,Devolvida
1391,2025-04-09,4,9,30,107,1,143.03,14.3,128.73,89.63,Concluída
1392,2025-07-27,4,7,875,111,1,3133.63,0.0,3133.63,1612.76,Concluída
1393,2025-01-28,1,13,619,110,1,153.35,15.34,138.01,76.82,Concluída
1394,2025-12-12,2,1,122,103,1,207.74,0.0,207.74,133.24,Concluída
1395,2025-08-20,2,2,711,111,1,3133.63,0.0,3133.63,1612.76,Concluída
1396,2025-11-10,1,13,107,102,1,4043.83,202.19,3841.64,1891.83,Concluída
1397,2025-07-10,5,12,835,105,1,1347.1,0.0,1347.1,858.02,Concluída
1398,2025-01-31,1,13,111,108,1,424.26,63.64,360.62,191.74,Concluída
1399,2025-09-11,5,10,201,114,1,440.95,0.0,440.95,271.23,Concluída
1400,2025-07-03,2,1,954,113,1,644.98,0.0,644.98,381.24,Concluída
1401,2025-05-15,4,9,832,107,1,143.03,7.15,135.88,89.63,Cancelada
1402,2025-01-28,1,13,235,112,2,5258.52,0.0,5258.52,2799.1,Concluída
1403,2025-06-27,3,6,396,114,2,881.9,0.0,881.9,542.46,Concluída
1404,2025-11-22,1,13,971,109,1,438.81,0.0,438.81,291.96,Concluída
1405,2025-12-22,4,9,333,115,1,517.13,25.86,491.27,291.44,Devolvida
1406,2025-05-18,1,13,261,105,2,2694.2,0.0,2694.2,1716.04,Concluída
1407,2025-03-16,4,7,115,103,3,623.22,0.0,623.22,399.72,Concluída
1408,2025-08-18,1,13,699,110,2,306.7,46.0,260.7,153.64,Concluída
1409,2025-07-23,4,7,681,105,2,2694.2,134.71,2559.49,1716.04,Concluída
1410,2025-03-28,1,13,702,103,2,415.48,41.55,373.93,266.48,Concluída
1411,2025-01-07,3,4,821,114,1,440.95,22.05,418.9,271.23,Devolvida
1412,2025-01-22,1,13,34,107,2,286.06,14.3,271.76,179.26,Concluída
1413,2025-10-07,2,1,274,110,3,460.05,0.0,460.05,230.46,Concluída
1414,2025-06-06,1,13,528,102,2,8087.66,0.0,8087.66,3783.66,Concluída
1415,2025-05-27,2,1,863,107,1,143.03,0.0,143.03,89.63,Concluída
1416,2025-12-10,5,11,269,107,1,143.03,0.0,143.03,89.63,Concluída
1417,2025-07-05,3,5,618,110,1,153.35,7.67,145.68,76.82,Concluída
1418,2025-01-08,3,6,774,115,2,1034.26,51.71,982.55,582.88,Concluída
1419,2025-11-02,1,13,984,109,1,438.81,0.0,438.81,291.96,Concluída
1420,2025-07-17,4,9,594,107,5,715.15,0.0,715.15,448.15,Concluída
1421,2025-12-20,3,5,323,108,1,424.26,0.0,424.26,191.74,Concluída
1422,2025-05-21,4,9,141,105,1,1347.1,0.0,1347.1,858.02,Concluída
1423,2025-11-03,2,2,728,105,1,1347.1,0.0,1347.1,858.02,Concluída
1424,2025-10-13,3,6,461,103,1,207.74,0.0,207.74,133.24,Concluída
1425,2025-03-19,5,12,676,109,1,438.81,0.0,438.81,291.96,Concluída
1426,2025-10-18,1,13,530,114,1,440.95,0.0,440.95,271.23,Concluída
1427,2025-04-19,1,13,46,114,1,440.95,0.0,440.95,271.23,Concluída
1428,2025-01-02,1,13,473,107,1,143.03,0.0,143.03,89.63,Concluída
1429,2025-11-20,3,6,942,113,2,1289.96,64.5,1225.46,762.48,Concluída
1430,2025-10-08,1,13,194,106,1,137.92,0.0,137.92,73.42,Concluída
1431,2025-05-01,5,11,951,106,2,275.84,0.0,275.84,146.84,Concluída
1432,2025-09-19,4,8,283,107,2,286.06,14.3,271.76,179.26,Concluída
1433,2025-03-12,1,13,419,114,5,2204.75,0.0,2204.75,1356.15,Concluída
1434,2025-02-20,1,13,751,113,5,3224.9,0.0,3224.9,1906.2,Concluída
1435,2025-04-04,1,13,967,106,4,551.68,0.0,551.68,293.68,Concluída
1436,2025-02-08,1,13,447,107,4,572.12,28.61,543.51,358.52,Concluída
1437,2025-02-17,1,13,939,106,1,137.92,0.0,137.92,73.42,Concluída
1438,2025-04-26,5,10,828,108,1,424.26,0.0,424.26,191.74,Concluída
1439,2025-10-30,1,13,43,109,2,877.62,0.0,877.62,583.92,Concluída
1440,2025-04-10,2,3,208,105,1,1347.1,0.0,1347.1,858.02,Concluída
1441,2025-10-17,3,4,398,110,1,153.35,0.0,153.35,76.82,Concluída
1442,2025-08-10,2,3,920,111,1,3133.63,0.0,3133.63,1612.76,Devolvida
1443,2025-12-05,3,6,75,106,1,137.92,6.9,131.02,73.42,Concluída
1444,2025-07-05,2,1,584,108,3,1272.78,0.0,1272.78,575.22,Concluída
1445,2025-03-06,1,13,136,107,3,429.09,21.45,407.64,268.89,Concluída
1446,2025-11-20,2,3,851,114,1,440.95,0.0,440.95,271.23,Devolvida
1447,2025-10-11,4,9,378,115,1,517.13,0.0,517.13,291.44,Concluída
1448,2025-06-21,2,1,472,108,1,424.26,21.21,403.05,191.74,Concluída
1449,2025-03-12,2,2,617,103,2,415.48,0.0,415.48,266.48,Concluída
1450,2025-11-27,2,2,95,110,2,306.7,0.0,306.7,153.64,Concluída
1451,2025-05-17,1,13,618,108,1,424.26,0.0,424.26,191.74,Concluída
1452,2025-12-29,5,11,739,112,1,2629.26,262.93,2366.33,1399.55,Concluída
1453,2025-10-11,1,13,382,108,2,848.52,0.0,848.52,383.48,Concluída
1454,2025-09-16,1,13,130,114,3,1322.85,0.0,1322.85,813.69,Concluída
1455,2025-10-22,1,13,65,111,1,3133.63,313.36,2820.27,1612.76,Cancelada
1456,2025-07-29,1,13,471,103,1,207.74,0.0,207.74,133.24,Concluída
1457,2025-08-29,5,12,167,115,1,517.13,0.0,517.13,291.44,Concluída
1458,2025-05-24,1,13,498,109,2,877.62,87.76,789.86,583.92,Concluída
1459,2025-03-24,3,6,464,104,1,2804.45,420.67,2383.78,1695.62,Concluída
1460,2025-10-05,5,11,7,108,1,424.26,21.21,403.05,191.74,Cancelada
1461,2025-11-25,3,4,94,102,1,4043.83,606.57,3437.26,1891.83,Concluída
1462,2025-08-26,5,10,836,111,1,3133.63,0.0,3133.63,1612.76,Concluída
1463,2025-01-23,4,7,970,114,3,1322.85,0.0,1322.85,813.69,Concluída
1464,2025-03-11,1,13,474,102,2,8087.66,0.0,8087.66,3783.66,Concluída
1465,2025-01-03,5,11,928,112,2,5258.52,262.93,4995.59,2799.1,Concluída
1466,2025-10-21,4,9,729,106,2,275.84,0.0,275.84,146.84,Concluída
1467,2025-10-18,2,2,608,109,1,438.81,43.88,394.93,291.96,Concluída
1468,2025-03-09,3,5,980,108,2,848.52,0.0,848.52,383.48,Concluída
1469,2025-11-16,4,9,948,103,4,830.96,0.0,830.96,532.96,Concluída
1470,2025-10-03,1,13,37,105,1,1347.1,0.0,1347.1,858.02,Concluída
1471,2025-12-06,3,4,702,103,1,207.74,20.77,186.97,133.24,Concluída
1472,2025-07-04,2,3,783,115,2,1034.26,0.0,1034.26,582.88,Cancelada
1473,2025-08-04,2,2,883,105,4,5388.4,0.0,5388.4,3432.08,Concluída
1474,2025-08-18,1,13,735,105,3,4041.3,404.13,3637.17,2574.06,Concluída
1475,2025-10-08,1,13,326,113,1,644.98,64.5,580.48,381.24,Concluída
1476,2025-11-19,5,11,416,115,1,517.13,0.0,517.13,291.44,Concluída
1477,2025-08-17,4,8,722,101,1,3176.69,0.0,3176.69,2004.75,Concluída
1478,2025-02-10,1,13,164,104,1,2804.45,140.22,2664.23,1695.62,Concluída
1479,2025-01-18,2,2,924,113,1,644.98,0.0,644.98,381.24,Concluída
1480,2025-06-08,3,6,615,102,3,12131.49,0.0,12131.49,5675.49,Concluída
1481,2025-02-21,2,3,964,107,1,143.03,21.45,121.58,89.63,Concluída
1482,2025-06-18,4,9,966,108,2,848.52,0.0,848.52,383.48,Concluída
1483,2025-03-28,3,5,735,110,1,153.35,0.0,153.35,76.82,Concluída
1484,2025-05-18,3,4,699,103,5,1038.7,103.87,934.83,666.2,Concluída
1485,2025-04-04,2,2,804,113,3,1934.94,0.0,1934.94,1143.72,Devolvida
1486,2025-01-06,1,13,778,113,2,1289.96,0.0,1289.96,762.48,Concluída
1487,2025-06-22,1,13,929,115,1,517.13,25.86,491.27,291.44,Concluída
1488,2025-10-29,1,13,33,108,1,424.26,63.64,360.62,191.74,Concluída
1489,2025-08-15,3,4,475,110,1,153.35,15.34,138.01,76.82,Concluída
1490,2025-10-30,3,6,29,115,1,517.13,25.86,491.27,291.44,Concluída
1491,2025-01-05,5,11,981,111,2,6267.26,940.09,5327.17,3225.52,Concluída
1492,2025-01-07,1,13,4,105,1,1347.1,134.71,1212.39,858.02,Concluída
1493,2025-08-08,1,13,66,102,1,4043.83,0.0,4043.83,1891.83,Cancelada
1494,2025-04-24,5,11,902,110,2,306.7,0.0,306.7,153.64,Concluída
1495,2025-06-27,4,7,932,106,2,275.84,0.0,275.84,146.84,Concluída
1496,2025-07-18,1,13,418,108,1,424.26,0.0,424.26,191.74,Concluída
1497,2025-07-23,2,3,61,102,1,4043.83,202.19,3841.64,1891.83,Concluída
1498,2025-01-23,4,7,491,109,1,438.81,21.94,416.87,291.96,Concluída
1499,2025-04-22,3,6,869,105,1,1347.1,67.36,1279.74,858.02,Devolvida
1500,2025-04-26,1,13,503,108,1,424.26,21.21,403.05,191.74,Concluída
1501,2025-06-17,1,13,649,106,2,275.84,0.0,275.84,146.84,Concluída
1502,2025-07-14,1,13,921,107,1,143.03,0.0,143.03,89.63,Concluída
1503,2025-04-05,3,6,192,111,3,9400.89,470.04,8930.85,4838.28,Concluída
1504,2025-04-24,1,13,72,101,2,6353.38,0.0,6353.38,4009.5,Concluída
1505,2025-08-04,4,7,365,104,1,2804.45,140.22,2664.23,1695.62,Concluída
1506,2025-07-31,2,1,15,103,3,623.22,0.0,623.22,399.72,Concluída
1507,2025-08-16,1,13,632,115,1,517.13,51.71,465.42,291.44,Concluída
1508,2025-08-22,1,13,332,114,1,440.95,0.0,440.95,271.23,Concluída
1509,2025-10-31,4,8,172,107,1,143.03,21.45,121.58,89.63,Concluída
1510,2025-12-10,4,7,817,101,3,9530.07,0.0,9530.07,6014.25,Concluída
1511,2025-09-24,1,13,474,108,3,1272.78,63.64,1209.14,575.22,Concluída
1512,2025-08-16,1,13,863,103,1,207.74,10.39,197.35,133.24,Concluída
1513,2025-04-07,2,1,102,111,2,6267.26,313.36,5953.9,3225.52,Concluída
1514,2025-06-30,5,12,805,102,1,4043.83,404.38,3639.45,1891.83,Concluída
1515,2025-12-18,1,13,445,102,2,8087.66,0.0,8087.66,3783.66,Concluída
1516,2025-07-10,1,13,748,110,3,460.05,0.0,460.05,230.46,Concluída
1517,2025-08-29,1,13,391,109,1,438.81,21.94,416.87,291.96,Concluída
1518,2025-06-23,5,11,548,113,2,1289.96,0.0,1289.96,762.48,Concluída
1519,2025-10-08,5,12,966,103,1,207.74,0.0,207.74,133.24,Cancelada
1520,2025-09-18,1,13,888,101,2,6353.38,953.01,5400.37,4009.5,Concluída
1521,2025-09-02,1,13,182,109,1,438.81,0.0,438.81,291.96,Concluída
1522,2025-04-28,1,13,61,105,1,1347.1,0.0,1347.1,858.02,Devolvida
1523,2025-12-02,1,13,947,112,3,7887.78,394.39,7493.39,4198.65,Concluída
1524,2025-07-04,2,3,201,112,1,2629.26,0.0,2629.26,1399.55,Concluída
1525,2025-01-07,1,13,52,105,3,4041.3,202.07,3839.23,2574.06,Concluída
1526,2025-03-09,1,13,510,106,3,413.76,0.0,413.76,220.26,Concluída
1527,2025-05-05,1,13,43,115,2,1034.26,0.0,1034.26,582.88,Concluída
1528,2025-06-21,5,11,260,107,1,143.03,7.15,135.88,89.63,Concluída
1529,2025-06-26,3,6,237,115,2,1034.26,0.0,1034.26,582.88,Concluída
1530,2025-10-27,1,13,136,113,1,644.98,0.0,644.98,381.24,Concluída
1531,2025-11-03,1,13,481,105,1,1347.1,0.0,1347.1,858.02,Concluída
1532,2025-03-23,3,6,224,102,3,12131.49,0.0,12131.49,5675.49,Concluída
1533,2025-10-05,4,7,635,107,1,143.03,0.0,143.03,89.63,Concluída
1534,2025-04-14,5,11,499,101,1,3176.69,0.0,3176.69,2004.75,Concluída
1535,2025-07-08,5,11,862,115,1,517.13,77.57,439.56,291.44,Concluída
1536,2025-01-21,1,13,953,103,1,207.74,0.0,207.74,133.24,Concluída
1537,2025-07-05,1,13,798,113,2,1289.96,0.0,1289.96,762.48,Concluída
1538,2025-08-09,1,13,702,105,2,2694.2,0.0,2694.2,1716.04,Concluída
1539,2025-08-02,1,13,663,110,1,153.35,0.0,153.35,76.82,Concluída
1540,2025-03-28,1,13,904,114,1,440.95,0.0,440.95,271.23,Concluída
1541,2025-04-21,4,9,141,115,2,1034.26,0.0,1034.26,582.88,Concluída
1542,2025-12-23,1,13,104,111,1,3133.63,0.0,3133.63,1612.76,Concluída
1543,2025-01-21,2,2,972,110,4,613.4,0.0,613.4,307.28,Concluída
1544,2025-07-28,1,13,742,105,3,4041.3,202.07,3839.23,2574.06,Concluída
1545,2025-10-20,3,5,226,104,1,2804.45,140.22,2664.23,1695.62,Concluída
1546,2025-05-25,5,10,911,106,2,275.84,0.0,275.84,146.84,Concluída
1547,2025-05-06,1,13,973,114,1,440.95,22.05,418.9,271.23,Concluída
1548,2025-12-28,4,9,542,108,1,424.26,0.0,424.26,191.74,Concluída
1549,2025-07-09,4,9,400,115,2,1034.26,51.71,982.55,582.88,Concluída
1550,2025-08-21,2,3,917,112,2,5258.52,0.0,5258.52,2799.1,Concluída
1551,2025-11-22,1,13,370,104,1,2804.45,0.0,2804.45,1695.62,Devolvida
1552,2025-05-19,1,13,986,113,1,644.98,0.0,644.98,381.24,Concluída
1553,2025-02-10,1,13,379,101,1,3176.69,317.67,2859.02,2004.75,Concluída
1554,2025-11-13,5,11,521,102,2,8087.66,0.0,8087.66,3783.66,Concluída
1555,2025-03-15,1,13,590,107,1,143.03,7.15,135.88,89.63,Concluída
1556,2025-05-03,1,13,140,104,1,2804.45,140.22,2664.23,1695.62,Devolvida
1557,2025-05-17,1,13,956,114,1,440.95,66.14,374.81,271.23,Cancelada
1558,2025-11-30,2,1,254,113,3,1934.94,193.49,1741.45,1143.72,Concluída
1559,2025-06-04,4,8,219,112,2,5258.52,0.0,5258.52,2799.1,Concluída
1560,2025-12-03,4,7,107,115,2,1034.26,0.0,1034.26,582.88,Concluída
1561,2025-12-18,3,5,963,109,2,877.62,87.76,789.86,583.92,Concluída
1562,2025-03-03,1,13,95,115,3,1551.39,0.0,1551.39,874.32,Concluída
1563,2025-07-05,4,9,287,112,3,7887.78,0.0,7887.78,4198.65,Cancelada
1564,2025-08-24,1,13,50,102,1,4043.83,0.0,4043.83,1891.83,Concluída
1565,2025-11-28,5,12,26,112,1,2629.26,131.46,2497.8,1399.55,Concluída
1566,2025-03-17,1,13,474,108,1,424.26,0.0,424.26,191.74,Concluída
1567,2025-07-28,1,13,4,102,1,4043.83,0.0,4043.83,1891.83,Concluída
1568,2025-11-19,3,4,834,108,3,1272.78,0.0,1272.78,575.22,Cancelada
1569,2025-07-08,1,13,38,101,3,9530.07,0.0,9530.07,6014.25,Concluída
1570,2025-03-07,1,13,328,108,2,848.52,84.85,763.67,383.48,Concluída
1571,2025-01-14,3,4,991,110,2,306.7,0.0,306.7,153.64,Cancelada
1572,2025-07-23,2,3,711,102,1,4043.83,0.0,4043.83,1891.83,Concluída
1573,2025-03-04,1,13,360,112,1,2629.26,131.46,2497.8,1399.55,Concluída
1574,2025-01-14,3,4,590,112,2,5258.52,0.0,5258.52,2799.1,Concluída
1575,2025-03-07,3,6,361,114,3,1322.85,66.14,1256.71,813.69,Concluída
1576,2025-05-01,1,13,656,112,2,5258.52,0.0,5258.52,2799.1,Concluída
1577,2025-04-08,5,12,623,103,1,207.74,0.0,207.74,133.24,Concluída
1578,2025-12-22,4,7,801,106,1,137.92,0.0,137.92,73.42,Concluída
1579,2025-09-17,1,13,481,107,1,143.03,0.0,143.03,89.63,Devolvida
1580,2025-01-24,2,2,622,108,2,848.52,0.0,848.52,383.48,Concluída
1581,2025-03-23,4,7,391,101,1,3176.69,0.0,3176.69,2004.75,Concluída
1582,2025-02-21,1,13,915,109,2,877.62,0.0,877.62,583.92,Concluída
1583,2025-02-15,5,11,683,113,2,1289.96,0.0,1289.96,762.48,Concluída
1584,2025-05-15,2,2,799,107,1,143.03,0.0,143.03,89.63,Concluída
1585,2025-03-09,1,13,708,103,1,207.74,0.0,207.74,133.24,Concluída
1586,2025-01-09,3,6,300,105,5,6735.5,0.0,6735.5,4290.1,Devolvida
1587,2025-10-17,1,13,183,112,4,10517.04,0.0,10517.04,5598.2,Concluída
1588,2025-11-13,5,11,217,106,2,275.84,27.58,248.26,146.84,Concluída
1589,2025-11-22,4,8,886,113,1,644.98,64.5,580.48,381.24,Concluída
1590,2025-01-29,1,13,283,102,2,8087.66,0.0,8087.66,3783.66,Concluída
1591,2025-04-28,4,8,791,102,2,8087.66,0.0,8087.66,3783.66,Concluída
1592,2025-12-04,1,13,179,107,2,286.06,0.0,286.06,179.26,Concluída
1593,2025-07-24,1,13,673,106,1,137.92,0.0,137.92,73.42,Concluída
1594,2025-09-01,1,13,258,110,1,153.35,0.0,153.35,76.82,Concluída
1595,2025-02-04,1,13,738,105,1,1347.1,0.0,1347.1,858.02,Cancelada
1596,2025-06-25,1,13,18,110,3,460.05,0.0,460.05,230.46,Concluída
1597,2025-10-31,5,12,329,108,1,424.26,0.0,424.26,191.74,Concluída
1598,2025-09-02,4,7,19,105,1,1347.1,202.06,1145.04,858.02,Concluída
1599,2025-02-06,3,6,509,102,1,4043.83,202.19,3841.64,1891.83,Concluída
1600,2025-02-07,5,12,250,113,2,1289.96,129.0,1160.96,762.48,Concluída
1601,2025-08-25,2,3,465,107,1,143.03,21.45,121.58,89.63,Concluída
1602,2025-02-07,1,13,915,108,1,424.26,21.21,403.05,191.74,Devolvida
1603,2025-04-05,1,13,692,113,1,644.98,96.75,548.23,381.24,Concluída
1604,2025-09-29,2,2,665,109,1,438.81,0.0,438.81,291.96,Concluída
1605,2025-04-17,5,12,586,115,3,1551.39,77.57,1473.82,874.32,Concluída
1606,2025-11-05,1,13,337,105,1,1347.1,202.06,1145.04,858.02,Concluída
1607,2025-10-24,3,4,239,102,1,4043.83,0.0,4043.83,1891.83,Concluída
1608,2025-06-30,4,8,498,113,1,644.98,96.75,548.23,381.24,Concluída
1609,2025-08-22,4,8,492,101,2,6353.38,0.0,6353.38,4009.5,Concluída
1610,2025-10-15,2,2,317,109,2,877.62,0.0,877.62,583.92,Concluída
1611,2025-10-21,2,2,946,105,3,4041.3,0.0,4041.3,2574.06,Concluída
1612,2025-07-17,5,11,708,101,1,3176.69,0.0,3176.69,2004.75,Concluída
1613,2025-05-06,1,13,482,104,1,2804.45,140.22,2664.23,1695.62,Devolvida
1614,2025-10-17,2,1,986,108,1,424.26,0.0,424.26,191.74,Concluída
1615,2025-11-29,1,13,229,106,1,137.92,6.9,131.02,73.42,Concluída
1616,2025-01-05,1,13,113,103,1,207.74,0.0,207.74,133.24,Concluída
1617,2025-08-07,1,13,874,106,2,275.84,27.58,248.26,146.84,Concluída
1618,2025-10-14,4,8,627,107,1,143.03,0.0,143.03,89.63,Concluída
1619,2025-05-07,1,13,772,105,3,4041.3,404.13,3637.17,2574.06,Concluída
1620,2025-04-24,1,13,805,102,2,8087.66,0.0,8087.66,3783.66,Concluída
1621,2025-10-19,5,12,251,113,2,1289.96,64.5,1225.46,762.48,Cancelada
1622,2025-05-13,1,13,292,104,1,2804.45,0.0,2804.45,1695.62,Concluída
1623,2025-01-09,2,3,857,111,2,6267.26,0.0,6267.26,3225.52,Concluída
1624,2025-10-31,1,13,132,110,2,306.7,15.34,291.36,153.64,Concluída
1625,2025-10-22,3,6,658,113,3,1934.94,0.0,1934.94,1143.72,Cancelada
1626,2025-02-21,1,13,991,101,5,15883.45,794.17,15089.28,10023.75,Concluída
1627,2025-02-01,3,4,882,108,2,848.52,0.0,848.52,383.48,Concluída
1628,2025-09-23,1,13,646,112,2,5258.52,0.0,5258.52,2799.1,Concluída
1629,2025-10-27,1,13,39,104,1,2804.45,0.0,2804.45,1695.62,Concluída
1630,2025-06-05,1,13,152,112,2,5258.52,0.0,5258.52,2799.1,Concluída
1631,2025-03-14,5,11,110,103,2,415.48,0.0,415.48,266.48,Concluída
1632,2025-06-20,4,8,542,112,1,2629.26,0.0,2629.26,1399.55,Concluída
1633,2025-11-18,3,5,987,101,1,3176.69,0.0,3176.69,2004.75,Concluída
1634,2025-10-21,3,4,268,112,1,2629.26,0.0,2629.26,1399.55,Concluída
1635,2025-06-17,1,13,87,102,1,4043.83,0.0,4043.83,1891.83,Concluída
1636,2025-04-15,1,13,196,114,1,440.95,44.09,396.86,271.23,Concluída
1637,2025-01-18,4,7,318,108,1,424.26,0.0,424.26,191.74,Concluída
1638,2025-02-25,1,13,680,108,2,848.52,0.0,848.52,383.48,Concluída
1639,2025-12-12,4,8,801,114,1,440.95,0.0,440.95,271.23,Concluída
1640,2025-11-30,1,13,583,114,1,440.95,22.05,418.9,271.23,Cancelada
1641,2025-03-20,5,12,92,111,2,6267.26,0.0,6267.26,3225.52,Concluída
1642,2025-02-02,2,1,39,105,1,1347.1,0.0,1347.1,858.02,Concluída
1643,2025-10-02,4,8,970,101,1,3176.69,158.83,3017.86,2004.75,Concluída
1644,2025-05-24,2,2,186,108,2,848.52,42.43,806.09,383.48,Concluída
1645,2025-03-23,1,13,533,103,2,415.48,0.0,415.48,266.48,Concluída
1646,2025-03-10,1,13,221,104,3,8413.35,0.0,8413.35,5086.86,Concluída
1647,2025-05-10,2,2,70,112,2,5258.52,262.93,4995.59,2799.1,Concluída
1648,2025-08-22,1,13,449,114,1,440.95,22.05,418.9,271.23,Concluída
1649,2025-06-27,4,8,256,115,2,1034.26,0.0,1034.26,582.88,Concluída
1650,2025-04-18,1,13,933,104,2,5608.9,0.0,5608.9,3391.24,Concluída
1651,2025-09-07,1,13,222,105,2,2694.2,404.13,2290.07,1716.04,Concluída
1652,2025-03-07,2,2,70,113,1,644.98,32.25,612.73,381.24,Devolvida
1653,2025-01-09,1,13,981,103,2,415.48,0.0,415.48,266.48,Concluída
1654,2025-07-11,1,13,939,114,1,440.95,44.09,396.86,271.23,Concluída
1655,2025-02-22,4,8,658,111,2,6267.26,0.0,6267.26,3225.52,Concluída
1656,2025-02-24,3,6,959,114,1,440.95,0.0,440.95,271.23,Concluída
1657,2025-11-24,2,3,894,115,1,517.13,25.86,491.27,291.44,Concluída
1658,2025-03-17,1,13,185,103,1,207.74,0.0,207.74,133.24,Cancelada
1659,2025-12-19,1,13,777,109,1,438.81,0.0,438.81,291.96,Concluída
1660,2025-03-17,5,11,256,111,1,3133.63,0.0,3133.63,1612.76,Cancelada
1661,2025-04-06,1,13,89,101,1,3176.69,0.0,3176.69,2004.75,Concluída
1662,2025-05-01,3,6,567,107,2,286.06,14.3,271.76,179.26,Concluída
1663,2025-02-07,2,1,884,114,1,440.95,22.05,418.9,271.23,Concluída
1664,2025-04-26,3,5,107,110,4,613.4,0.0,613.4,307.28,Concluída
1665,2025-04-02,3,6,908,115,2,1034.26,0.0,1034.26,582.88,Concluída
1666,2025-03-14,5,11,767,105,1,1347.1,0.0,1347.1,858.02,Concluída
1667,2025-01-11,1,13,154,103,1,207.74,0.0,207.74,133.24,Concluída
1668,2025-12-17,4,9,901,111,1,3133.63,470.04,2663.59,1612.76,Cancelada
1669,2025-01-01,3,4,208,105,1,1347.1,0.0,1347.1,858.02,Cancelada
1670,2025-01-10,1,13,521,110,1,153.35,0.0,153.35,76.82,Concluída
1671,2025-01-11,4,7,881,106,2,275.84,0.0,275.84,146.84,Concluída
1672,2025-06-28,1,13,195,113,2,1289.96,0.0,1289.96,762.48,Concluída
1673,2025-04-04,1,13,164,115,1,517.13,0.0,517.13,291.44,Concluída
1674,2025-04-05,2,2,486,106,2,275.84,0.0,275.84,146.84,Concluída
1675,2025-03-20,1,13,908,107,1,143.03,0.0,143.03,89.63,Concluída
1676,2025-03-10,1,13,587,112,3,7887.78,0.0,7887.78,4198.65,Concluída
1677,2025-02-06,1,13,224,101,1,3176.69,0.0,3176.69,2004.75,Concluída
1678,2025-12-25,3,4,447,104,1,2804.45,140.22,2664.23,1695.62,Concluída
1679,2025-07-29,1,13,681,113,4,2579.92,0.0,2579.92,1524.96,Concluída
1680,2025-06-21,3,6,527,101,2,6353.38,0.0,6353.38,4009.5,Concluída
1681,2025-04-15,3,4,671,109,2,877.62,0.0,877.62,583.92,Concluída
1682,2025-10-01,4,7,722,114,1,440.95,22.05,418.9,271.23,Concluída
1683,2025-03-19,1,13,801,102,1,4043.83,0.0,4043.83,1891.83,Concluída
1684,2025-02-27,3,6,158,114,1,440.95,0.0,440.95,271.23,Concluída
1685,2025-07-25,1,13,107,113,1,644.98,0.0,644.98,381.24,Concluída
1686,2025-10-03,1,13,313,113,1,644.98,32.25,612.73,381.24,Concluída
1687,2025-07-18,1,13,453,111,1,3133.63,0.0,3133.63,1612.76,Concluída
1688,2025-06-17,4,8,654,107,1,143.03,14.3,128.73,89.63,Concluída
1689,2025-03-02,3,6,133,104,1,2804.45,0.0,2804.45,1695.62,Concluída
1690,2025-08-12,4,7,77,104,1,2804.45,0.0,2804.45,1695.62,Concluída
1691,2025-05-26,1,13,545,104,2,5608.9,0.0,5608.9,3391.24,Concluída
1692,2025-09-19,5,12,792,114,2,881.9,0.0,881.9,542.46,Concluída
1693,2025-11-11,2,2,603,110,1,153.35,0.0,153.35,76.82,Concluída
1694,2025-09-27,1,13,527,112,1,2629.26,131.46,2497.8,1399.55,Concluída
1695,2025-04-23,4,8,420,101,2,6353.38,317.67,6035.71,4009.5,Concluída
1696,2025-02-01,1,13,766,103,1,207.74,0.0,207.74,133.24,Concluída
1697,2025-02-19,1,13,335,113,1,644.98,0.0,644.98,381.24,Concluída
1698,2025-05-01,2,1,958,106,1,137.92,0.0,137.92,73.42,Concluída
1699,2025-11-12,1,13,62,108,1,424.26,21.21,403.05,191.74,Concluída
1700,2025-08-23,4,7,879,104,1,2804.45,0.0,2804.45,1695.62,Concluída
1701,2025-09-14,3,5,690,113,3,1934.94,0.0,1934.94,1143.72,Concluída
1702,2025-07-28,5,10,518,106,2,275.84,27.58,248.26,146.84,Devolvida
1703,2025-07-26,1,13,108,104,1,2804.45,0.0,2804.45,1695.62,Concluída
1704,2025-01-01,5,10,159,111,1,3133.63,0.0,3133.63,1612.76,Cancelada
1705,2025-11-08,1,13,358,115,1,517.13,25.86,491.27,291.44,Concluída
1706,2025-02-02,2,2,726,113,2,1289.96,64.5,1225.46,762.48,Concluída
1707,2025-09-04,2,1,667,101,1,3176.69,0.0,3176.69,2004.75,Concluída
1708,2025-10-25,1,13,877,111,2,6267.26,0.0,6267.26,3225.52,Concluída
1709,2025-03-07,2,2,980,107,1,143.03,14.3,128.73,89.63,Concluída
1710,2025-06-30,5,11,594,114,1,440.95,0.0,440.95,271.23,Concluída
1711,2025-06-29,3,4,753,111,1,3133.63,156.68,2976.95,1612.76,Concluída
1712,2025-12-26,1,13,713,114,1,440.95,0.0,440.95,271.23,Concluída
1713,2025-07-01,2,1,142,106,1,137.92,0.0,137.92,73.42,Concluída
1714,2025-10-17,5,10,352,106,1,137.92,0.0,137.92,73.42,Concluída
1715,2025-11-22,1,13,756,105,3,4041.3,0.0,4041.3,2574.06,Concluída
1716,2025-08-16,1,13,147,113,2,1289.96,0.0,1289.96,762.48,Devolvida
1717,2025-06-05,1,13,588,110,1,153.35,0.0,153.35,76.82,Concluída
1718,2025-11-01,2,3,697,108,1,424.26,0.0,424.26,191.74,Concluída
1719,2025-10-20,1,13,78,109,1,438.81,0.0,438.81,291.96,Concluída
1720,2025-06-04,1,13,249,105,2,2694.2,0.0,2694.2,1716.04,Concluída
1721,2025-04-16,1,13,390,105,2,2694.2,0.0,2694.2,1716.04,Concluída
1722,2025-06-11,1,13,679,111,1,3133.63,0.0,3133.63,1612.76,Concluída
1723,2025-03-29,1,13,168,107,1,143.03,0.0,143.03,89.63,Concluída
1724,2025-05-29,2,1,19,114,1,440.95,0.0,440.95,271.23,Concluída
1725,2025-07-03,2,1,1,109,3,1316.43,0.0,1316.43,875.88,Concluída
1726,2025-12-07,4,8,495,105,2,2694.2,0.0,2694.2,1716.04,Concluída
1727,2025-11-01,3,5,854,114,2,881.9,0.0,881.9,542.46,Concluída
1728,2025-05-02,1,13,808,106,3,413.76,0.0,413.76,220.26,Concluída
1729,2025-12-14,1,13,779,111,1,3133.63,0.0,3133.63,1612.76,Concluída
1730,2025-11-02,1,13,18,115,4,2068.52,0.0,2068.52,1165.76,Concluída
1731,2025-10-13,1,13,846,108,4,1697.04,84.85,1612.19,766.96,Cancelada
1732,2025-05-31,2,3,54,109,2,877.62,87.76,789.86,583.92,Cancelada
1733,2025-12-01,1,13,166,107,3,429.09,21.45,407.64,268.89,Concluída
1734,2025-11-20,4,8,382,115,2,1034.26,0.0,1034.26,582.88,Concluída
1735,2025-06-01,1,13,135,110,1,153.35,0.0,153.35,76.82,Concluída
1736,2025-12-07,1,13,573,115,3,1551.39,77.57,1473.82,874.32,Concluída
1737,2025-06-04,5,11,146,113,2,1289.96,0.0,1289.96,762.48,Cancelada
1738,2025-11-09,3,5,141,106,3,413.76,20.69,393.07,220.26,Concluída
1739,2025-04-03,1,13,340,104,1,2804.45,0.0,2804.45,1695.62,Concluída
1740,2025-08-14,4,8,511,105,1,1347.1,0.0,1347.1,858.02,Concluída
1741,2025-12-17,4,8,612,104,2,5608.9,0.0,5608.9,3391.24,Concluída
1742,2025-04-29,2,2,7,108,2,848.52,127.28,721.24,383.48,Concluída
1743,2025-06-28,1,13,719,114,3,1322.85,0.0,1322.85,813.69,Concluída
1744,2025-05-08,1,13,970,102,3,12131.49,0.0,12131.49,5675.49,Concluída
1745,2025-08-30,1,13,649,108,1,424.26,0.0,424.26,191.74,Concluída
1746,2025-11-25,2,1,633,106,1,137.92,6.9,131.02,73.42,Concluída
1747,2025-06-16,1,13,175,111,2,6267.26,0.0,6267.26,3225.52,Concluída
1748,2025-02-21,2,3,336,108,1,424.26,0.0,424.26,191.74,Concluída
1749,2025-06-22,5,12,873,111,1,3133.63,0.0,3133.63,1612.76,Concluída
1750,2025-08-18,2,2,483,104,2,5608.9,0.0,5608.9,3391.24,Concluída
1751,2025-03-14,1,13,115,114,2,881.9,0.0,881.9,542.46,Concluída
1752,2025-06-03,3,6,471,104,1,2804.45,140.22,2664.23,1695.62,Concluída
1753,2025-01-19,1,13,523,109,1,438.81,0.0,438.81,291.96,Concluída
1754,2025-08-04,1,13,705,104,1,2804.45,0.0,2804.45,1695.62,Cancelada
1755,2025-04-04,2,1,526,108,1,424.26,42.43,381.83,191.74,Concluída
1756,2025-10-13,1,13,492,109,1,438.81,0.0,438.81,291.96,Concluída
1757,2025-08-11,1,13,321,103,1,207.74,10.39,197.35,133.24,Concluída
1758,2025-12-05,1,13,747,104,1,2804.45,140.22,2664.23,1695.62,Concluída
1759,2025-02-21,2,1,365,107,2,286.06,0.0,286.06,179.26,Concluída
1760,2025-07-15,2,3,491,108,2,848.52,84.85,763.67,383.48,Concluída
1761,2025-07-23,3,4,318,104,1,2804.45,0.0,2804.45,1695.62,Concluída
1762,2025-10-22,1,13,645,113,1,644.98,96.75,548.23,381.24,Concluída
1763,2025-11-09,3,6,810,101,2,6353.38,0.0,6353.38,4009.5,Concluída
1764,2025-10-11,1,13,592,101,1,3176.69,0.0,3176.69,2004.75,Cancelada
1765,2025-12-29,1,13,722,102,1,4043.83,0.0,4043.83,1891.83,Concluída
1766,2025-05-28,1,13,400,105,2,2694.2,0.0,2694.2,1716.04,Concluída
1767,2025-11-14,4,9,630,112,1,2629.26,0.0,2629.26,1399.55,Concluída
1768,2025-07-09,4,8,337,111,2,6267.26,0.0,6267.26,3225.52,Concluída
1769,2025-09-23,4,9,53,103,1,207.74,0.0,207.74,133.24,Concluída
1770,2025-10-03,3,6,867,111,2,6267.26,313.36,5953.9,3225.52,Concluída
1771,2025-10-04,1,13,921,102,1,4043.83,404.38,3639.45,1891.83,Concluída
1772,2025-09-28,1,13,948,106,2,275.84,13.79,262.05,146.84,Concluída
1773,2025-04-16,2,1,536,107,5,715.15,0.0,715.15,448.15,Concluída
1774,2025-04-22,3,4,541,109,1,438.81,0.0,438.81,291.96,Concluída
1775,2025-02-11,2,3,504,114,1,440.95,0.0,440.95,271.23,Cancelada
1776,2025-10-23,1,13,756,113,2,1289.96,129.0,1160.96,762.48,Devolvida
1777,2025-10-21,3,4,854,102,1,4043.83,0.0,4043.83,1891.83,Concluída
1778,2025-03-17,2,2,947,107,1,143.03,0.0,143.03,89.63,Concluída
1779,2025-02-15,3,6,321,112,1,2629.26,131.46,2497.8,1399.55,Concluída
1780,2025-08-26,5,10,788,114,2,881.9,0.0,881.9,542.46,Concluída
1781,2025-01-11,4,7,125,110,1,153.35,0.0,153.35,76.82,Concluída
1782,2025-09-30,1,13,315,103,2,415.48,0.0,415.48,266.48,Concluída
1783,2025-08-07,1,13,707,109,1,438.81,0.0,438.81,291.96,Concluída
1784,2025-09-15,3,4,291,106,1,137.92,0.0,137.92,73.42,Concluída
1785,2025-08-25,1,13,928,106,3,413.76,20.69,393.07,220.26,Concluída
1786,2025-04-16,1,13,144,115,1,517.13,0.0,517.13,291.44,Concluída
1787,2025-11-03,2,1,215,106,1,137.92,0.0,137.92,73.42,Concluída
1788,2025-11-17,1,13,999,114,4,1763.8,88.19,1675.61,1084.92,Concluída
1789,2025-07-07,3,5,462,111,1,3133.63,156.68,2976.95,1612.76,Concluída
1790,2025-07-12,1,13,582,103,1,207.74,10.39,197.35,133.24,Concluída
1791,2025-07-14,1,13,980,111,2,6267.26,313.36,5953.9,3225.52,Concluída
1792,2025-05-03,2,1,468,101,3,9530.07,0.0,9530.07,6014.25,Concluída
1793,2025-11-29,1,13,352,115,1,517.13,0.0,517.13,291.44,Concluída
1794,2025-05-11,1,13,79,101,3,9530.07,0.0,9530.07,6014.25,Concluída
1795,2025-06-15,3,4,343,109,3,1316.43,0.0,1316.43,875.88,Concluída
1796,2025-05-16,1,13,987,102,1,4043.83,202.19,3841.64,1891.83,Concluída
1797,2025-03-11,2,1,9,105,1,1347.1,0.0,1347.1,858.02,Concluída
1798,2025-09-18,4,8,649,105,2,2694.2,0.0,2694.2,1716.04,Concluída
1799,2025-10-24,1,13,814,104,3,8413.35,0.0,8413.35,5086.86,Concluída
1800,2025-01-23,2,2,267,112,2,5258.52,525.85,4732.67,2799.1,Concluída
1801,2025-11-17,5,10,584,103,1,207.74,0.0,207.74,133.24,Concluída
1802,2025-11-11,2,2,893,106,2,275.84,0.0,275.84,146.84,Concluída
1803,2025-05-02,4,8,551,112,3,7887.78,0.0,7887.78,4198.65,Concluída
1804,2025-08-21,1,13,22,111,4,12534.52,626.73,11907.79,6451.04,Cancelada
1805,2025-03-03,4,8,860,114,2,881.9,44.09,837.81,542.46,Concluída
1806,2025-01-18,1,13,605,109,2,877.62,87.76,789.86,583.92,Concluída
1807,2025-04-16,2,2,668,112,1,2629.26,0.0,2629.26,1399.55,Concluída
1808,2025-04-20,2,2,461,101,2,6353.38,0.0,6353.38,4009.5,Concluída
1809,2025-11-06,1,13,965,106,1,137.92,6.9,131.02,73.42,Concluída
1810,2025-01-12,1,13,406,103,1,207.74,10.39,197.35,133.24,Devolvida
1811,2025-05-15,1,13,884,114,1,440.95,0.0,440.95,271.23,Concluída
1812,2025-12-01,1,13,138,101,1,3176.69,0.0,3176.69,2004.75,Concluída
1813,2025-12-29,3,6,606,114,2,881.9,0.0,881.9,542.46,Concluída
1814,2025-05-19,1,13,861,109,2,877.62,0.0,877.62,583.92,Concluída
1815,2025-11-12,1,13,148,113,1,644.98,96.75,548.23,381.24,Concluída
1816,2025-10-13,2,3,400,105,3,4041.3,0.0,4041.3,2574.06,Concluída
1817,2025-04-01,1,13,863,105,2,2694.2,0.0,2694.2,1716.04,Concluída
1818,2025-12-22,3,4,177,107,1,143.03,0.0,143.03,89.63,Concluída
1819,2025-01-19,1,13,539,107,1,143.03,0.0,143.03,89.63,Concluída
1820,2025-01-07,1,13,460,112,2,5258.52,0.0,5258.52,2799.1,Cancelada
1821,2025-01-18,1,13,799,113,1,644.98,64.5,580.48,381.24,Concluída
1822,2025-03-11,1,13,202,107,4,572.12,0.0,572.12,358.52,Concluída
1823,2025-08-27,2,2,31,101,1,3176.69,0.0,3176.69,2004.75,Concluída
1824,2025-10-16,5,10,818,108,1,424.26,0.0,424.26,191.74,Concluída
1825,2025-01-18,3,4,165,102,1,4043.83,0.0,4043.83,1891.83,Concluída
1826,2025-01-22,4,8,906,102,2,8087.66,0.0,8087.66,3783.66,Concluída
1827,2025-01-13,4,8,324,114,3,1322.85,66.14,1256.71,813.69,Concluída
1828,2025-02-27,5,10,584,103,1,207.74,31.16,176.58,133.24,Concluída
1829,2025-01-04,2,2,251,107,1,143.03,21.45,121.58,89.63,Concluída
1830,2025-06-04,1,13,189,106,1,137.92,0.0,137.92,73.42,Concluída
1831,2025-06-25,1,13,774,102,1,4043.83,202.19,3841.64,1891.83,Cancelada
1832,2025-01-09,3,5,760,114,1,440.95,22.05,418.9,271.23,Concluída
1833,2025-07-12,3,4,691,103,1,207.74,0.0,207.74,133.24,Concluída
1834,2025-04-26,5,11,419,102,2,8087.66,0.0,8087.66,3783.66,Concluída
1835,2025-10-13,1,13,277,106,2,275.84,0.0,275.84,146.84,Concluída
1836,2025-02-27,1,13,109,102,1,4043.83,0.0,4043.83,1891.83,Cancelada
1837,2025-10-02,3,4,175,113,1,644.98,64.5,580.48,381.24,Devolvida
1838,2025-12-26,1,13,262,108,1,424.26,21.21,403.05,191.74,Cancelada
1839,2025-09-21,3,4,220,108,1,424.26,0.0,424.26,191.74,Concluída
1840,2025-09-27,1,13,266,101,1,3176.69,0.0,3176.69,2004.75,Concluída
1841,2025-10-13,5,12,113,110,1,153.35,0.0,153.35,76.82,Concluída
1842,2025-03-08,1,13,45,101,1,3176.69,158.83,3017.86,2004.75,Concluída
1843,2025-04-14,1,13,854,104,2,5608.9,841.33,4767.57,3391.24,Concluída
1844,2025-05-18,2,2,460,101,1,3176.69,0.0,3176.69,2004.75,Concluída
1845,2025-09-28,2,2,443,103,1,207.74,20.77,186.97,133.24,Concluída
1846,2025-03-27,1,13,703,112,1,2629.26,0.0,2629.26,1399.55,Cancelada
1847,2025-01-01,4,7,3,101,1,3176.69,0.0,3176.69,2004.75,Concluída
1848,2025-05-30,4,8,465,104,1,2804.45,0.0,2804.45,1695.62,Concluída
1849,2025-09-24,2,3,93,102,1,4043.83,0.0,4043.83,1891.83,Concluída
1850,2025-10-24,5,10,394,110,2,306.7,0.0,306.7,153.64,Concluída
1851,2025-03-13,3,4,957,108,2,848.52,0.0,848.52,383.48,Concluída
1852,2025-10-23,3,6,734,110,1,153.35,0.0,153.35,76.82,Concluída
1853,2025-06-22,1,13,966,114,3,1322.85,0.0,1322.85,813.69,Concluída
1854,2025-05-13,1,13,52,101,3,9530.07,476.5,9053.57,6014.25,Devolvida
1855,2025-09-21,1,13,256,107,1,143.03,0.0,143.03,89.63,Concluída
1856,2025-08-17,1,13,536,115,1,517.13,0.0,517.13,291.44,Concluída
1857,2025-11-27,1,13,338,109,1,438.81,0.0,438.81,291.96,Concluída
1858,2025-03-18,5,10,652,105,2,2694.2,134.71,2559.49,1716.04,Concluída
1859,2025-04-15,1,13,285,107,1,143.03,0.0,143.03,89.63,Concluída
1860,2025-10-22,3,5,291,110,3,460.05,0.0,460.05,230.46,Concluída
1861,2025-08-15,1,13,98,101,1,3176.69,0.0,3176.69,2004.75,Concluída
1862,2025-01-09,4,9,789,109,3,1316.43,65.82,1250.61,875.88,Concluída
1863,2025-03-12,3,6,458,110,3,460.05,0.0,460.05,230.46,Concluída
1864,2025-07-20,1,13,513,115,1,517.13,0.0,517.13,291.44,Concluída
1865,2025-03-11,2,2,653,104,1,2804.45,0.0,2804.45,1695.62,Cancelada
1866,2025-06-26,5,10,9,105,1,1347.1,0.0,1347.1,858.02,Devolvida
1867,2025-10-14,5,12,719,106,1,137.92,0.0,137.92,73.42,Concluída
1868,2025-02-05,3,6,998,106,1,137.92,0.0,137.92,73.42,Concluída
1869,2025-07-23,1,13,63,108,2,848.52,0.0,848.52,383.48,Concluída
1870,2025-07-29,1,13,131,109,1,438.81,0.0,438.81,291.96,Concluída
1871,2025-02-15,3,6,930,103,1,207.74,20.77,186.97,133.24,Concluída
1872,2025-11-18,2,2,92,103,1,207.74,20.77,186.97,133.24,Cancelada
1873,2025-07-11,1,13,446,113,1,644.98,96.75,548.23,381.24,Concluída
1874,2025-05-13,1,13,994,115,1,517.13,0.0,517.13,291.44,Concluída
1875,2025-08-14,2,1,873,111,1,3133.63,156.68,2976.95,1612.76,Concluída
1876,2025-11-15,1,13,8,106,1,137.92,6.9,131.02,73.42,Concluída
1877,2025-04-15,5,11,504,114,1,440.95,0.0,440.95,271.23,Concluída
1878,2025-08-04,1,13,548,103,1,207.74,0.0,207.74,133.24,Concluída
1879,2025-12-14,1,13,685,103,1,207.74,31.16,176.58,133.24,Concluída
1880,2025-08-03,3,5,958,106,3,413.76,20.69,393.07,220.26,Cancelada
1881,2025-03-08,1,13,980,115,2,1034.26,0.0,1034.26,582.88,Devolvida
1882,2025-10-07,2,2,810,110,1,153.35,0.0,153.35,76.82,Concluída
1883,2025-03-23,2,3,213,106,1,137.92,0.0,137.92,73.42,Cancelada
1884,2025-09-19,1,13,309,103,1,207.74,0.0,207.74,133.24,Concluída
1885,2025-04-18,1,13,744,107,3,429.09,21.45,407.64,268.89,Concluída
1886,2025-02-26,1,13,810,111,1,3133.63,0.0,3133.63,1612.76,Concluída
1887,2025-07-02,1,13,589,113,1,644.98,96.75,548.23,381.24,Concluída
1888,2025-05-22,4,9,839,102,2,8087.66,0.0,8087.66,3783.66,Concluída
1889,2025-09-10,4,9,564,102,1,4043.83,0.0,4043.83,1891.83,Concluída
1890,2025-12-09,2,2,231,106,2,275.84,13.79,262.05,146.84,Concluída
1891,2025-09-15,4,9,67,109,1,438.81,0.0,438.81,291.96,Concluída
1892,2025-01-12,5,11,266,114,2,881.9,0.0,881.9,542.46,Concluída
1893,2025-02-21,5,10,94,103,2,415.48,0.0,415.48,266.48,Concluída
1894,2025-05-23,1,13,254,114,1,440.95,22.05,418.9,271.23,Concluída
1895,2025-11-09,4,9,435,101,2,6353.38,0.0,6353.38,4009.5,Concluída
1896,2025-11-25,4,8,55,101,1,3176.69,0.0,3176.69,2004.75,Concluída
1897,2025-02-23,3,6,848,110,2,306.7,30.67,276.03,153.64,Concluída
1898,2025-02-15,4,7,961,101,1,3176.69,317.67,2859.02,2004.75,Concluída
1899,2025-03-01,1,13,766,102,1,4043.83,0.0,4043.83,1891.83,Concluída
1900,2025-08-01,1,13,906,111,2,6267.26,626.73,5640.53,3225.52,Concluída
1901,2025-07-01,3,6,770,101,2,6353.38,0.0,6353.38,4009.5,Concluída
1902,2025-05-26,4,9,478,114,1,440.95,44.09,396.86,271.23,Cancelada
1903,2025-11-18,1,13,982,108,1,424.26,0.0,424.26,191.74,Concluída
1904,2025-03-03,1,13,572,109,2,877.62,43.88,833.74,583.92,Concluída
1905,2025-01-02,2,2,614,113,1,644.98,0.0,644.98,381.24,Concluída
1906,2025-08-01,1,13,566,112,1,2629.26,131.46,2497.8,1399.55,Concluída
1907,2025-03-21,1,13,694,110,3,460.05,0.0,460.05,230.46,Devolvida
1908,2025-05-09,2,1,549,104,1,2804.45,140.22,2664.23,1695.62,Concluída
1909,2025-08-03,2,1,922,115,1,517.13,25.86,491.27,291.44,Concluída
1910,2025-12-11,3,6,376,113,1,644.98,64.5,580.48,381.24,Concluída
1911,2025-01-08,1,13,686,114,1,440.95,22.05,418.9,271.23,Concluída
1912,2025-07-22,5,10,994,114,1,440.95,0.0,440.95,271.23,Concluída
1913,2025-07-16,3,5,565,106,2,275.84,0.0,275.84,146.84,Concluída
1914,2025-01-11,1,13,699,111,1,3133.63,0.0,3133.63,1612.76,Concluída
1915,2025-05-06,2,2,714,112,3,7887.78,788.78,7099.0,4198.65,Concluída
1916,2025-01-29,3,5,917,105,2,2694.2,0.0,2694.2,1716.04,Concluída
1917,2025-01-05,1,13,48,114,2,881.9,44.09,837.81,542.46,Cancelada
1918,2025-03-22,1,13,720,112,2,5258.52,0.0,5258.52,2799.1,Concluída
1919,2025-10-23,1,13,516,102,1,4043.83,0.0,4043.83,1891.83,Cancelada
1920,2025-08-06,3,4,834,101,1,3176.69,0.0,3176.69,2004.75,Concluída
1921,2025-07-08,5,11,488,112,1,2629.26,131.46,2497.8,1399.55,Concluída
1922,2025-07-18,3,5,731,113,1,644.98,32.25,612.73,381.24,Cancelada
1923,2025-06-18,1,13,96,101,1,3176.69,158.83,3017.86,2004.75,Concluída
1924,2025-05-22,5,11,266,113,5,3224.9,0.0,3224.9,1906.2,Concluída
1925,2025-10-27,4,7,328,108,1,424.26,0.0,424.26,191.74,Concluída
1926,2025-02-26,1,13,928,108,3,1272.78,0.0,1272.78,575.22,Concluída
1927,2025-04-30,3,6,510,109,1,438.81,0.0,438.81,291.96,Concluída
1928,2025-11-24,1,13,165,104,2,5608.9,0.0,5608.9,3391.24,Concluída
1929,2025-05-30,2,3,863,106,2,275.84,0.0,275.84,146.84,Concluída
1930,2025-03-14,1,13,453,102,1,4043.83,0.0,4043.83,1891.83,Concluída
1931,2025-08-26,1,13,825,105,2,2694.2,0.0,2694.2,1716.04,Devolvida
1932,2025-04-28,2,3,63,104,1,2804.45,0.0,2804.45,1695.62,Devolvida
1933,2025-09-29,1,13,910,108,1,424.26,0.0,424.26,191.74,Concluída
1934,2025-06-16,3,6,186,107,1,143.03,0.0,143.03,89.63,Concluída
1935,2025-07-21,3,5,152,115,1,517.13,0.0,517.13,291.44,Concluída
1936,2025-01-24,2,2,257,103,1,207.74,10.39,197.35,133.24,Concluída
1937,2025-04-16,1,13,881,114,2,881.9,88.19,793.71,542.46,Concluída
1938,2025-10-08,5,11,488,107,2,286.06,0.0,286.06,179.26,Concluída
1939,2025-09-28,2,3,856,108,2,848.52,0.0,848.52,383.48,Concluída
1940,2025-01-16,4,9,941,115,1,517.13,0.0,517.13,291.44,Concluída
1941,2025-04-01,1,13,799,106,2,275.84,0.0,275.84,146.84,Concluída
1942,2025-01-14,3,6,791,103,1,207.74,0.0,207.74,133.24,Concluída
1943,2025-06-17,3,5,440,105,2,2694.2,0.0,2694.2,1716.04,Concluída
1944,2025-06-14,2,1,755,108,1,424.26,42.43,381.83,191.74,Concluída
1945,2025-06-23,1,13,447,114,1,440.95,22.05,418.9,271.23,Concluída
1946,2025-09-27,1,13,489,104,3,8413.35,420.67,7992.68,5086.86,Concluída
1947,2025-04-16,1,13,180,111,1,3133.63,0.0,3133.63,1612.76,Concluída
1948,2025-08-26,4,9,909,108,1,424.26,0.0,424.26,191.74,Concluída
1949,2025-08-05,1,13,162,110,3,460.05,0.0,460.05,230.46,Concluída
1950,2025-10-10,2,3,239,101,1,3176.69,317.67,2859.02,2004.75,Concluída
1951,2025-10-24,1,13,192,101,3,9530.07,476.5,9053.57,6014.25,Devolvida
1952,2025-10-19,4,7,98,115,1,517.13,25.86,491.27,291.44,Concluída
1953,2025-02-09,1,13,890,102,1,4043.83,404.38,3639.45,1891.83,Concluída
1954,2025-04-21,4,7,410,115,1,517.13,51.71,465.42,291.44,Concluída
1955,2025-06-25,3,4,299,110,1,153.35,0.0,153.35,76.82,Concluída
1956,2025-04-04,1,13,386,110,1,153.35,0.0,153.35,76.82,Concluída
1957,2025-03-23,2,2,444,104,3,8413.35,0.0,8413.35,5086.86,Concluída
1958,2025-10-16,1,13,775,115,1,517.13,0.0,517.13,291.44,Concluída
1959,2025-11-12,3,6,333,102,2,8087.66,0.0,8087.66,3783.66,Concluída
1960,2025-03-07,2,1,777,108,1,424.26,42.43,381.83,191.74,Concluída
1961,2025-10-21,1,13,228,106,2,275.84,0.0,275.84,146.84,Concluída
1962,2025-08-08,1,13,736,107,1,143.03,0.0,143.03,89.63,Concluída
1963,2025-08-21,4,9,660,105,1,1347.1,0.0,1347.1,858.02,Concluída
1964,2025-11-16,4,9,383,101,1,3176.69,0.0,3176.69,2004.75,Concluída
1965,2025-08-11,1,13,429,112,1,2629.26,0.0,2629.26,1399.55,Concluída
1966,2025-01-12,1,13,682,112,3,7887.78,0.0,7887.78,4198.65,Concluída
1967,2025-03-29,3,4,191,113,1,644.98,0.0,644.98,381.24,Concluída
1968,2025-06-03,5,10,635,101,1,3176.69,0.0,3176.69,2004.75,Cancelada
1969,2025-10-27,1,13,357,104,1,2804.45,0.0,2804.45,1695.62,Cancelada
1970,2025-05-06,1,13,158,113,1,644.98,32.25,612.73,381.24,Concluída
1971,2025-01-31,1,13,346,105,1,1347.1,67.36,1279.74,858.02,Cancelada
1972,2025-04-26,4,9,517,114,1,440.95,0.0,440.95,271.23,Concluída
1973,2025-04-17,3,4,198,115,1,517.13,25.86,491.27,291.44,Concluída
1974,2025-03-25,3,4,8,113,1,644.98,0.0,644.98,381.24,Concluída
1975,2025-10-03,5,10,126,103,2,415.48,20.77,394.71,266.48,Concluída
1976,2025-02-16,1,13,455,113,1,644.98,0.0,644.98,381.24,Concluída
1977,2025-11-10,3,4,975,101,1,3176.69,0.0,3176.69,2004.75,Concluída
1978,2025-04-12,1,13,317,110,1,153.35,0.0,153.35,76.82,Cancelada
1979,2025-07-16,1,13,657,102,1,4043.83,404.38,3639.45,1891.83,Concluída
1980,2025-02-20,3,4,406,108,1,424.26,0.0,424.26,191.74,Concluída
1981,2025-04-29,3,4,967,107,3,429.09,0.0,429.09,268.89,Concluída
1982,2025-12-08,4,9,940,107,1,143.03,0.0,143.03,89.63,Cancelada
1983,2025-12-26,1,13,124,108,2,848.52,0.0,848.52,383.48,Concluída
1984,2025-10-31,1,13,323,114,1,440.95,0.0,440.95,271.23,Concluída
1985,2025-02-24,1,13,881,106,1,137.92,0.0,137.92,73.42,Concluída
1986,2025-03-13,1,13,307,104,2,5608.9,0.0,5608.9,3391.24,Concluída
1987,2025-09-06,5,11,654,103,1,207.74,0.0,207.74,133.24,Concluída
1988,2025-12-21,4,7,158,102,1,4043.83,0.0,4043.83,1891.83,Concluída
1989,2025-11-18,4,8,718,115,1,517.13,0.0,517.13,291.44,Concluída
1990,2025-01-04,1,13,505,101,1,3176.69,0.0,3176.69,2004.75,Concluída
1991,2025-04-12,5,10,776,103,1,207.74,31.16,176.58,133.24,Concluída
1992,2025-02-18,1,13,170,106,1,137.92,0.0,137.92,73.42,Concluída
1993,2025-08-10,1,13,652,109,2,877.62,0.0,877.62,583.92,Concluída
1994,2025-04-09,4,9,176,113,1,644.98,0.0,644.98,381.24,Concluída
1995,2025-03-11,2,1,19,112,1,2629.26,0.0,2629.26,1399.55,Concluída
1996,2025-10-27,4,8,313,115,1,517.13,25.86,491.27,291.44,Concluída
1997,2025-07-11,1,13,173,109,1,438.81,0.0,438.81,291.96,Concluída
1998,2025-02-24,2,2,747,113,2,1289.96,0.0,1289.96,762.48,Concluída
1999,2025-06-03,2,3,422,104,1,2804.45,0.0,2804.45,1695.62,Concluída
2000,2025-01-07,1,13,812,103,1,207.74,0.0,207.74,133.24,Concluída
2001,2025-10-21,1,13,807,101,2,6353.38,317.67,6035.71,4009.5,Concluída
2002,2025-12-22,2,1,420,107,1,143.03,14.3,128.73,89.63,Cancelada
2003,2025-01-27,5,11,441,104,1,2804.45,0.0,2804.45,1695.62,Concluída
2004,2025-01-21,1,13,630,102,1,4043.83,202.19,3841.64,1891.83,Concluída
2005,2025-05-06,1,13,552,110,1,153.35,0.0,153.35,76.82,Concluída
2006,2025-02-17,1,13,392,114,1,440.95,0.0,440.95,271.23,Devolvida
2007,2025-09-28,1,13,675,101,1,3176.69,0.0,3176.69,2004.75,Concluída
2008,2025-12-17,4,7,486,107,3,429.09,0.0,429.09,268.89,Concluída
2009,2025-09-27,3,5,11,101,1,3176.69,0.0,3176.69,2004.75,Concluída
2010,2025-05-19,2,2,846,107,2,286.06,28.61,257.45,179.26,Concluída
2011,2025-04-16,5,10,806,107,1,143.03,0.0,143.03,89.63,Concluída
2012,2025-05-13,1,13,989,107,1,143.03,14.3,128.73,89.63,Concluída
2013,2025-07-19,1,13,120,115,2,1034.26,0.0,1034.26,582.88,Concluída
2014,2025-12-04,5,12,371,108,4,1697.04,169.7,1527.34,766.96,Concluída
2015,2025-08-05,4,7,810,105,2,2694.2,0.0,2694.2,1716.04,Devolvida
2016,2025-05-23,4,7,485,106,3,413.76,0.0,413.76,220.26,Concluída
2017,2025-01-11,5,11,635,110,1,153.35,0.0,153.35,76.82,Concluída
2018,2025-01-22,5,11,574,104,1,2804.45,0.0,2804.45,1695.62,Concluída
2019,2025-09-12,1,13,354,107,2,286.06,14.3,271.76,179.26,Concluída
2020,2025-07-19,2,2,584,113,5,3224.9,0.0,3224.9,1906.2,Concluída
2021,2025-10-02,1,13,388,114,2,881.9,0.0,881.9,542.46,Concluída
2022,2025-05-24,3,4,203,109,1,438.81,21.94,416.87,291.96,Concluída
2023,2025-01-07,5,10,610,106,1,137.92,13.79,124.13,73.42,Concluída
2024,2025-06-10,2,2,179,102,1,4043.83,0.0,4043.83,1891.83,Concluída
2025,2025-10-30,3,4,596,113,1,644.98,0.0,644.98,381.24,Concluída
2026,2025-08-07,1,13,867,111,2,6267.26,313.36,5953.9,3225.52,Concluída
2027,2025-08-22,2,3,269,105,1,1347.1,0.0,1347.1,858.02,Concluída
2028,2025-02-12,2,2,864,111,4,12534.52,0.0,12534.52,6451.04,Concluída
2029,2025-08-01,4,7,696,115,1,517.13,0.0,517.13,291.44,Concluída
2030,2025-02-04,1,13,904,112,1,2629.26,0.0,2629.26,1399.55,Concluída
2031,2025-11-08,2,1,153,108,1,424.26,21.21,403.05,191.74,Concluída
2032,2025-02-26,1,13,343,101,2,6353.38,0.0,6353.38,4009.5,Concluída
2033,2025-07-17,1,13,373,107,2,286.06,0.0,286.06,179.26,Concluída
2034,2025-01-19,1,13,455,105,3,4041.3,0.0,4041.3,2574.06,Concluída
2035,2025-01-14,1,13,682,104,1,2804.45,0.0,2804.45,1695.62,Concluída
2036,2025-03-03,2,1,188,112,1,2629.26,0.0,2629.26,1399.55,Concluída
2037,2025-10-22,3,4,630,101,2,6353.38,0.0,6353.38,4009.5,Concluída
2038,2025-08-09,1,13,693,110,2,306.7,0.0,306.7,153.64,Concluída
2039,2025-04-16,2,1,312,111,2,6267.26,313.36,5953.9,3225.52,Concluída
2040,2025-09-15,4,8,25,112,2,5258.52,262.93,4995.59,2799.1,Concluída
2041,2025-01-12,4,9,310,110,1,153.35,7.67,145.68,76.82,Concluída
2042,2025-01-31,1,13,784,112,2,5258.52,0.0,5258.52,2799.1,Concluída
2043,2025-08-15,1,13,211,103,2,415.48,20.77,394.71,266.48,Concluída
2044,2025-03-25,2,3,918,115,1,517.13,0.0,517.13,291.44,Concluída
2045,2025-10-25,1,13,690,110,2,306.7,30.67,276.03,153.64,Concluída
2046,2025-10-15,1,13,989,115,2,1034.26,51.71,982.55,582.88,Concluída
2047,2025-02-16,2,1,547,107,2,286.06,0.0,286.06,179.26,Concluída
2048,2025-07-27,3,4,31,104,2,5608.9,0.0,5608.9,3391.24,Concluída
2049,2025-12-07,1,13,691,113,1,644.98,0.0,644.98,381.24,Concluída
2050,2025-11-24,3,4,116,105,1,1347.1,0.0,1347.1,858.02,Devolvida
2051,2025-08-19,1,13,614,103,1,207.74,0.0,207.74,133.24,Concluída
2052,2025-04-08,1,13,622,109,1,438.81,65.82,372.99,291.96,Concluída
2053,2025-09-20,4,8,675,113,1,644.98,0.0,644.98,381.24,Concluída
2054,2025-12-22,3,6,78,108,2,848.52,0.0,848.52,383.48,Concluída
2055,2025-01-03,1,13,977,111,1,3133.63,0.0,3133.63,1612.76,Concluída
2056,2025-11-27,2,1,106,107,2,286.06,0.0,286.06,179.26,Concluída
2057,2025-12-03,1,13,337,101,1,3176.69,0.0,3176.69,2004.75,Concluída
2058,2025-09-01,1,13,423,111,1,3133.63,0.0,3133.63,1612.76,Concluída
2059,2025-01-16,2,3,33,109,2,877.62,87.76,789.86,583.92,Concluída
2060,2025-08-21,1,13,542,103,2,415.48,0.0,415.48,266.48,Concluída
2061,2025-06-01,4,9,335,113,3,1934.94,96.75,1838.19,1143.72,Concluída
2062,2025-03-17,2,3,594,106,4,551.68,0.0,551.68,293.68,Concluída
2063,2025-11-20,1,13,430,109,1,438.81,43.88,394.93,291.96,Concluída
2064,2025-11-04,5,11,880,102,1,4043.83,0.0,4043.83,1891.83,Concluída
2065,2025-01-08,2,3,137,114,1,440.95,0.0,440.95,271.23,Concluída
2066,2025-11-22,4,7,945,107,1,143.03,14.3,128.73,89.63,Concluída
2067,2025-05-18,1,13,646,111,1,3133.63,0.0,3133.63,1612.76,Devolvida
2068,2025-12-15,4,8,922,101,1,3176.69,0.0,3176.69,2004.75,Concluída
2069,2025-12-05,5,10,306,103,2,415.48,0.0,415.48,266.48,Concluída
2070,2025-01-10,3,4,980,104,1,2804.45,0.0,2804.45,1695.62,Concluída
2071,2025-05-17,2,2,843,114,3,1322.85,0.0,1322.85,813.69,Concluída
2072,2025-11-29,4,7,136,115,2,1034.26,0.0,1034.26,582.88,Concluída
2073,2025-12-20,1,13,364,104,2,5608.9,0.0,5608.9,3391.24,Concluída
2074,2025-02-10,3,5,809,106,2,275.84,0.0,275.84,146.84,Concluída
2075,2025-05-05,4,9,279,114,3,1322.85,0.0,1322.85,813.69,Concluída
2076,2025-06-30,4,9,463,108,1,424.26,0.0,424.26,191.74,Cancelada
2077,2025-07-24,2,1,984,103,1,207.74,0.0,207.74,133.24,Concluída
2078,2025-08-26,3,6,994,109,1,438.81,0.0,438.81,291.96,Concluída
2079,2025-10-25,1,13,992,115,3,1551.39,77.57,1473.82,874.32,Concluída
2080,2025-01-26,5,10,620,109,1,438.81,0.0,438.81,291.96,Concluída
2081,2025-11-14,1,13,427,107,1,143.03,0.0,143.03,89.63,Cancelada
2082,2025-10-26,2,1,914,106,1,137.92,20.69,117.23,73.42,Cancelada
2083,2025-11-04,3,4,603,115,2,1034.26,51.71,982.55,582.88,Concluída
2084,2025-05-07,1,13,886,107,1,143.03,0.0,143.03,89.63,Concluída
2085,2025-11-09,1,13,13,105,1,1347.1,0.0,1347.1,858.02,Concluída
2086,2025-09-25,5,11,917,110,2,306.7,0.0,306.7,153.64,Concluída
2087,2025-09-28,4,9,87,103,5,1038.7,0.0,1038.7,666.2,Concluída
2088,2025-02-04,1,13,669,111,2,6267.26,626.73,5640.53,3225.52,Concluída
2089,2025-11-12,3,4,980,113,1,644.98,32.25,612.73,381.24,Concluída
2090,2025-01-18,4,9,959,110,1,153.35,0.0,153.35,76.82,Concluída
2091,2025-09-22,4,8,330,103,3,623.22,31.16,592.06,399.72,Concluída
2092,2025-01-17,3,6,446,111,1,3133.63,156.68,2976.95,1612.76,Concluída
2093,2025-12-08,5,10,304,115,1,517.13,0.0,517.13,291.44,Concluída
2094,2025-03-19,1,13,240,106,2,275.84,0.0,275.84,146.84,Cancelada
2095,2025-08-07,2,1,638,105,1,1347.1,0.0,1347.1,858.02,Concluída
2096,2025-10-19,5,12,944,114,1,440.95,66.14,374.81,271.23,Concluída
2097,2025-10-01,1,13,88,108,2,848.52,0.0,848.52,383.48,Cancelada
2098,2025-08-18,3,5,103,115,1,517.13,0.0,517.13,291.44,Devolvida
2099,2025-03-20,4,9,938,112,2,5258.52,262.93,4995.59,2799.1,Concluída
2100,2025-01-04,1,13,503,105,1,1347.1,0.0,1347.1,858.02,Concluída
2101,2025-02-07,3,5,677,110,1,153.35,0.0,153.35,76.82,Concluída
2102,2025-09-12,2,1,658,103,1,207.74,31.16,176.58,133.24,Concluída
2103,2025-04-26,2,3,781,111,1,3133.63,0.0,3133.63,1612.76,Concluída
2104,2025-11-15,4,9,612,112,1,2629.26,0.0,2629.26,1399.55,Concluída
2105,2025-04-18,2,1,306,112,1,2629.26,0.0,2629.26,1399.55,Devolvida
2106,2025-05-21,4,8,564,110,1,153.35,0.0,153.35,76.82,Concluída
2107,2025-08-16,4,9,426,114,1,440.95,0.0,440.95,271.23,Devolvida
2108,2025-01-03,3,5,424,106,1,137.92,6.9,131.02,73.42,Concluída
2109,2025-08-30,3,6,571,114,2,881.9,0.0,881.9,542.46,Concluída
2110,2025-05-03,5,10,885,109,1,438.81,0.0,438.81,291.96,Concluída
2111,2025-04-09,5,10,620,114,1,440.95,22.05,418.9,271.23,Concluída
2112,2025-06-26,1,13,747,112,2,5258.52,0.0,5258.52,2799.1,Concluída
2113,2025-05-14,1,13,686,106,1,137.92,6.9,131.02,73.42,Cancelada
2114,2025-01-25,3,5,3,101,1,3176.69,0.0,3176.69,2004.75,Cancelada
2115,2025-01-07,3,5,915,105,1,1347.1,0.0,1347.1,858.02,Concluída
2116,2025-05-08,3,6,560,103,1,207.74,10.39,197.35,133.24,Concluída
2117,2025-04-18,3,5,788,103,2,415.48,20.77,394.71,266.48,Concluída
2118,2025-09-21,1,13,701,105,2,2694.2,134.71,2559.49,1716.04,Concluída
2119,2025-08-16,2,1,156,107,1,143.03,0.0,143.03,89.63,Concluída
2120,2025-07-15,1,13,727,110,1,153.35,0.0,153.35,76.82,Concluída
2121,2025-08-02,1,13,955,104,2,5608.9,0.0,5608.9,3391.24,Concluída
2122,2025-01-11,2,3,922,101,2,6353.38,317.67,6035.71,4009.5,Concluída
2123,2025-09-16,3,6,572,108,5,2121.3,0.0,2121.3,958.7,Concluída
2124,2025-12-14,3,6,717,110,1,153.35,7.67,145.68,76.82,Concluída
2125,2025-11-19,5,11,887,104,1,2804.45,0.0,2804.45,1695.62,Concluída
2126,2025-03-16,4,8,103,102,1,4043.83,0.0,4043.83,1891.83,Concluída
2127,2025-01-25,1,13,247,103,2,415.48,0.0,415.48,266.48,Concluída
2128,2025-01-17,1,13,818,111,2,6267.26,0.0,6267.26,3225.52,Concluída
2129,2025-04-26,3,5,695,101,1,3176.69,476.5,2700.19,2004.75,Concluída
2130,2025-05-23,1,13,885,109,2,877.62,43.88,833.74,583.92,Concluída
2131,2025-11-24,5,10,455,113,1,644.98,0.0,644.98,381.24,Concluída
2132,2025-11-13,2,3,250,110,1,153.35,15.34,138.01,76.82,Concluída
2133,2025-07-18,5,10,894,107,1,143.03,0.0,143.03,89.63,Concluída
2134,2025-07-12,5,11,238,101,1,3176.69,0.0,3176.69,2004.75,Concluída
2135,2025-06-04,1,13,498,114,1,440.95,0.0,440.95,271.23,Concluída
2136,2025-07-18,2,1,339,115,2,1034.26,0.0,1034.26,582.88,Concluída
2137,2025-07-22,1,13,380,101,1,3176.69,0.0,3176.69,2004.75,Concluída
2138,2025-11-28,3,5,858,101,2,6353.38,0.0,6353.38,4009.5,Concluída
2139,2025-04-21,3,6,122,103,1,207.74,10.39,197.35,133.24,Concluída
2140,2025-03-15,1,13,623,105,1,1347.1,67.36,1279.74,858.02,Concluída
2141,2025-08-24,4,9,479,112,1,2629.26,0.0,2629.26,1399.55,Concluída
2142,2025-11-29,4,8,43,101,2,6353.38,0.0,6353.38,4009.5,Concluída
2143,2025-08-26,1,13,957,105,2,2694.2,0.0,2694.2,1716.04,Concluída
2144,2025-11-19,3,4,45,106,1,137.92,0.0,137.92,73.42,Concluída
2145,2025-12-22,1,13,231,109,1,438.81,0.0,438.81,291.96,Concluída
2146,2025-03-03,3,6,399,106,2,275.84,0.0,275.84,146.84,Concluída
2147,2025-05-25,4,8,416,103,3,623.22,0.0,623.22,399.72,Concluída
2148,2025-03-18,1,13,54,106,2,275.84,0.0,275.84,146.84,Concluída
2149,2025-07-29,1,13,861,103,1,207.74,0.0,207.74,133.24,Concluída
2150,2025-06-01,2,3,158,113,1,644.98,64.5,580.48,381.24,Concluída
2151,2025-04-11,1,13,375,109,1,438.81,0.0,438.81,291.96,Cancelada
2152,2025-12-15,1,13,236,111,2,6267.26,940.09,5327.17,3225.52,Concluída
2153,2025-02-18,1,13,356,109,1,438.81,0.0,438.81,291.96,Concluída
2154,2025-05-11,1,13,252,110,1,153.35,0.0,153.35,76.82,Concluída
2155,2025-12-30,1,13,750,112,1,2629.26,0.0,2629.26,1399.55,Concluída
2156,2025-12-22,5,11,598,101,1,3176.69,0.0,3176.69,2004.75,Concluída
2157,2025-02-10,4,9,653,110,1,153.35,0.0,153.35,76.82,Concluída
2158,2025-06-03,4,8,595,104,1,2804.45,0.0,2804.45,1695.62,Concluída
2159,2025-05-01,1,13,731,110,1,153.35,0.0,153.35,76.82,Concluída
2160,2025-07-22,2,1,384,111,1,3133.63,156.68,2976.95,1612.76,Devolvida
2161,2025-12-22,2,2,821,112,1,2629.26,0.0,2629.26,1399.55,Concluída
2162,2025-11-25,1,13,168,101,2,6353.38,0.0,6353.38,4009.5,Concluída
2163,2025-04-08,4,7,707,112,2,5258.52,0.0,5258.52,2799.1,Concluída
2164,2025-03-10,1,13,297,105,1,1347.1,134.71,1212.39,858.02,Cancelada
2165,2025-06-14,1,13,836,107,3,429.09,42.91,386.18,268.89,Concluída
2166,2025-11-13,4,9,192,105,1,1347.1,0.0,1347.1,858.02,Concluída
2167,2025-12-30,1,13,668,103,1,207.74,0.0,207.74,133.24,Concluída
2168,2025-10-22,1,13,67,107,2,286.06,0.0,286.06,179.26,Concluída
2169,2025-09-22,1,13,218,105,1,1347.1,0.0,1347.1,858.02,Concluída
2170,2025-03-18,5,10,819,111,1,3133.63,156.68,2976.95,1612.76,Concluída
2171,2025-06-18,4,9,351,103,3,623.22,0.0,623.22,399.72,Cancelada
2172,2025-06-15,2,3,624,110,1,153.35,0.0,153.35,76.82,Concluída
2173,2025-01-16,1,13,808,105,5,6735.5,0.0,6735.5,4290.1,Concluída
2174,2025-08-10,5,12,798,103,3,623.22,0.0,623.22,399.72,Concluída
2175,2025-04-22,1,13,425,115,2,1034.26,51.71,982.55,582.88,Concluída
2176,2025-07-23,2,2,748,108,1,424.26,21.21,403.05,191.74,Concluída
2177,2025-10-13,1,13,388,113,1,644.98,0.0,644.98,381.24,Concluída
2178,2025-09-15,4,7,646,105,1,1347.1,67.36,1279.74,858.02,Concluída
2179,2025-12-29,1,13,136,115,1,517.13,0.0,517.13,291.44,Concluída
2180,2025-08-11,2,2,519,103,1,207.74,0.0,207.74,133.24,Concluída
2181,2025-01-02,4,8,851,103,1,207.74,0.0,207.74,133.24,Concluída
2182,2025-04-08,4,9,366,111,2,6267.26,313.36,5953.9,3225.52,Concluída
2183,2025-05-15,5,12,73,105,1,1347.1,0.0,1347.1,858.02,Concluída
2184,2025-11-27,3,4,536,115,1,517.13,0.0,517.13,291.44,Concluída
2185,2025-12-14,2,3,859,109,2,877.62,43.88,833.74,583.92,Concluída
2186,2025-02-09,1,13,36,110,2,306.7,30.67,276.03,153.64,Concluída
2187,2025-01-08,4,9,720,113,2,1289.96,0.0,1289.96,762.48,Concluída
2188,2025-08-12,1,13,135,112,1,2629.26,0.0,2629.26,1399.55,Cancelada
2189,2025-02-21,1,13,736,109,1,438.81,43.88,394.93,291.96,Concluída
2190,2025-11-30,1,13,338,110,1,153.35,15.34,138.01,76.82,Concluída
2191,2025-01-09,1,13,187,111,1,3133.63,156.68,2976.95,1612.76,Devolvida
2192,2025-03-25,1,13,837,110,4,613.4,30.67,582.73,307.28,Concluída
2193,2025-09-12,1,13,350,107,2,286.06,14.3,271.76,179.26,Concluída
2194,2025-02-02,4,9,539,103,3,623.22,0.0,623.22,399.72,Concluída
2195,2025-11-26,2,2,60,106,2,275.84,41.38,234.46,146.84,Concluída
2196,2025-07-18,2,2,715,102,5,20219.15,0.0,20219.15,9459.15,Concluída
2197,2025-10-22,3,5,314,108,2,848.52,0.0,848.52,383.48,Concluída
2198,2025-05-19,1,13,528,107,2,286.06,0.0,286.06,179.26,Concluída
2199,2025-07-18,1,13,995,101,3,9530.07,953.01,8577.06,6014.25,Concluída
2200,2025-04-14,1,13,52,114,1,440.95,0.0,440.95,271.23,Concluída
2201,2025-02-12,1,13,8,102,1,4043.83,0.0,4043.83,1891.83,Concluída
2202,2025-08-19,3,5,974,105,1,1347.1,67.36,1279.74,858.02,Concluída
2203,2025-07-24,1,13,910,108,1,424.26,63.64,360.62,191.74,Concluída
2204,2025-08-29,2,1,8,101,1,3176.69,0.0,3176.69,2004.75,Concluída
2205,2025-08-01,4,7,299,111,1,3133.63,0.0,3133.63,1612.76,Concluída
2206,2025-05-11,1,13,180,115,1,517.13,0.0,517.13,291.44,Concluída
2207,2025-09-20,3,5,956,105,1,1347.1,67.36,1279.74,858.02,Concluída
2208,2025-04-14,2,3,437,101,1,3176.69,0.0,3176.69,2004.75,Concluída
2209,2025-08-29,4,9,66,108,1,424.26,0.0,424.26,191.74,Concluída
2210,2025-11-15,1,13,158,115,1,517.13,0.0,517.13,291.44,Concluída
2211,2025-01-24,4,8,749,101,1,3176.69,158.83,3017.86,2004.75,Concluída
2212,2025-11-08,4,8,765,102,1,4043.83,202.19,3841.64,1891.83,Concluída
2213,2025-08-10,3,6,488,110,1,153.35,7.67,145.68,76.82,Concluída
2214,2025-10-22,4,7,861,105,1,1347.1,0.0,1347.1,858.02,Concluída
2215,2025-04-18,1,13,540,101,1,3176.69,317.67,2859.02,2004.75,Concluída
2216,2025-07-01,4,8,770,112,1,2629.26,394.39,2234.87,1399.55,Devolvida
2217,2025-01-08,2,2,656,111,4,12534.52,0.0,12534.52,6451.04,Concluída
2218,2025-06-22,3,6,780,109,1,438.81,21.94,416.87,291.96,Concluída
2219,2025-03-28,3,5,277,103,2,415.48,20.77,394.71,266.48,Concluída
2220,2025-04-30,5,11,934,109,2,877.62,43.88,833.74,583.92,Concluída
2221,2025-05-24,3,4,480,104,2,5608.9,0.0,5608.9,3391.24,Concluída
2222,2025-10-16,4,9,471,108,1,424.26,0.0,424.26,191.74,Concluída
2223,2025-07-07,5,10,673,105,1,1347.1,134.71,1212.39,858.02,Concluída
2224,2025-12-18,2,1,207,101,1,3176.69,158.83,3017.86,2004.75,Concluída
2225,2025-11-07,1,13,714,109,2,877.62,0.0,877.62,583.92,Concluída
2226,2025-03-23,1,13,173,115,1,517.13,25.86,491.27,291.44,Concluída
2227,2025-10-08,1,13,170,108,1,424.26,0.0,424.26,191.74,Cancelada
2228,2025-04-18,1,13,198,112,1,2629.26,0.0,2629.26,1399.55,Concluída
2229,2025-04-20,3,6,937,111,1,3133.63,0.0,3133.63,1612.76,Concluída
2230,2025-02-16,2,3,154,105,2,2694.2,269.42,2424.78,1716.04,Concluída
2231,2025-06-24,2,2,638,109,1,438.81,0.0,438.81,291.96,Concluída
2232,2025-03-20,1,13,743,103,1,207.74,0.0,207.74,133.24,Concluída
2233,2025-09-15,5,10,156,115,1,517.13,0.0,517.13,291.44,Concluída
2234,2025-01-29,1,13,324,114,1,440.95,22.05,418.9,271.23,Concluída
2235,2025-11-23,2,3,910,109,1,438.81,0.0,438.81,291.96,Concluída
2236,2025-06-15,3,4,643,113,1,644.98,0.0,644.98,381.24,Concluída
2237,2025-10-31,2,3,554,110,2,306.7,15.34,291.36,153.64,Concluída
2238,2025-08-25,2,2,598,102,1,4043.83,0.0,4043.83,1891.83,Concluída
2239,2025-06-04,1,13,172,107,2,286.06,0.0,286.06,179.26,Concluída
2240,2025-09-20,2,1,538,101,3,9530.07,1429.51,8100.56,6014.25,Concluída
2241,2025-07-24,1,13,608,107,2,286.06,0.0,286.06,179.26,Cancelada
2242,2025-12-08,3,6,871,106,2,275.84,0.0,275.84,146.84,Concluída
2243,2025-02-21,1,13,868,111,2,6267.26,0.0,6267.26,3225.52,Concluída
2244,2025-01-14,3,5,8,115,1,517.13,25.86,491.27,291.44,Concluída
2245,2025-11-02,1,13,49,108,1,424.26,0.0,424.26,191.74,Concluída
2246,2025-10-29,2,2,567,110,3,460.05,0.0,460.05,230.46,Cancelada
2247,2025-09-19,3,5,678,105,2,2694.2,0.0,2694.2,1716.04,Concluída
2248,2025-06-11,1,13,336,108,1,424.26,0.0,424.26,191.74,Concluída
2249,2025-04-26,5,10,347,106,2,275.84,0.0,275.84,146.84,Concluída
2250,2025-05-01,3,4,861,113,2,1289.96,129.0,1160.96,762.48,Concluída
2251,2025-06-18,1,13,698,114,2,881.9,0.0,881.9,542.46,Cancelada
2252,2025-07-03,1,13,538,108,2,848.52,42.43,806.09,383.48,Concluída
2253,2025-09-22,1,13,270,101,1,3176.69,476.5,2700.19,2004.75,Concluída
2254,2025-02-23,5,11,66,105,3,4041.3,606.2,3435.1,2574.06,Concluída
2255,2025-12-26,1,13,959,104,4,11217.8,560.89,10656.91,6782.48,Concluída
2256,2025-04-12,2,2,117,106,2,275.84,0.0,275.84,146.84,Cancelada
2257,2025-10-01,3,6,39,110,2,306.7,30.67,276.03,153.64,Concluída
2258,2025-08-17,2,1,238,111,4,12534.52,626.73,11907.79,6451.04,Concluída
2259,2025-07-02,2,2,270,107,4,572.12,0.0,572.12,358.52,Concluída
2260,2025-04-29,4,8,744,114,1,440.95,0.0,440.95,271.23,Concluída
2261,2025-08-10,1,13,628,106,1,137.92,6.9,131.02,73.42,Concluída
2262,2025-04-17,4,8,597,108,1,424.26,21.21,403.05,191.74,Concluída
2263,2025-12-27,3,6,450,104,1,2804.45,0.0,2804.45,1695.62,Concluída
2264,2025-04-17,3,4,579,114,1,440.95,0.0,440.95,271.23,Cancelada
2265,2025-12-05,1,13,842,104,1,2804.45,0.0,2804.45,1695.62,Concluída
2266,2025-07-10,1,13,642,112,1,2629.26,0.0,2629.26,1399.55,Concluída
2267,2025-07-19,1,13,933,104,1,2804.45,140.22,2664.23,1695.62,Concluída
2268,2025-12-30,1,13,745,102,1,4043.83,0.0,4043.83,1891.83,Concluída
2269,2025-05-26,3,6,499,105,2,2694.2,269.42,2424.78,1716.04,Concluída
2270,2025-08-06,1,13,345,101,3,9530.07,953.01,8577.06,6014.25,Concluída
2271,2025-12-07,1,13,662,114,3,1322.85,132.28,1190.57,813.69,Concluída
2272,2025-06-03,4,9,492,107,2,286.06,0.0,286.06,179.26,Concluída
2273,2025-10-15,1,13,831,108,1,424.26,21.21,403.05,191.74,Concluída
2274,2025-03-06,2,2,681,111,5,15668.15,2350.22,13317.93,8063.8,Concluída
2275,2025-01-15,4,8,985,114,2,881.9,132.28,749.62,542.46,Concluída
2276,2025-10-22,3,6,394,112,2,5258.52,0.0,5258.52,2799.1,Cancelada
2277,2025-08-01,1,13,127,110,2,306.7,46.0,260.7,153.64,Concluída
2278,2025-02-09,1,13,765,107,3,429.09,0.0,429.09,268.89,Concluída
2279,2025-01-17,1,13,137,111,2,6267.26,0.0,6267.26,3225.52,Concluída
2280,2025-10-06,1,13,743,108,4,1697.04,0.0,1697.04,766.96,Cancelada
2281,2025-09-07,1,13,97,108,3,1272.78,0.0,1272.78,575.22,Concluída
2282,2025-11-22,1,13,124,105,1,1347.1,0.0,1347.1,858.02,Concluída
2283,2025-06-29,1,13,872,107,3,429.09,0.0,429.09,268.89,Concluída
2284,2025-07-12,4,7,563,107,1,143.03,7.15,135.88,89.63,Concluída
2285,2025-02-04,2,2,753,115,2,1034.26,103.43,930.83,582.88,Concluída
2286,2025-07-02,3,4,655,103,1,207.74,0.0,207.74,133.24,Concluída
2287,2025-05-15,4,8,623,101,1,3176.69,317.67,2859.02,2004.75,Devolvida
2288,2025-10-08,1,13,761,113,1,644.98,0.0,644.98,381.24,Concluída
2289,2025-04-17,4,8,799,105,3,4041.3,0.0,4041.3,2574.06,Concluída
2290,2025-09-04,1,13,587,101,1,3176.69,158.83,3017.86,2004.75,Cancelada
2291,2025-02-03,1,13,283,107,2,286.06,14.3,271.76,179.26,Concluída
2292,2025-09-04,1,13,153,106,1,137.92,0.0,137.92,73.42,Concluída
2293,2025-08-23,2,2,604,114,1,440.95,0.0,440.95,271.23,Concluída
2294,2025-01-05,1,13,293,104,1,2804.45,140.22,2664.23,1695.62,Concluída
2295,2025-09-21,1,13,515,101,1,3176.69,158.83,3017.86,2004.75,Concluída
2296,2025-05-05,1,13,597,102,1,4043.83,404.38,3639.45,1891.83,Concluída
2297,2025-08-10,2,2,175,111,1,3133.63,156.68,2976.95,1612.76,Concluída
2298,2025-10-08,1,13,100,101,2,6353.38,0.0,6353.38,4009.5,Concluída
2299,2025-08-05,1,13,780,108,2,848.52,0.0,848.52,383.48,Concluída
2300,2025-01-02,1,13,842,110,2,306.7,0.0,306.7,153.64,Concluída
2301,2025-02-06,1,13,184,112,2,5258.52,0.0,5258.52,2799.1,Concluída
2302,2025-04-05,1,13,982,109,1,438.81,0.0,438.81,291.96,Concluída
2303,2025-06-21,5,10,692,106,3,413.76,0.0,413.76,220.26,Concluída
2304,2025-02-18,1,13,28,107,1,143.03,0.0,143.03,89.63,Concluída
2305,2025-05-12,1,13,20,102,5,20219.15,0.0,20219.15,9459.15,Cancelada
2306,2025-04-16,4,9,145,103,1,207.74,0.0,207.74,133.24,Concluída
2307,2025-06-13,1,13,189,111,1,3133.63,0.0,3133.63,1612.76,Concluída
2308,2025-01-15,1,13,871,102,1,4043.83,0.0,4043.83,1891.83,Concluída
2309,2025-04-18,1,13,198,104,2,5608.9,0.0,5608.9,3391.24,Concluída
2310,2025-03-01,4,7,250,112,1,2629.26,0.0,2629.26,1399.55,Concluída
2311,2025-12-14,1,13,222,105,1,1347.1,0.0,1347.1,858.02,Concluída
2312,2025-06-02,3,5,813,101,1,3176.69,0.0,3176.69,2004.75,Concluída
2313,2025-04-09,1,13,748,113,1,644.98,0.0,644.98,381.24,Concluída
2314,2025-08-21,3,5,641,115,3,1551.39,0.0,1551.39,874.32,Concluída
2315,2025-10-09,3,5,182,110,1,153.35,0.0,153.35,76.82,Concluída
2316,2025-02-17,1,13,393,107,1,143.03,0.0,143.03,89.63,Concluída
2317,2025-05-17,2,2,984,103,1,207.74,0.0,207.74,133.24,Concluída
2318,2025-02-01,3,5,427,105,1,1347.1,0.0,1347.1,858.02,Devolvida
2319,2025-04-23,1,13,164,105,3,4041.3,202.07,3839.23,2574.06,Cancelada
2320,2025-07-21,2,2,683,104,1,2804.45,0.0,2804.45,1695.62,Concluída
2321,2025-12-25,5,10,781,111,3,9400.89,0.0,9400.89,4838.28,Concluída
2322,2025-05-08,1,13,899,115,2,1034.26,155.14,879.12,582.88,Concluída
2323,2025-10-31,1,13,347,108,1,424.26,0.0,424.26,191.74,Concluída
2324,2025-12-24,5,10,763,111,1,3133.63,0.0,3133.63,1612.76,Concluída
2325,2025-12-04,1,13,513,112,1,2629.26,131.46,2497.8,1399.55,Concluída
2326,2025-02-21,1,13,304,110,1,153.35,0.0,153.35,76.82,Concluída
2327,2025-10-07,4,7,426,102,1,4043.83,0.0,4043.83,1891.83,Cancelada
2328,2025-02-12,1,13,712,108,1,424.26,0.0,424.26,191.74,Concluída
2329,2025-04-17,2,2,61,108,2,848.52,42.43,806.09,383.48,Concluída
2330,2025-02-18,1,13,835,108,4,1697.04,169.7,1527.34,766.96,Concluída
2331,2025-03-13,1,13,588,104,1,2804.45,420.67,2383.78,1695.62,Devolvida
2332,2025-07-23,4,9,787,105,2,2694.2,0.0,2694.2,1716.04,Concluída
2333,2025-11-25,1,13,767,110,5,766.75,0.0,766.75,384.1,Concluída
2334,2025-12-26,1,13,211,115,2,1034.26,0.0,1034.26,582.88,Concluída
2335,2025-10-27,4,9,646,115,1,517.13,0.0,517.13,291.44,Concluída
2336,2025-05-15,2,3,82,111,1,3133.63,0.0,3133.63,1612.76,Concluída
2337,2025-07-16,3,6,472,102,2,8087.66,0.0,8087.66,3783.66,Concluída
2338,2025-07-30,3,6,230,104,1,2804.45,0.0,2804.45,1695.62,Concluída
2339,2025-07-19,1,13,805,113,1,644.98,0.0,644.98,381.24,Concluída
2340,2025-05-07,2,2,749,110,1,153.35,7.67,145.68,76.82,Concluída
2341,2025-04-29,1,13,221,108,3,1272.78,0.0,1272.78,575.22,Concluída
2342,2025-04-16,5,11,547,113,1,644.98,0.0,644.98,381.24,Concluída
2343,2025-12-20,1,13,978,102,3,12131.49,0.0,12131.49,5675.49,Concluída
2344,2025-02-07,5,12,94,102,1,4043.83,606.57,3437.26,1891.83,Concluída
2345,2025-12-30,3,6,86,113,1,644.98,32.25,612.73,381.24,Concluída
2346,2025-03-24,5,10,155,109,1,438.81,43.88,394.93,291.96,Concluída
2347,2025-03-02,2,3,34,112,4,10517.04,1051.7,9465.34,5598.2,Concluída
2348,2025-05-07,1,13,978,114,2,881.9,0.0,881.9,542.46,Cancelada
2349,2025-06-18,1,13,910,103,5,1038.7,0.0,1038.7,666.2,Concluída
2350,2025-08-06,1,13,580,111,1,3133.63,156.68,2976.95,1612.76,Cancelada
2351,2025-02-21,1,13,61,102,1,4043.83,0.0,4043.83,1891.83,Concluída
2352,2025-02-14,4,7,209,115,1,517.13,25.86,491.27,291.44,Concluída
2353,2025-06-08,5,10,139,105,3,4041.3,202.07,3839.23,2574.06,Concluída
2354,2025-09-24,2,3,91,105,1,1347.1,0.0,1347.1,858.02,Concluída
2355,2025-11-20,1,13,931,108,3,1272.78,0.0,1272.78,575.22,Cancelada
2356,2025-04-20,5,11,870,109,1,438.81,0.0,438.81,291.96,Concluída
2357,2025-04-07,3,4,568,113,4,2579.92,0.0,2579.92,1524.96,Concluída
2358,2025-06-04,3,4,674,107,1,143.03,0.0,143.03,89.63,Concluída
2359,2025-05-08,3,4,357,105,3,4041.3,0.0,4041.3,2574.06,Concluída
2360,2025-06-21,1,13,421,110,2,306.7,46.0,260.7,153.64,Concluída
2361,2025-02-04,2,2,834,106,1,137.92,20.69,117.23,73.42,Concluída
2362,2025-12-02,2,2,915,102,1,4043.83,0.0,4043.83,1891.83,Concluída
2363,2025-02-03,5,11,598,109,1,438.81,0.0,438.81,291.96,Concluída
2364,2025-07-03,2,3,290,109,1,438.81,43.88,394.93,291.96,Concluída
2365,2025-01-30,1,13,606,111,2,6267.26,0.0,6267.26,3225.52,Concluída
2366,2025-12-06,5,10,375,106,2,275.84,0.0,275.84,146.84,Concluída
2367,2025-04-05,2,3,89,108,1,424.26,0.0,424.26,191.74,Concluída
2368,2025-07-05,2,1,266,107,3,429.09,0.0,429.09,268.89,Concluída
2369,2025-02-12,1,13,114,114,1,440.95,66.14,374.81,271.23,Concluída
2370,2025-11-28,5,11,882,103,1,207.74,10.39,197.35,133.24,Concluída
2371,2025-02-22,4,7,992,111,5,15668.15,0.0,15668.15,8063.8,Concluída
2372,2025-01-31,3,4,498,103,1,207.74,0.0,207.74,133.24,Concluída
2373,2025-04-09,2,1,125,106,3,413.76,20.69,393.07,220.26,Concluída
2374,2025-03-15,2,1,180,109,1,438.81,0.0,438.81,291.96,Concluída
2375,2025-06-17,4,9,198,106,5,689.6,0.0,689.6,367.1,Concluída
2376,2025-01-01,1,13,744,113,1,644.98,0.0,644.98,381.24,Concluída
2377,2025-04-27,1,13,722,102,3,12131.49,0.0,12131.49,5675.49,Concluída
2378,2025-06-10,1,13,950,103,1,207.74,0.0,207.74,133.24,Concluída
2379,2025-01-04,4,8,297,102,2,8087.66,808.77,7278.89,3783.66,Concluída
2380,2025-09-08,2,1,614,113,1,644.98,0.0,644.98,381.24,Concluída
2381,2025-10-04,1,13,25,115,1,517.13,0.0,517.13,291.44,Cancelada
2382,2025-12-31,5,10,309,102,2,8087.66,808.77,7278.89,3783.66,Concluída
2383,2025-09-19,4,7,953,111,1,3133.63,0.0,3133.63,1612.76,Concluída
2384,2025-08-21,1,13,564,101,1,3176.69,0.0,3176.69,2004.75,Concluída
2385,2025-11-09,1,13,228,113,1,644.98,96.75,548.23,381.24,Concluída
2386,2025-12-30,5,12,233,108,1,424.26,21.21,403.05,191.74,Concluída
2387,2025-02-19,1,13,257,115,3,1551.39,0.0,1551.39,874.32,Concluída
2388,2025-11-02,2,2,834,106,1,137.92,20.69,117.23,73.42,Cancelada
2389,2025-07-10,3,5,715,113,1,644.98,32.25,612.73,381.24,Concluída
2390,2025-01-01,4,9,988,107,1,143.03,0.0,143.03,89.63,Concluída
2391,2025-03-20,2,3,440,101,1,3176.69,158.83,3017.86,2004.75,Concluída
2392,2025-08-04,2,1,464,113,1,644.98,0.0,644.98,381.24,Concluída
2393,2025-07-24,1,13,425,102,3,12131.49,0.0,12131.49,5675.49,Concluída
2394,2025-06-03,3,6,60,103,1,207.74,0.0,207.74,133.24,Concluída
2395,2025-04-10,2,2,631,110,1,153.35,0.0,153.35,76.82,Concluída
2396,2025-05-18,1,13,881,115,1,517.13,25.86,491.27,291.44,Concluída
2397,2025-09-30,1,13,247,112,1,2629.26,0.0,2629.26,1399.55,Concluída
2398,2025-09-20,1,13,281,102,1,4043.83,0.0,4043.83,1891.83,Concluída
2399,2025-06-19,1,13,615,102,1,4043.83,0.0,4043.83,1891.83,Concluída
2400,2025-10-27,5,11,179,114,1,440.95,22.05,418.9,271.23,Concluída
2401,2025-05-23,1,13,63,104,5,14022.25,0.0,14022.25,8478.1,Concluída
2402,2025-11-14,4,9,615,105,1,1347.1,134.71,1212.39,858.02,Concluída
2403,2025-06-14,3,4,538,107,1,143.03,0.0,143.03,89.63,Cancelada
2404,2025-03-13,3,5,189,115,3,1551.39,0.0,1551.39,874.32,Concluída
2405,2025-03-22,1,13,975,103,2,415.48,20.77,394.71,266.48,Concluída
2406,2025-02-14,2,3,950,113,1,644.98,0.0,644.98,381.24,Concluída
2407,2025-10-30,1,13,392,110,1,153.35,15.34,138.01,76.82,Concluída
2408,2025-07-22,1,13,840,106,2,275.84,41.38,234.46,146.84,Concluída
2409,2025-04-29,3,6,47,105,1,1347.1,134.71,1212.39,858.02,Concluída
2410,2025-04-05,1,13,98,111,1,3133.63,0.0,3133.63,1612.76,Concluída
2411,2025-05-05,1,13,502,110,1,153.35,0.0,153.35,76.82,Concluída
2412,2025-11-27,1,13,441,102,1,4043.83,0.0,4043.83,1891.83,Concluída
2413,2025-12-13,1,13,66,109,2,877.62,0.0,877.62,583.92,Concluída
2414,2025-01-02,3,6,637,113,3,1934.94,0.0,1934.94,1143.72,Concluída
2415,2025-06-26,3,4,140,112,1,2629.26,394.39,2234.87,1399.55,Concluída
2416,2025-08-28,2,3,787,102,1,4043.83,0.0,4043.83,1891.83,Concluída
2417,2025-05-28,4,8,14,113,2,1289.96,0.0,1289.96,762.48,Cancelada
2418,2025-06-30,1,13,943,102,2,8087.66,1213.15,6874.51,3783.66,Concluída
2419,2025-08-04,3,5,60,106,1,137.92,0.0,137.92,73.42,Cancelada
2420,2025-08-03,1,13,803,110,1,153.35,0.0,153.35,76.82,Concluída
2421,2025-06-14,2,1,417,111,1,3133.63,156.68,2976.95,1612.76,Concluída
2422,2025-03-09,1,13,401,108,2,848.52,42.43,806.09,383.48,Concluída
2423,2025-07-17,3,5,648,107,1,143.03,0.0,143.03,89.63,Concluída
2424,2025-12-17,2,3,365,110,1,153.35,15.34,138.01,76.82,Concluída
2425,2025-11-22,2,2,663,109,1,438.81,0.0,438.81,291.96,Concluída
2426,2025-02-12,1,13,621,105,1,1347.1,0.0,1347.1,858.02,Cancelada
2427,2025-05-06,2,2,792,115,1,517.13,25.86,491.27,291.44,Concluída
2428,2025-12-23,1,13,720,112,1,2629.26,0.0,2629.26,1399.55,Concluída
2429,2025-11-03,3,6,872,107,1,143.03,0.0,143.03,89.63,Devolvida
2430,2025-10-02,3,4,503,111,1,3133.63,156.68,2976.95,1612.76,Concluída
2431,2025-06-25,2,2,918,104,3,8413.35,0.0,8413.35,5086.86,Concluída
2432,2025-05-21,3,4,835,107,2,286.06,0.0,286.06,179.26,Concluída
2433,2025-05-30,1,13,887,113,3,1934.94,193.49,1741.45,1143.72,Concluída
2434,2025-03-15,2,2,324,106,1,137.92,6.9,131.02,73.42,Concluída
2435,2025-07-07,3,5,953,113,1,644.98,0.0,644.98,381.24,Concluída
2436,2025-09-28,2,2,603,107,1,143.03,0.0,143.03,89.63,Concluída
2437,2025-05-28,3,4,23,105,1,1347.1,0.0,1347.1,858.02,Concluída
2438,2025-07-31,2,3,429,106,1,137.92,13.79,124.13,73.42,Concluída
2439,2025-03-15,4,7,888,107,2,286.06,14.3,271.76,179.26,Concluída
2440,2025-12-31,2,3,968,104,2,5608.9,280.44,5328.46,3391.24,Concluída
2441,2025-10-27,4,8,702,115,1,517.13,0.0,517.13,291.44,Concluída
2442,2025-02-26,1,13,923,101,1,3176.69,158.83,3017.86,2004.75,Concluída
2443,2025-09-10,2,3,958,114,2,881.9,44.09,837.81,542.46,Concluída
2444,2025-06-26,5,12,581,108,3,1272.78,0.0,1272.78,575.22,Concluída
2445,2025-09-24,1,13,470,101,1,3176.69,0.0,3176.69,2004.75,Concluída
2446,2025-02-17,1,13,793,104,1,2804.45,0.0,2804.45,1695.62,Concluída
2447,2025-12-22,1,13,325,102,2,8087.66,0.0,8087.66,3783.66,Concluída
2448,2025-08-16,1,13,417,111,1,3133.63,0.0,3133.63,1612.76,Concluída
2449,2025-09-24,2,1,116,102,5,20219.15,2021.92,18197.23,9459.15,Concluída
2450,2025-01-14,4,7,913,115,2,1034.26,0.0,1034.26,582.88,Concluída
2451,2025-05-18,1,13,792,114,1,440.95,0.0,440.95,271.23,Concluída
2452,2025-08-05,4,9,591,107,1,143.03,7.15,135.88,89.63,Concluída
2453,2025-12-20,2,2,511,112,2,5258.52,0.0,5258.52,2799.1,Concluída
2454,2025-01-05,4,9,694,105,2,2694.2,0.0,2694.2,1716.04,Concluída
2455,2025-11-03,1,13,940,107,1,143.03,7.15,135.88,89.63,Concluída
2456,2025-04-07,1,13,782,114,1,440.95,0.0,440.95,271.23,Concluída
2457,2025-01-26,4,7,80,102,3,12131.49,0.0,12131.49,5675.49,Concluída
2458,2025-06-26,4,9,733,112,3,7887.78,0.0,7887.78,4198.65,Concluída
2459,2025-01-25,1,13,293,105,2,2694.2,0.0,2694.2,1716.04,Concluída
2460,2025-05-04,1,13,395,115,1,517.13,0.0,517.13,291.44,Concluída
2461,2025-06-19,1,13,282,109,2,877.62,0.0,877.62,583.92,Concluída
2462,2025-06-30,2,1,44,110,2,306.7,0.0,306.7,153.64,Concluída
2463,2025-06-12,1,13,113,108,2,848.52,0.0,848.52,383.48,Concluída
2464,2025-02-16,5,12,39,103,3,623.22,31.16,592.06,399.72,Concluída
2465,2025-07-27,5,12,711,109,2,877.62,0.0,877.62,583.92,Concluída
2466,2025-08-12,1,13,529,115,1,517.13,77.57,439.56,291.44,Concluída
2467,2025-08-05,1,13,847,114,1,440.95,0.0,440.95,271.23,Concluída
2468,2025-09-24,1,13,164,107,1,143.03,14.3,128.73,89.63,Concluída
2469,2025-01-15,1,13,384,104,1,2804.45,0.0,2804.45,1695.62,Concluída
2470,2025-06-28,2,2,723,103,1,207.74,0.0,207.74,133.24,Cancelada
2471,2025-05-07,2,3,789,113,1,644.98,0.0,644.98,381.24,Concluída
2472,2025-12-04,1,13,928,113,2,1289.96,0.0,1289.96,762.48,Concluída
2473,2025-12-15,1,13,952,107,1,143.03,0.0,143.03,89.63,Concluída
2474,2025-01-03,4,7,7,103,2,415.48,0.0,415.48,266.48,Concluída
2475,2025-08-25,1,13,441,110,1,153.35,0.0,153.35,76.82,Concluída
2476,2025-02-05,3,6,728,101,1,3176.69,0.0,3176.69,2004.75,Concluída
2477,2025-06-03,2,1,5,113,1,644.98,32.25,612.73,381.24,Cancelada
2478,2025-01-04,2,3,947,108,1,424.26,21.21,403.05,191.74,Concluída
2479,2025-08-22,4,7,569,114,2,881.9,0.0,881.9,542.46,Concluída
2480,2025-09-01,2,3,973,113,1,644.98,64.5,580.48,381.24,Concluída
2481,2025-03-13,1,13,669,109,3,1316.43,0.0,1316.43,875.88,Concluída
2482,2025-02-01,1,13,150,102,1,4043.83,0.0,4043.83,1891.83,Concluída
2483,2025-03-14,1,13,501,104,3,8413.35,1262.0,7151.35,5086.86,Concluída
2484,2025-12-04,2,3,679,108,5,2121.3,0.0,2121.3,958.7,Concluída
2485,2025-12-31,5,10,695,110,1,153.35,0.0,153.35,76.82,Concluída
2486,2025-12-30,3,5,791,107,1,143.03,0.0,143.03,89.63,Concluída
2487,2025-11-07,3,6,387,109,3,1316.43,0.0,1316.43,875.88,Concluída
2488,2025-01-09,1,13,156,103,3,623.22,31.16,592.06,399.72,Cancelada
2489,2025-12-12,1,13,201,113,1,644.98,0.0,644.98,381.24,Concluída
2490,2025-03-07,4,9,78,113,1,644.98,96.75,548.23,381.24,Concluída
2491,2025-08-23,1,13,490,111,1,3133.63,0.0,3133.63,1612.76,Concluída
2492,2025-09-10,4,9,118,102,3,12131.49,0.0,12131.49,5675.49,Concluída
2493,2025-02-19,1,13,726,114,3,1322.85,0.0,1322.85,813.69,Concluída
2494,2025-01-17,1,13,574,110,2,306.7,15.34,291.36,153.64,Concluída
2495,2025-06-22,3,6,941,114,1,440.95,0.0,440.95,271.23,Concluída
2496,2025-04-16,1,13,615,103,1,207.74,0.0,207.74,133.24,Concluída
2497,2025-02-16,4,8,249,115,2,1034.26,103.43,930.83,582.88,Devolvida
2498,2025-07-18,4,9,852,104,2,5608.9,0.0,5608.9,3391.24,Concluída
2499,2025-09-11,3,6,418,107,1,143.03,7.15,135.88,89.63,Concluída
2500,2025-07-21,2,2,879,115,1,517.13,0.0,517.13,291.44,Concluída
2501,2025-12-09,1,13,41,113,1,644.98,64.5,580.48,381.24,Concluída
2502,2025-03-14,1,13,681,101,1,3176.69,158.83,3017.86,2004.75,Concluída
2503,2025-01-09,1,13,573,113,1,644.98,0.0,644.98,381.24,Concluída
2504,2025-02-28,2,3,208,112,1,2629.26,0.0,2629.26,1399.55,Concluída
2505,2025-05-01,1,13,866,111,3,9400.89,0.0,9400.89,4838.28,Concluída
2506,2025-04-13,4,7,929,101,1,3176.69,0.0,3176.69,2004.75,Concluída
2507,2025-11-01,3,4,567,108,1,424.26,21.21,403.05,191.74,Concluída
2508,2025-06-08,4,9,991,101,1,3176.69,0.0,3176.69,2004.75,Cancelada
2509,2025-06-21,3,5,67,106,1,137.92,13.79,124.13,73.42,Concluída
2510,2025-11-16,3,6,758,104,1,2804.45,0.0,2804.45,1695.62,Concluída
2511,2025-08-16,2,1,249,113,1,644.98,0.0,644.98,381.24,Cancelada
2512,2025-01-13,2,1,144,103,2,415.48,0.0,415.48,266.48,Concluída
2513,2025-10-20,1,13,916,112,5,13146.3,657.32,12488.98,6997.75,Concluída
2514,2025-06-27,5,10,76,114,3,1322.85,0.0,1322.85,813.69,Devolvida
2515,2025-12-15,2,1,691,113,2,1289.96,0.0,1289.96,762.48,Concluída
2516,2025-09-12,5,12,459,110,1,153.35,23.0,130.35,76.82,Concluída
2517,2025-10-27,5,12,316,103,2,415.48,0.0,415.48,266.48,Concluída
2518,2025-07-28,3,5,664,101,2,6353.38,0.0,6353.38,4009.5,Concluída
2519,2025-08-07,2,1,522,108,1,424.26,42.43,381.83,191.74,Concluída
2520,2025-09-29,2,1,419,115,1,517.13,0.0,517.13,291.44,Cancelada
2521,2025-12-08,1,13,747,111,1,3133.63,156.68,2976.95,1612.76,Concluída
2522,2025-08-24,5,10,607,103,1,207.74,0.0,207.74,133.24,Concluída
2523,2025-12-20,2,3,717,112,1,2629.26,0.0,2629.26,1399.55,Concluída
2524,2025-07-22,5,11,174,103,1,207.74,0.0,207.74,133.24,Concluída
2525,2025-10-03,5,10,475,105,1,1347.1,0.0,1347.1,858.02,Concluída
2526,2025-10-02,1,13,350,110,1,153.35,0.0,153.35,76.82,Concluída
2527,2025-11-05,4,8,304,101,1,3176.69,0.0,3176.69,2004.75,Concluída
2528,2025-09-30,1,13,947,102,3,12131.49,1213.15,10918.34,5675.49,Concluída
2529,2025-08-14,1,13,338,108,1,424.26,0.0,424.26,191.74,Concluída
2530,2025-03-13,3,5,889,107,1,143.03,0.0,143.03,89.63,Concluída
2531,2025-02-11,3,5,539,107,1,143.03,14.3,128.73,89.63,Concluída
2532,2025-01-23,1,13,269,105,1,1347.1,0.0,1347.1,858.02,Concluída
2533,2025-08-17,2,2,358,111,1,3133.63,0.0,3133.63,1612.76,Concluída
2534,2025-01-09,4,9,201,101,1,3176.69,158.83,3017.86,2004.75,Concluída
2535,2025-11-21,1,13,856,111,1,3133.63,0.0,3133.63,1612.76,Concluída
2536,2025-01-12,2,3,616,106,1,137.92,0.0,137.92,73.42,Concluída
2537,2025-04-07,2,1,841,102,2,8087.66,0.0,8087.66,3783.66,Concluída
2538,2025-01-22,1,13,655,104,1,2804.45,0.0,2804.45,1695.62,Concluída
2539,2025-03-30,5,12,728,107,1,143.03,7.15,135.88,89.63,Concluída
2540,2025-07-06,1,13,26,112,2,5258.52,0.0,5258.52,2799.1,Concluída
2541,2025-02-17,4,8,313,107,3,429.09,64.36,364.73,268.89,Concluída
2542,2025-07-28,3,5,262,101,2,6353.38,0.0,6353.38,4009.5,Concluída
2543,2025-04-17,1,13,260,106,1,137.92,0.0,137.92,73.42,Concluída
2544,2025-07-14,3,6,999,109,2,877.62,0.0,877.62,583.92,Cancelada
2545,2025-09-21,1,13,519,104,2,5608.9,0.0,5608.9,3391.24,Concluída
2546,2025-12-05,5,11,671,109,3,1316.43,0.0,1316.43,875.88,Concluída
2547,2025-09-11,1,13,850,105,1,1347.1,0.0,1347.1,858.02,Concluída
2548,2025-12-06,4,8,374,109,1,438.81,43.88,394.93,291.96,Cancelada
2549,2025-05-29,1,13,790,113,2,1289.96,0.0,1289.96,762.48,Concluída
2550,2025-05-09,1,13,612,112,1,2629.26,0.0,2629.26,1399.55,Concluída
2551,2025-06-06,1,13,370,112,1,2629.26,0.0,2629.26,1399.55,Concluída
2552,2025-08-26,1,13,53,108,1,424.26,0.0,424.26,191.74,Devolvida
2553,2025-11-05,4,9,47,112,1,2629.26,0.0,2629.26,1399.55,Concluída
2554,2025-03-14,4,9,323,105,2,2694.2,269.42,2424.78,1716.04,Concluída
2555,2025-12-18,1,13,65,107,1,143.03,0.0,143.03,89.63,Concluída
2556,2025-07-01,1,13,706,112,2,5258.52,0.0,5258.52,2799.1,Concluída
2557,2025-12-03,1,13,320,104,1,2804.45,280.44,2524.01,1695.62,Concluída
2558,2025-08-26,3,6,704,111,2,6267.26,313.36,5953.9,3225.52,Concluída
2559,2025-11-14,4,8,193,102,2,8087.66,404.38,7683.28,3783.66,Concluída
2560,2025-03-14,1,13,590,101,1,3176.69,317.67,2859.02,2004.75,Concluída
2561,2025-04-05,5,11,153,109,1,438.81,21.94,416.87,291.96,Cancelada
2562,2025-12-08,1,13,537,106,1,137.92,0.0,137.92,73.42,Concluída
2563,2025-12-13,1,13,351,102,1,4043.83,202.19,3841.64,1891.83,Devolvida
2564,2025-11-06,4,9,83,110,1,153.35,0.0,153.35,76.82,Concluída
2565,2025-06-05,1,13,321,113,2,1289.96,64.5,1225.46,762.48,Concluída
2566,2025-08-02,1,13,557,114,1,440.95,0.0,440.95,271.23,Concluída
2567,2025-05-09,1,13,867,102,2,8087.66,404.38,7683.28,3783.66,Concluída
2568,2025-08-05,3,6,171,113,1,644.98,64.5,580.48,381.24,Concluída
2569,2025-08-06,1,13,539,102,1,4043.83,202.19,3841.64,1891.83,Concluída
2570,2025-03-23,1,13,435,110,1,153.35,0.0,153.35,76.82,Concluída
2571,2025-01-11,4,7,946,110,1,153.35,15.34,138.01,76.82,Concluída
2572,2025-09-10,5,11,344,101,2,6353.38,317.67,6035.71,4009.5,Concluída
2573,2025-10-04,1,13,937,111,2,6267.26,0.0,6267.26,3225.52,Concluída
2574,2025-02-21,5,10,288,113,1,644.98,32.25,612.73,381.24,Cancelada
2575,2025-09-29,5,11,515,106,3,413.76,0.0,413.76,220.26,Concluída
2576,2025-03-19,1,13,623,114,1,440.95,0.0,440.95,271.23,Concluída
2577,2025-12-14,1,13,805,112,1,2629.26,0.0,2629.26,1399.55,Concluída
2578,2025-07-05,4,8,388,108,1,424.26,0.0,424.26,191.74,Concluída
2579,2025-06-19,1,13,767,105,2,2694.2,0.0,2694.2,1716.04,Concluída
2580,2025-12-29,1,13,255,107,3,429.09,0.0,429.09,268.89,Cancelada
2581,2025-02-13,5,12,669,114,1,440.95,66.14,374.81,271.23,Concluída
2582,2025-03-02,3,4,329,101,1,3176.69,158.83,3017.86,2004.75,Concluída
2583,2025-12-11,5,12,130,107,3,429.09,64.36,364.73,268.89,Concluída
2584,2025-08-20,1,13,522,102,2,8087.66,0.0,8087.66,3783.66,Concluída
2585,2025-01-28,3,5,235,114,2,881.9,0.0,881.9,542.46,Concluída
2586,2025-05-07,1,13,806,106,1,137.92,6.9,131.02,73.42,Concluída
2587,2025-09-05,1,13,368,103,1,207.74,10.39,197.35,133.24,Concluída
2588,2025-08-15,3,5,871,110,2,306.7,15.34,291.36,153.64,Concluída
2589,2025-04-11,1,13,326,101,1,3176.69,476.5,2700.19,2004.75,Concluída
2590,2025-11-27,1,13,574,108,1,424.26,0.0,424.26,191.74,Concluída
2591,2025-06-08,3,4,175,110,1,153.35,0.0,153.35,76.82,Concluída
2592,2025-01-25,1,13,279,101,2,6353.38,317.67,6035.71,4009.5,Concluída
2593,2025-07-28,3,5,696,106,1,137.92,0.0,137.92,73.42,Concluída
2594,2025-03-16,1,13,555,109,1,438.81,0.0,438.81,291.96,Concluída
2595,2025-10-09,3,5,177,102,1,4043.83,202.19,3841.64,1891.83,Concluída
2596,2025-05-06,1,13,103,109,1,438.81,0.0,438.81,291.96,Concluída
2597,2025-10-02,3,4,371,113,1,644.98,0.0,644.98,381.24,Concluída
2598,2025-04-11,3,4,903,113,2,1289.96,0.0,1289.96,762.48,Concluída
2599,2025-11-23,2,2,862,101,1,3176.69,0.0,3176.69,2004.75,Concluída
2600,2025-02-14,3,6,491,104,2,5608.9,0.0,5608.9,3391.24,Concluída
2601,2025-09-19,3,5,664,108,1,424.26,0.0,424.26,191.74,Concluída
2602,2025-07-01,1,13,716,112,1,2629.26,0.0,2629.26,1399.55,Concluída
2603,2025-01-05,2,2,248,105,1,1347.1,134.71,1212.39,858.02,Concluída
2604,2025-12-01,3,6,329,102,1,4043.83,0.0,4043.83,1891.83,Concluída
2605,2025-02-11,4,9,772,102,2,8087.66,404.38,7683.28,3783.66,Concluída
2606,2025-05-13,5,11,621,108,1,424.26,0.0,424.26,191.74,Concluída
2607,2025-02-28,3,5,439,108,1,424.26,0.0,424.26,191.74,Concluída
2608,2025-03-01,3,6,514,109,1,438.81,0.0,438.81,291.96,Concluída
2609,2025-10-27,1,13,138,112,1,2629.26,131.46,2497.8,1399.55,Cancelada
2610,2025-08-14,2,1,382,106,1,137.92,0.0,137.92,73.42,Concluída
2611,2025-09-26,2,2,843,101,1,3176.69,0.0,3176.69,2004.75,Concluída
2612,2025-05-28,3,4,310,105,2,2694.2,269.42,2424.78,1716.04,Concluída
2613,2025-08-06,1,13,1,105,4,5388.4,0.0,5388.4,3432.08,Concluída
2614,2025-08-02,4,9,306,103,2,415.48,0.0,415.48,266.48,Concluída
2615,2025-09-19,1,13,545,112,1,2629.26,262.93,2366.33,1399.55,Concluída
2616,2025-09-03,1,13,398,106,1,137.92,20.69,117.23,73.42,Concluída
2617,2025-09-19,5,10,222,107,1,143.03,7.15,135.88,89.63,Concluída
2618,2025-01-15,1,13,499,111,2,6267.26,0.0,6267.26,3225.52,Concluída
2619,2025-04-27,3,4,784,106,1,137.92,0.0,137.92,73.42,Cancelada
2620,2025-12-28,5,12,117,111,2,6267.26,0.0,6267.26,3225.52,Concluída
2621,2025-06-18,3,5,66,101,3,9530.07,0.0,9530.07,6014.25,Concluída
2622,2025-12-18,1,13,84,109,1,438.81,0.0,438.81,291.96,Concluída
2623,2025-09-03,1,13,21,102,1,4043.83,0.0,4043.83,1891.83,Concluída
2624,2025-07-25,3,5,343,111,1,3133.63,0.0,3133.63,1612.76,Concluída
2625,2025-09-24,3,6,489,115,1,517.13,0.0,517.13,291.44,Concluída
2626,2025-01-30,1,13,110,108,1,424.26,0.0,424.26,191.74,Concluída
2627,2025-06-21,5,11,530,112,1,2629.26,0.0,2629.26,1399.55,Concluída
2628,2025-01-05,2,2,217,111,2,6267.26,626.73,5640.53,3225.52,Concluída
2629,2025-06-10,2,1,97,107,1,143.03,0.0,143.03,89.63,Concluída
2630,2025-07-07,4,8,838,103,2,415.48,20.77,394.71,266.48,Concluída
2631,2025-11-02,1,13,224,108,3,1272.78,0.0,1272.78,575.22,Concluída
2632,2025-04-19,2,3,728,110,2,306.7,30.67,276.03,153.64,Concluída
2633,2025-09-29,5,10,715,101,1,3176.69,0.0,3176.69,2004.75,Concluída
2634,2025-09-13,1,13,357,104,2,5608.9,280.44,5328.46,3391.24,Concluída
2635,2025-04-24,4,9,200,107,3,429.09,21.45,407.64,268.89,Concluída
2636,2025-08-29,3,6,338,105,1,1347.1,67.36,1279.74,858.02,Concluída
2637,2025-12-19,3,4,249,108,2,848.52,0.0,848.52,383.48,Concluída
2638,2025-07-10,2,2,516,104,1,2804.45,0.0,2804.45,1695.62,Devolvida
2639,2025-05-01,3,6,562,113,2,1289.96,0.0,1289.96,762.48,Concluída
2640,2025-04-22,3,4,149,115,1,517.13,77.57,439.56,291.44,Concluída
2641,2025-08-13,4,7,854,110,2,306.7,0.0,306.7,153.64,Concluída
2642,2025-02-04,3,5,853,108,3,1272.78,127.28,1145.5,575.22,Cancelada
2643,2025-02-24,4,7,724,104,1,2804.45,0.0,2804.45,1695.62,Concluída
2644,2025-07-22,1,13,367,105,1,1347.1,0.0,1347.1,858.02,Concluída
2645,2025-05-09,1,13,322,107,1,143.03,0.0,143.03,89.63,Concluída
2646,2025-08-29,3,6,678,112,1,2629.26,394.39,2234.87,1399.55,Concluída
2647,2025-10-28,2,3,314,106,3,413.76,0.0,413.76,220.26,Concluída
2648,2025-11-19,1,13,576,112,2,5258.52,525.85,4732.67,2799.1,Concluída
2649,2025-08-24,2,1,337,111,3,9400.89,940.09,8460.8,4838.28,Concluída
2650,2025-09-18,1,13,221,110,1,153.35,15.34,138.01,76.82,Concluída
2651,2025-09-02,3,4,491,111,1,3133.63,0.0,3133.63,1612.76,Concluída
2652,2025-04-03,1,13,662,103,2,415.48,41.55,373.93,266.48,Concluída
2653,2025-11-12,2,3,236,113,2,1289.96,0.0,1289.96,762.48,Cancelada
2654,2025-04-05,3,5,321,105,3,4041.3,0.0,4041.3,2574.06,Concluída
2655,2025-11-29,4,8,275,103,1,207.74,31.16,176.58,133.24,Concluída
2656,2025-05-19,1,13,162,112,1,2629.26,131.46,2497.8,1399.55,Concluída
2657,2025-01-04,3,5,450,107,1,143.03,14.3,128.73,89.63,Concluída
2658,2025-12-09,3,5,674,102,4,16175.32,0.0,16175.32,7567.32,Concluída
2659,2025-11-10,4,8,106,105,1,1347.1,0.0,1347.1,858.02,Concluída
2660,2025-12-28,1,13,479,101,1,3176.69,158.83,3017.86,2004.75,Concluída
2661,2025-06-16,5,12,649,110,1,153.35,15.34,138.01,76.82,Concluída
2662,2025-02-08,3,4,28,111,1,3133.63,0.0,3133.63,1612.76,Concluída
2663,2025-04-03,4,9,180,101,2,6353.38,0.0,6353.38,4009.5,Concluída
2664,2025-12-31,1,13,615,103,2,415.48,0.0,415.48,266.48,Concluída
2665,2025-10-03,1,13,96,114,1,440.95,22.05,418.9,271.23,Concluída
2666,2025-04-09,3,4,856,110,2,306.7,15.34,291.36,153.64,Concluída
2667,2025-05-24,3,4,302,101,1,3176.69,158.83,3017.86,2004.75,Concluída
2668,2025-04-07,1,13,207,113,1,644.98,0.0,644.98,381.24,Concluída
2669,2025-05-02,1,13,380,102,3,12131.49,606.57,11524.92,5675.49,Concluída
2670,2025-11-10,1,13,520,107,2,286.06,0.0,286.06,179.26,Concluída
2671,2025-05-26,1,13,393,110,3,460.05,0.0,460.05,230.46,Concluída
2672,2025-08-19,1,13,841,114,1,440.95,44.09,396.86,271.23,Concluída
2673,2025-10-14,3,6,827,110,5,766.75,0.0,766.75,384.1,Concluída
2674,2025-09-03,4,7,255,110,1,153.35,15.34,138.01,76.82,Concluída
2675,2025-08-05,1,13,331,110,1,153.35,15.34,138.01,76.82,Concluída
2676,2025-01-23,1,13,822,109,1,438.81,0.0,438.81,291.96,Concluída
2677,2025-10-29,1,13,564,109,3,1316.43,0.0,1316.43,875.88,Concluída
2678,2025-05-26,3,6,661,107,2,286.06,0.0,286.06,179.26,Concluída
2679,2025-08-19,3,6,594,105,1,1347.1,0.0,1347.1,858.02,Concluída
2680,2025-12-25,4,9,23,114,3,1322.85,132.28,1190.57,813.69,Concluída
2681,2025-02-13,4,9,451,115,1,517.13,0.0,517.13,291.44,Concluída
2682,2025-09-26,1,13,106,106,1,137.92,6.9,131.02,73.42,Concluída
2683,2025-06-16,1,13,79,109,2,877.62,0.0,877.62,583.92,Concluída
2684,2025-02-19,1,13,268,110,3,460.05,23.0,437.05,230.46,Concluída
2685,2025-12-22,1,13,626,115,2,1034.26,0.0,1034.26,582.88,Concluída
2686,2025-01-10,5,11,332,113,3,1934.94,0.0,1934.94,1143.72,Concluída
2687,2025-07-29,4,9,810,104,1,2804.45,0.0,2804.45,1695.62,Concluída
2688,2025-12-31,4,8,923,103,2,415.48,0.0,415.48,266.48,Concluída
2689,2025-12-26,2,1,922,106,2,275.84,0.0,275.84,146.84,Cancelada
2690,2025-03-08,1,13,552,106,3,413.76,62.06,351.7,220.26,Concluída
2691,2025-03-30,4,8,527,113,1,644.98,0.0,644.98,381.24,Concluída
2692,2025-09-22,3,6,251,113,2,1289.96,129.0,1160.96,762.48,Concluída
2693,2025-12-10,1,13,525,106,1,137.92,6.9,131.02,73.42,Concluída
2694,2025-02-10,4,7,450,109,1,438.81,0.0,438.81,291.96,Concluída
2695,2025-11-09,3,4,778,105,2,2694.2,0.0,2694.2,1716.04,Concluída
2696,2025-12-29,2,2,537,107,2,286.06,0.0,286.06,179.26,Concluída
2697,2025-06-17,2,1,969,104,2,5608.9,0.0,5608.9,3391.24,Concluída
2698,2025-05-25,1,13,413,109,2,877.62,0.0,877.62,583.92,Concluída
2699,2025-05-06,1,13,691,103,1,207.74,0.0,207.74,133.24,Concluída
2700,2025-02-15,2,3,924,101,1,3176.69,0.0,3176.69,2004.75,Concluída
2701,2025-08-17,1,13,473,108,3,1272.78,0.0,1272.78,575.22,Concluída
2702,2025-03-11,1,13,456,109,1,438.81,0.0,438.81,291.96,Concluída
2703,2025-10-11,5,12,501,114,1,440.95,22.05,418.9,271.23,Devolvida
2704,2025-07-11,3,6,294,111,1,3133.63,0.0,3133.63,1612.76,Concluída
2705,2025-06-21,1,13,869,104,1,2804.45,0.0,2804.45,1695.62,Concluída
2706,2025-01-15,5,10,488,107,1,143.03,0.0,143.03,89.63,Concluída
2707,2025-05-16,4,7,982,114,1,440.95,0.0,440.95,271.23,Concluída
2708,2025-11-02,2,1,306,102,1,4043.83,202.19,3841.64,1891.83,Concluída
2709,2025-11-30,4,7,637,110,1,153.35,0.0,153.35,76.82,Concluída
2710,2025-10-20,4,9,35,113,1,644.98,0.0,644.98,381.24,Concluída
2711,2025-03-18,1,13,740,105,1,1347.1,0.0,1347.1,858.02,Cancelada
2712,2025-06-20,3,5,375,104,1,2804.45,0.0,2804.45,1695.62,Concluída
2713,2025-12-13,1,13,441,101,2,6353.38,635.34,5718.04,4009.5,Concluída
2714,2025-01-07,4,7,267,108,1,424.26,63.64,360.62,191.74,Concluída
2715,2025-02-05,1,13,835,105,1,1347.1,67.36,1279.74,858.02,Concluída
2716,2025-08-04,1,13,854,106,5,689.6,0.0,689.6,367.1,Concluída
2717,2025-06-12,2,3,985,108,2,848.52,0.0,848.52,383.48,Concluída
2718,2025-06-09,3,5,460,107,3,429.09,0.0,429.09,268.89,Concluída
2719,2025-07-29,2,3,1,105,2,2694.2,134.71,2559.49,1716.04,Concluída
2720,2025-12-10,3,5,561,115,1,517.13,0.0,517.13,291.44,Concluída
2721,2025-12-31,1,13,352,110,1,153.35,0.0,153.35,76.82,Concluída
2722,2025-02-04,1,13,719,104,2,5608.9,0.0,5608.9,3391.24,Concluída
2723,2025-12-27,1,13,931,105,3,4041.3,0.0,4041.3,2574.06,Concluída
2724,2025-12-15,1,13,179,115,1,517.13,0.0,517.13,291.44,Concluída
2725,2025-04-21,4,9,398,107,1,143.03,0.0,143.03,89.63,Concluída
2726,2025-05-05,1,13,260,108,2,848.52,0.0,848.52,383.48,Concluída
2727,2025-08-22,1,13,848,103,1,207.74,0.0,207.74,133.24,Concluída
2728,2025-02-22,1,13,939,112,1,2629.26,0.0,2629.26,1399.55,Concluída
2729,2025-07-02,5,12,938,112,2,5258.52,262.93,4995.59,2799.1,Concluída
2730,2025-06-08,5,11,491,105,1,1347.1,0.0,1347.1,858.02,Concluída
2731,2025-07-07,1,13,9,103,1,207.74,0.0,207.74,133.24,Concluída
2732,2025-08-03,4,9,835,102,1,4043.83,606.57,3437.26,1891.83,Cancelada
2733,2025-10-03,1,13,711,102,1,4043.83,0.0,4043.83,1891.83,Concluída
2734,2025-11-15,4,7,829,110,1,153.35,7.67,145.68,76.82,Concluída
2735,2025-02-08,5,12,385,106,1,137.92,0.0,137.92,73.42,Concluída
2736,2025-02-26,1,13,777,110,1,153.35,0.0,153.35,76.82,Cancelada
2737,2025-02-19,3,5,546,113,4,2579.92,0.0,2579.92,1524.96,Cancelada
2738,2025-01-22,3,4,984,109,1,438.81,0.0,438.81,291.96,Concluída
2739,2025-05-13,1,13,320,115,1,517.13,25.86,491.27,291.44,Concluída
2740,2025-10-22,2,1,782,114,1,440.95,0.0,440.95,271.23,Cancelada
2741,2025-03-30,1,13,159,108,3,1272.78,0.0,1272.78,575.22,Devolvida
2742,2025-06-01,3,4,202,104,1,2804.45,280.44,2524.01,1695.62,Concluída
2743,2025-04-11,4,7,329,104,1,2804.45,0.0,2804.45,1695.62,Concluída
2744,2025-01-06,2,3,91,111,2,6267.26,626.73,5640.53,3225.52,Concluída
2745,2025-07-28,1,13,680,113,1,644.98,0.0,644.98,381.24,Concluída
2746,2025-12-29,2,3,820,105,1,1347.1,134.71,1212.39,858.02,Concluída
2747,2025-10-13,4,7,612,110,1,153.35,0.0,153.35,76.82,Concluída
2748,2025-11-03,1,13,57,107,1,143.03,0.0,143.03,89.63,Concluída
2749,2025-02-22,1,13,940,112,2,5258.52,788.78,4469.74,2799.1,Concluída
2750,2025-11-12,1,13,917,113,3,1934.94,96.75,1838.19,1143.72,Concluída
2751,2025-11-22,1,13,138,113,2,1289.96,0.0,1289.96,762.48,Concluída
2752,2025-09-15,5,10,704,102,2,8087.66,0.0,8087.66,3783.66,Cancelada
2753,2025-07-25,1,13,856,110,1,153.35,0.0,153.35,76.82,Concluída
2754,2025-09-28,1,13,509,110,2,306.7,15.34,291.36,153.64,Concluída
2755,2025-01-06,1,13,143,111,2,6267.26,0.0,6267.26,3225.52,Cancelada
2756,2025-11-21,1,13,779,103,1,207.74,0.0,207.74,133.24,Concluída
2757,2025-03-22,1,13,984,111,2,6267.26,626.73,5640.53,3225.52,Concluída
2758,2025-06-23,3,6,132,105,2,2694.2,0.0,2694.2,1716.04,Cancelada
2759,2025-03-16,3,4,303,106,1,137.92,6.9,131.02,73.42,Concluída
2760,2025-12-13,5,12,24,112,3,7887.78,788.78,7099.0,4198.65,Cancelada
2761,2025-07-24,1,13,45,105,1,1347.1,0.0,1347.1,858.02,Cancelada
2762,2025-04-04,1,13,802,106,2,275.84,27.58,248.26,146.84,Concluída
2763,2025-07-24,3,6,990,106,1,137.92,0.0,137.92,73.42,Concluída
2764,2025-02-12,3,6,599,109,1,438.81,0.0,438.81,291.96,Concluída
2765,2025-04-15,1,13,338,111,2,6267.26,0.0,6267.26,3225.52,Concluída
2766,2025-09-21,2,3,521,115,1,517.13,25.86,491.27,291.44,Concluída
2767,2025-08-06,3,6,639,114,1,440.95,0.0,440.95,271.23,Concluída
2768,2025-01-27,2,1,907,115,1,517.13,0.0,517.13,291.44,Concluída
2769,2025-02-20,4,7,570,107,1,143.03,0.0,143.03,89.63,Concluída
2770,2025-05-22,3,5,925,115,1,517.13,0.0,517.13,291.44,Concluída
2771,2025-09-18,1,13,125,113,2,1289.96,0.0,1289.96,762.48,Devolvida
2772,2025-10-28,4,8,748,104,1,2804.45,420.67,2383.78,1695.62,Concluída
2773,2025-06-07,1,13,266,108,2,848.52,42.43,806.09,383.48,Cancelada
2774,2025-04-30,1,13,575,104,1,2804.45,280.44,2524.01,1695.62,Cancelada
2775,2025-07-29,2,3,58,114,1,440.95,22.05,418.9,271.23,Concluída
2776,2025-07-21,2,3,262,114,1,440.95,0.0,440.95,271.23,Concluída
2777,2025-09-28,4,8,855,113,1,644.98,32.25,612.73,381.24,Concluída
2778,2025-03-27,1,13,894,115,1,517.13,51.71,465.42,291.44,Concluída
2779,2025-01-01,4,7,540,104,1,2804.45,0.0,2804.45,1695.62,Concluída
2780,2025-09-19,2,2,549,112,1,2629.26,262.93,2366.33,1399.55,Concluída
2781,2025-07-29,3,6,19,110,3,460.05,0.0,460.05,230.46,Concluída
2782,2025-04-23,2,2,752,105,1,1347.1,67.36,1279.74,858.02,Concluída
2783,2025-03-17,1,13,652,104,1,2804.45,0.0,2804.45,1695.62,Cancelada
2784,2025-12-17,4,8,615,111,1,3133.63,0.0,3133.63,1612.76,Concluída
2785,2025-05-21,2,2,989,105,1,1347.1,67.36,1279.74,858.02,Concluída
2786,2025-05-30,5,11,701,115,5,2585.65,0.0,2585.65,1457.2,Concluída
2787,2025-03-03,4,9,121,113,2,1289.96,0.0,1289.96,762.48,Concluída
2788,2025-04-25,1,13,365,113,1,644.98,32.25,612.73,381.24,Concluída
2789,2025-08-12,1,13,627,107,1,143.03,0.0,143.03,89.63,Concluída
2790,2025-01-05,5,10,580,104,1,2804.45,0.0,2804.45,1695.62,Concluída
2791,2025-02-26,1,13,858,101,1,3176.69,158.83,3017.86,2004.75,Concluída
2792,2025-11-30,3,4,945,105,1,1347.1,0.0,1347.1,858.02,Concluída
2793,2025-04-21,1,13,492,107,1,143.03,0.0,143.03,89.63,Concluída
2794,2025-05-11,2,3,51,102,2,8087.66,808.77,7278.89,3783.66,Devolvida
2795,2025-05-21,1,13,202,115,1,517.13,0.0,517.13,291.44,Concluída
2796,2025-06-20,4,8,766,104,1,2804.45,280.44,2524.01,1695.62,Concluída
2797,2025-09-06,1,13,335,105,1,1347.1,134.71,1212.39,858.02,Concluída
2798,2025-10-27,1,13,42,110,3,460.05,0.0,460.05,230.46,Concluída
2799,2025-07-26,3,4,508,103,1,207.74,0.0,207.74,133.24,Concluída
2800,2025-12-23,4,8,640,110,1,153.35,0.0,153.35,76.82,Concluída
2801,2025-09-29,4,8,419,108,2,848.52,84.85,763.67,383.48,Concluída
2802,2025-09-14,1,13,175,102,3,12131.49,1213.15,10918.34,5675.49,Devolvida
2803,2025-11-29,4,7,571,104,3,8413.35,420.67,7992.68,5086.86,Concluída
2804,2025-06-13,2,1,937,103,1,207.74,0.0,207.74,133.24,Concluída
2805,2025-11-07,1,13,657,109,1,438.81,21.94,416.87,291.96,Concluída
2806,2025-10-15,3,4,852,108,2,848.52,0.0,848.52,383.48,Concluída
2807,2025-10-16,3,4,622,109,1,438.81,0.0,438.81,291.96,Concluída
2808,2025-03-20,2,3,284,105,1,1347.1,0.0,1347.1,858.02,Concluída
2809,2025-06-23,1,13,440,115,1,517.13,0.0,517.13,291.44,Concluída
2810,2025-12-11,4,9,800,111,1,3133.63,0.0,3133.63,1612.76,Concluída
2811,2025-08-16,2,2,799,106,1,137.92,0.0,137.92,73.42,Concluída
2812,2025-06-16,1,13,665,113,2,1289.96,0.0,1289.96,762.48,Concluída
2813,2025-08-10,2,3,505,102,1,4043.83,0.0,4043.83,1891.83,Concluída
2814,2025-03-14,3,6,273,113,2,1289.96,129.0,1160.96,762.48,Concluída
2815,2025-12-22,1,13,355,104,1,2804.45,0.0,2804.45,1695.62,Concluída
2816,2025-01-27,3,4,127,106,2,275.84,0.0,275.84,146.84,Concluída
2817,2025-05-28,3,5,247,111,1,3133.63,313.36,2820.27,1612.76,Concluída
2818,2025-10-02,2,1,361,106,1,137.92,0.0,137.92,73.42,Concluída
2819,2025-02-23,1,13,664,112,2,5258.52,0.0,5258.52,2799.1,Concluída
2820,2025-06-18,4,8,479,104,2,5608.9,0.0,5608.9,3391.24,Concluída
2821,2025-03-16,2,2,358,109,1,438.81,21.94,416.87,291.96,Concluída
2822,2025-06-26,2,3,309,114,1,440.95,44.09,396.86,271.23,Concluída
2823,2025-07-29,2,1,807,115,3,1551.39,77.57,1473.82,874.32,Concluída
2824,2025-11-24,1,13,421,103,1,207.74,10.39,197.35,133.24,Concluída
2825,2025-11-23,1,13,308,101,1,3176.69,0.0,3176.69,2004.75,Concluída
2826,2025-08-16,3,4,261,112,4,10517.04,525.85,9991.19,5598.2,Concluída
2827,2025-12-22,1,13,128,109,1,438.81,0.0,438.81,291.96,Concluída
2828,2025-01-22,2,1,512,105,1,1347.1,67.36,1279.74,858.02,Concluída
2829,2025-08-25,1,13,104,101,1,3176.69,0.0,3176.69,2004.75,Concluída
2830,2025-12-04,4,7,449,112,1,2629.26,0.0,2629.26,1399.55,Concluída
2831,2025-11-27,1,13,501,109,1,438.81,0.0,438.81,291.96,Cancelada
2832,2025-06-10,1,13,408,115,2,1034.26,0.0,1034.26,582.88,Concluída
2833,2025-10-24,4,7,681,109,2,877.62,87.76,789.86,583.92,Concluída
2834,2025-07-25,3,5,203,113,1,644.98,96.75,548.23,381.24,Concluída
2835,2025-12-11,4,9,540,110,1,153.35,0.0,153.35,76.82,Concluída
2836,2025-03-10,2,1,277,113,1,644.98,0.0,644.98,381.24,Concluída
2837,2025-02-24,4,9,8,102,1,4043.83,0.0,4043.83,1891.83,Concluída
2838,2025-06-08,1,13,999,110,1,153.35,0.0,153.35,76.82,Concluída
2839,2025-04-26,1,13,453,113,2,1289.96,0.0,1289.96,762.48,Concluída
2840,2025-09-24,5,10,721,113,3,1934.94,193.49,1741.45,1143.72,Concluída
2841,2025-01-27,5,12,739,104,2,5608.9,280.44,5328.46,3391.24,Concluída
2842,2025-07-06,2,1,400,114,1,440.95,0.0,440.95,271.23,Concluída
2843,2025-04-03,5,12,426,104,3,8413.35,0.0,8413.35,5086.86,Concluída
2844,2025-05-16,3,4,145,115,1,517.13,25.86,491.27,291.44,Concluída
2845,2025-10-26,1,13,689,103,4,830.96,41.55,789.41,532.96,Concluída
2846,2025-05-16,3,4,331,114,1,440.95,0.0,440.95,271.23,Cancelada
2847,2025-10-27,2,3,560,110,2,306.7,0.0,306.7,153.64,Concluída
2848,2025-11-13,4,8,777,113,1,644.98,96.75,548.23,381.24,Concluída
2849,2025-05-20,1,13,717,104,1,2804.45,140.22,2664.23,1695.62,Concluída
2850,2025-05-27,5,10,534,102,2,8087.66,404.38,7683.28,3783.66,Concluída
2851,2025-12-23,1,13,392,115,1,517.13,0.0,517.13,291.44,Concluída
2852,2025-06-23,1,13,566,114,2,881.9,0.0,881.9,542.46,Concluída
2853,2025-04-21,2,3,440,109,1,438.81,0.0,438.81,291.96,Concluída
2854,2025-05-24,4,7,267,107,2,286.06,0.0,286.06,179.26,Cancelada
2855,2025-05-14,3,4,204,104,1,2804.45,420.67,2383.78,1695.62,Cancelada
2856,2025-02-26,1,13,555,104,3,8413.35,0.0,8413.35,5086.86,Concluída
2857,2025-09-04,4,8,943,105,1,1347.1,0.0,1347.1,858.02,Concluída
2858,2025-01-06,5,12,681,108,1,424.26,63.64,360.62,191.74,Concluída
2859,2025-08-27,1,13,3,108,1,424.26,0.0,424.26,191.74,Concluída
2860,2025-11-22,2,1,511,103,1,207.74,0.0,207.74,133.24,Concluída
2861,2025-07-22,2,3,307,102,1,4043.83,202.19,3841.64,1891.83,Concluída
2862,2025-04-26,5,12,166,107,2,286.06,14.3,271.76,179.26,Concluída
2863,2025-05-12,3,5,306,102,1,4043.83,0.0,4043.83,1891.83,Concluída
2864,2025-12-17,4,9,699,101,1,3176.69,317.67,2859.02,2004.75,Concluída
2865,2025-10-19,1,13,661,101,1,3176.69,0.0,3176.69,2004.75,Concluída
2866,2025-02-28,3,6,462,111,1,3133.63,0.0,3133.63,1612.76,Concluída
2867,2025-07-11,2,1,193,107,5,715.15,0.0,715.15,448.15,Concluída
2868,2025-01-06,2,1,121,106,3,413.76,0.0,413.76,220.26,Concluída
2869,2025-07-23,3,5,976,103,1,207.74,0.0,207.74,133.24,Concluída
2870,2025-08-05,2,1,564,112,1,2629.26,0.0,2629.26,1399.55,Concluída
2871,2025-01-06,1,13,204,113,5,3224.9,0.0,3224.9,1906.2,Concluída
2872,2025-06-02,1,13,5,107,1,143.03,0.0,143.03,89.63,Concluída
2873,2025-02-13,2,2,941,105,1,1347.1,0.0,1347.1,858.02,Concluída
2874,2025-06-26,1,13,753,102,1,4043.83,404.38,3639.45,1891.83,Concluída
2875,2025-03-19,5,10,194,102,1,4043.83,0.0,4043.83,1891.83,Cancelada
2876,2025-10-26,3,6,593,101,3,9530.07,0.0,9530.07,6014.25,Concluída
2877,2025-11-05,2,2,952,108,1,424.26,0.0,424.26,191.74,Concluída
2878,2025-01-17,1,13,930,101,3,9530.07,0.0,9530.07,6014.25,Concluída
2879,2025-12-24,1,13,96,107,1,143.03,7.15,135.88,89.63,Concluída
2880,2025-11-20,2,2,214,104,1,2804.45,0.0,2804.45,1695.62,Concluída
2881,2025-10-13,2,2,469,108,3,1272.78,0.0,1272.78,575.22,Concluída
2882,2025-07-18,1,13,333,111,2,6267.26,626.73,5640.53,3225.52,Concluída
2883,2025-08-21,3,6,863,104,2,5608.9,0.0,5608.9,3391.24,Concluída
2884,2025-05-02,1,13,182,105,1,1347.1,0.0,1347.1,858.02,Concluída
2885,2025-08-20,1,13,918,105,5,6735.5,0.0,6735.5,4290.1,Concluída
2886,2025-06-04,2,3,880,101,1,3176.69,158.83,3017.86,2004.75,Devolvida
2887,2025-04-22,4,9,95,106,1,137.92,13.79,124.13,73.42,Concluída
2888,2025-03-25,2,2,609,113,2,1289.96,129.0,1160.96,762.48,Concluída
2889,2025-10-24,3,5,823,108,1,424.26,0.0,424.26,191.74,Concluída
2890,2025-09-05,5,12,485,107,1,143.03,0.0,143.03,89.63,Concluída
2891,2025-06-29,2,2,154,109,1,438.81,0.0,438.81,291.96,Concluída
2892,2025-12-16,2,2,520,106,1,137.92,20.69,117.23,73.42,Concluída
2893,2025-04-15,2,3,520,105,4,5388.4,0.0,5388.4,3432.08,Concluída
2894,2025-08-02,1,13,389,112,1,2629.26,0.0,2629.26,1399.55,Cancelada
2895,2025-11-29,3,5,70,104,1,2804.45,280.44,2524.01,1695.62,Concluída
2896,2025-09-01,1,13,905,108,3,1272.78,0.0,1272.78,575.22,Concluída
2897,2025-01-21,4,7,584,110,3,460.05,0.0,460.05,230.46,Concluída
2898,2025-09-12,2,1,901,112,2,5258.52,525.85,4732.67,2799.1,Concluída
2899,2025-02-13,1,13,778,104,5,14022.25,0.0,14022.25,8478.1,Concluída
2900,2025-08-03,1,13,417,109,4,1755.24,87.76,1667.48,1167.84,Concluída
2901,2025-04-14,1,13,701,113,1,644.98,32.25,612.73,381.24,Concluída
2902,2025-10-29,5,11,287,107,1,143.03,0.0,143.03,89.63,Concluída
2903,2025-01-15,4,8,580,105,2,2694.2,134.71,2559.49,1716.04,Concluída
2904,2025-11-10,1,13,196,106,1,137.92,13.79,124.13,73.42,Concluída
2905,2025-03-13,3,4,140,109,1,438.81,0.0,438.81,291.96,Concluída
2906,2025-01-17,4,8,260,109,3,1316.43,0.0,1316.43,875.88,Concluída
2907,2025-09-03,4,8,252,102,1,4043.83,0.0,4043.83,1891.83,Concluída
2908,2025-09-24,4,8,171,106,1,137.92,0.0,137.92,73.42,Concluída
2909,2025-01-04,1,13,421,113,5,3224.9,483.74,2741.16,1906.2,Concluída
2910,2025-01-16,2,2,564,109,2,877.62,0.0,877.62,583.92,Concluída
2911,2025-12-14,1,13,740,110,4,613.4,0.0,613.4,307.28,Concluída
2912,2025-02-08,5,10,924,115,1,517.13,77.57,439.56,291.44,Cancelada
2913,2025-10-14,2,2,945,104,4,11217.8,560.89,10656.91,6782.48,Concluída
2914,2025-10-04,4,9,538,113,1,644.98,64.5,580.48,381.24,Concluída
2915,2025-04-14,4,9,79,105,2,2694.2,134.71,2559.49,1716.04,Concluída
2916,2025-07-29,1,13,486,115,2,1034.26,0.0,1034.26,582.88,Concluída
2917,2025-08-07,1,13,779,103,1,207.74,0.0,207.74,133.24,Concluída
2918,2025-01-10,1,13,184,109,1,438.81,0.0,438.81,291.96,Concluída
2919,2025-01-11,1,13,749,112,2,5258.52,0.0,5258.52,2799.1,Concluída
2920,2025-09-08,1,13,970,105,1,1347.1,0.0,1347.1,858.02,Concluída
2921,2025-03-12,3,6,70,101,3,9530.07,0.0,9530.07,6014.25,Concluída
2922,2025-08-27,1,13,799,102,1,4043.83,0.0,4043.83,1891.83,Concluída
2923,2025-08-18,1,13,846,101,1,3176.69,158.83,3017.86,2004.75,Concluída
2924,2025-10-01,5,11,300,112,1,2629.26,262.93,2366.33,1399.55,Concluída
2925,2025-01-07,2,2,520,108,1,424.26,0.0,424.26,191.74,Concluída
2926,2025-07-23,2,3,11,107,1,143.03,0.0,143.03,89.63,Concluída
2927,2025-08-17,5,10,235,103,1,207.74,0.0,207.74,133.24,Concluída
2928,2025-09-30,1,13,636,111,1,3133.63,0.0,3133.63,1612.76,Concluída
2929,2025-02-24,2,2,624,114,4,1763.8,88.19,1675.61,1084.92,Concluída
2930,2025-03-08,1,13,48,102,2,8087.66,0.0,8087.66,3783.66,Concluída
2931,2025-06-30,1,13,722,103,4,830.96,0.0,830.96,532.96,Concluída
2932,2025-05-18,2,1,773,108,1,424.26,0.0,424.26,191.74,Concluída
2933,2025-02-22,1,13,937,106,2,275.84,0.0,275.84,146.84,Concluída
2934,2025-11-06,3,4,290,110,1,153.35,0.0,153.35,76.82,Concluída
2935,2025-06-21,4,8,310,112,3,7887.78,1183.17,6704.61,4198.65,Devolvida
2936,2025-04-04,1,13,847,104,1,2804.45,0.0,2804.45,1695.62,Concluída
2937,2025-11-04,1,13,710,102,1,4043.83,202.19,3841.64,1891.83,Cancelada
2938,2025-08-29,3,4,778,115,2,1034.26,51.71,982.55,582.88,Concluída
2939,2025-03-29,5,11,305,104,2,5608.9,0.0,5608.9,3391.24,Concluída
2940,2025-06-05,3,5,532,108,1,424.26,63.64,360.62,191.74,Concluída
2941,2025-09-01,1,13,771,112,3,7887.78,0.0,7887.78,4198.65,Concluída
2942,2025-12-13,3,4,629,115,1,517.13,25.86,491.27,291.44,Concluída
2943,2025-10-01,3,6,304,103,1,207.74,0.0,207.74,133.24,Concluída
2944,2025-01-26,3,6,52,110,1,153.35,0.0,153.35,76.82,Concluída
2945,2025-07-01,2,2,426,103,1,207.74,0.0,207.74,133.24,Concluída
2946,2025-12-22,4,7,375,105,1,1347.1,134.71,1212.39,858.02,Concluída
2947,2025-11-03,1,13,736,105,3,4041.3,0.0,4041.3,2574.06,Concluída
2948,2025-02-21,3,4,478,104,1,2804.45,140.22,2664.23,1695.62,Concluída
2949,2025-04-05,4,8,319,115,1,517.13,0.0,517.13,291.44,Concluída
2950,2025-08-04,2,1,900,101,2,6353.38,0.0,6353.38,4009.5,Concluída
2951,2025-11-09,4,7,338,110,1,153.35,7.67,145.68,76.82,Concluída
2952,2025-06-06,1,13,855,113,4,2579.92,0.0,2579.92,1524.96,Concluída
2953,2025-08-02,3,6,493,113,1,644.98,64.5,580.48,381.24,Devolvida
2954,2025-05-08,4,7,809,103,1,207.74,10.39,197.35,133.24,Concluída
2955,2025-06-04,2,1,413,106,1,137.92,6.9,131.02,73.42,Concluída
2956,2025-10-16,1,13,721,111,1,3133.63,0.0,3133.63,1612.76,Concluída
2957,2025-02-04,4,9,320,105,1,1347.1,0.0,1347.1,858.02,Concluída
2958,2025-12-28,1,13,675,101,2,6353.38,0.0,6353.38,4009.5,Concluída
2959,2025-03-05,2,2,614,103,2,415.48,20.77,394.71,266.48,Concluída
2960,2025-08-15,5,11,969,110,1,153.35,0.0,153.35,76.82,Cancelada
2961,2025-12-17,2,3,20,105,1,1347.1,0.0,1347.1,858.02,Concluída
2962,2025-10-30,4,9,356,103,1,207.74,0.0,207.74,133.24,Concluída
2963,2025-08-22,1,13,914,104,1,2804.45,280.44,2524.01,1695.62,Concluída
2964,2025-06-24,1,13,52,103,5,1038.7,0.0,1038.7,666.2,Concluída
2965,2025-04-02,1,13,956,105,1,1347.1,0.0,1347.1,858.02,Concluída
2966,2025-08-23,1,13,236,106,1,137.92,13.79,124.13,73.42,Concluída
2967,2025-03-06,1,13,335,102,2,8087.66,0.0,8087.66,3783.66,Concluída
2968,2025-07-02,1,13,56,113,1,644.98,96.75,548.23,381.24,Concluída
2969,2025-12-24,1,13,156,115,2,1034.26,51.71,982.55,582.88,Concluída
2970,2025-06-24,1,13,81,110,2,306.7,0.0,306.7,153.64,Concluída
2971,2025-02-14,1,13,523,113,2,1289.96,129.0,1160.96,762.48,Concluída
2972,2025-02-08,3,4,843,112,4,10517.04,0.0,10517.04,5598.2,Concluída
2973,2025-04-25,3,5,626,105,3,4041.3,606.2,3435.1,2574.06,Concluída
2974,2025-08-29,1,13,879,113,1,644.98,0.0,644.98,381.24,Concluída
2975,2025-07-20,2,1,178,109,2,877.62,0.0,877.62,583.92,Concluída
2976,2025-05-06,1,13,124,112,1,2629.26,131.46,2497.8,1399.55,Concluída
2977,2025-12-09,4,9,374,115,3,1551.39,0.0,1551.39,874.32,Concluída
2978,2025-01-05,4,7,470,107,3,429.09,0.0,429.09,268.89,Concluída
2979,2025-01-29,1,13,513,113,1,644.98,32.25,612.73,381.24,Concluída
2980,2025-08-24,4,8,195,111,1,3133.63,470.04,2663.59,1612.76,Concluída
2981,2025-09-16,1,13,112,101,1,3176.69,0.0,3176.69,2004.75,Concluída
2982,2025-02-19,4,9,222,110,1,153.35,7.67,145.68,76.82,Concluída
2983,2025-10-13,1,13,40,105,2,2694.2,269.42,2424.78,1716.04,Concluída
2984,2025-07-17,5,12,536,102,1,4043.83,0.0,4043.83,1891.83,Concluída
2985,2025-06-30,1,13,955,107,3,429.09,0.0,429.09,268.89,Concluída
2986,2025-01-19,3,5,343,107,2,286.06,0.0,286.06,179.26,Concluída
2987,2025-09-03,1,13,13,108,3,1272.78,63.64,1209.14,575.22,Concluída
2988,2025-01-01,3,6,115,111,2,6267.26,626.73,5640.53,3225.52,Concluída
2989,2025-11-20,1,13,361,107,1,143.03,0.0,143.03,89.63,Concluída
2990,2025-12-31,4,9,228,101,2,6353.38,0.0,6353.38,4009.5,Cancelada
2991,2025-09-24,4,9,644,110,1,153.35,0.0,153.35,76.82,Concluída
2992,2025-05-26,3,4,422,108,3,1272.78,0.0,1272.78,575.22,Concluída
2993,2025-10-16,1,13,389,109,1,438.81,0.0,438.81,291.96,Concluída
2994,2025-10-15,1,13,915,102,1,4043.83,0.0,4043.83,1891.83,Concluída
2995,2025-06-29,3,5,841,107,1,143.03,0.0,143.03,89.63,Cancelada
2996,2025-02-15,2,3,672,108,1,424.26,42.43,381.83,191.74,Concluída
2997,2025-01-17,1,13,439,106,2,275.84,0.0,275.84,146.84,Concluída
2998,2025-12-27,2,1,19,111,1,3133.63,0.0,3133.63,1612.76,Concluída
2999,2025-09-04,1,13,860,107,1,143.03,0.0,143.03,89.63,Concluída
3000,2025-03-20,1,13,148,105,2,2694.2,0.0,2694.2,1716.04,Concluída
3001,2025-05-29,1,13,674,101,5,15883.45,0.0,15883.45,10023.75,Devolvida
3002,2025-09-17,5,12,38,111,1,3133.63,313.36,2820.27,1612.76,Concluída
3003,2025-10-18,4,8,647,108,1,424.26,0.0,424.26,191.74,Concluída
3004,2025-07-13,1,13,14,104,2,5608.9,280.44,5328.46,3391.24,Concluída
3005,2025-04-23,4,7,29,101,1,3176.69,0.0,3176.69,2004.75,Concluída
3006,2025-11-11,1,13,19,108,2,848.52,42.43,806.09,383.48,Concluída
3007,2025-10-18,2,3,423,106,5,689.6,0.0,689.6,367.1,Concluída
3008,2025-09-20,3,6,200,106,1,137.92,0.0,137.92,73.42,Concluída
3009,2025-03-16,1,13,797,106,2,275.84,0.0,275.84,146.84,Concluída
3010,2025-05-08,1,13,919,105,1,1347.1,0.0,1347.1,858.02,Concluída
3011,2025-02-22,1,13,676,106,1,137.92,6.9,131.02,73.42,Concluída
3012,2025-02-22,5,12,170,113,3,1934.94,193.49,1741.45,1143.72,Concluída
3013,2025-02-05,2,2,45,112,1,2629.26,0.0,2629.26,1399.55,Concluída
3014,2025-10-24,1,13,790,105,1,1347.1,0.0,1347.1,858.02,Concluída
3015,2025-07-15,4,8,85,106,1,137.92,0.0,137.92,73.42,Concluída
3016,2025-10-10,4,8,311,105,1,1347.1,0.0,1347.1,858.02,Concluída
3017,2025-05-13,3,4,258,109,1,438.81,0.0,438.81,291.96,Concluída
3018,2025-05-06,4,7,474,102,1,4043.83,0.0,4043.83,1891.83,Cancelada
3019,2025-02-26,5,10,713,103,1,207.74,0.0,207.74,133.24,Concluída
3020,2025-03-04,5,10,619,113,1,644.98,0.0,644.98,381.24,Concluída
3021,2025-02-13,1,13,954,113,2,1289.96,129.0,1160.96,762.48,Concluída
3022,2025-03-05,4,9,824,113,2,1289.96,64.5,1225.46,762.48,Concluída
3023,2025-07-13,5,12,614,103,3,623.22,31.16,592.06,399.72,Concluída
3024,2025-10-10,3,4,297,102,4,16175.32,0.0,16175.32,7567.32,Concluída
3025,2025-02-17,1,13,529,102,1,4043.83,404.38,3639.45,1891.83,Concluída
3026,2025-11-21,1,13,972,106,3,413.76,20.69,393.07,220.26,Concluída
3027,2025-06-11,3,5,895,110,2,306.7,0.0,306.7,153.64,Concluída
3028,2025-09-15,1,13,587,112,1,2629.26,0.0,2629.26,1399.55,Devolvida
3029,2025-07-17,2,2,677,114,1,440.95,0.0,440.95,271.23,Concluída
3030,2025-04-12,1,13,782,115,1,517.13,0.0,517.13,291.44,Concluída
3031,2025-03-20,2,3,484,110,1,153.35,0.0,153.35,76.82,Concluída
3032,2025-01-14,1,13,272,105,2,2694.2,0.0,2694.2,1716.04,Cancelada
3033,2025-09-26,2,3,966,104,1,2804.45,0.0,2804.45,1695.62,Concluída
3034,2025-11-11,1,13,836,111,1,3133.63,0.0,3133.63,1612.76,Concluída
3035,2025-07-17,1,13,437,113,2,1289.96,0.0,1289.96,762.48,Cancelada
3036,2025-12-26,3,4,357,108,3,1272.78,0.0,1272.78,575.22,Concluída
3037,2025-01-19,1,13,660,106,1,137.92,6.9,131.02,73.42,Concluída
3038,2025-04-26,1,13,954,105,1,1347.1,0.0,1347.1,858.02,Concluída
3039,2025-09-24,2,3,308,115,1,517.13,25.86,491.27,291.44,Concluída
3040,2025-09-23,3,6,259,109,1,438.81,0.0,438.81,291.96,Concluída
3041,2025-07-27,4,7,55,115,3,1551.39,77.57,1473.82,874.32,Concluída
3042,2025-02-06,2,1,670,108,1,424.26,42.43,381.83,191.74,Concluída
3043,2025-04-14,4,7,455,109,1,438.81,43.88,394.93,291.96,Concluída
3044,2025-02-24,2,2,853,101,5,15883.45,0.0,15883.45,10023.75,Concluída
3045,2025-02-17,1,13,89,113,1,644.98,32.25,612.73,381.24,Concluída
3046,2025-05-24,1,13,682,111,1,3133.63,156.68,2976.95,1612.76,Concluída
3047,2025-12-26,5,11,963,103,1,207.74,31.16,176.58,133.24,Concluída
3048,2025-12-15,1,13,745,104,1,2804.45,280.44,2524.01,1695.62,Concluída
3049,2025-01-29,1,13,394,111,1,3133.63,0.0,3133.63,1612.76,Concluída
3050,2025-02-27,5,12,490,111,2,6267.26,0.0,6267.26,3225.52,Devolvida
3051,2025-04-21,5,11,782,107,2,286.06,0.0,286.06,179.26,Concluída
3052,2025-03-19,5,10,812,112,2,5258.52,262.93,4995.59,2799.1,Concluída
3053,2025-07-12,4,9,250,114,2,881.9,88.19,793.71,542.46,Concluída
3054,2025-07-18,2,3,95,105,2,2694.2,404.13,2290.07,1716.04,Cancelada
3055,2025-05-21,2,1,917,113,1,644.98,0.0,644.98,381.24,Concluída
3056,2025-01-18,2,2,373,109,2,877.62,0.0,877.62,583.92,Concluída
3057,2025-06-13,2,1,122,115,2,1034.26,0.0,1034.26,582.88,Concluída
3058,2025-07-21,3,6,571,110,1,153.35,15.34,138.01,76.82,Concluída
3059,2025-07-21,1,13,840,110,1,153.35,0.0,153.35,76.82,Concluída
3060,2025-06-01,3,6,662,106,1,137.92,0.0,137.92,73.42,Concluída
3061,2025-11-03,3,5,678,103,1,207.74,10.39,197.35,133.24,Concluída
3062,2025-10-04,5,11,977,112,1,2629.26,0.0,2629.26,1399.55,Concluída
3063,2025-11-06,4,9,57,106,1,137.92,13.79,124.13,73.42,Concluída
3064,2025-01-28,1,13,803,113,2,1289.96,64.5,1225.46,762.48,Concluída
3065,2025-02-12,4,8,76,107,1,143.03,0.0,143.03,89.63,Concluída
3066,2025-05-13,4,9,639,111,1,3133.63,0.0,3133.63,1612.76,Concluída
3067,2025-04-29,1,13,671,113,1,644.98,64.5,580.48,381.24,Concluída
3068,2025-07-12,4,9,53,113,2,1289.96,193.49,1096.47,762.48,Cancelada
3069,2025-10-15,4,8,131,104,2,5608.9,0.0,5608.9,3391.24,Concluída
3070,2025-12-07,1,13,506,111,3,9400.89,1410.13,7990.76,4838.28,Cancelada
3071,2025-05-06,3,5,877,115,3,1551.39,232.71,1318.68,874.32,Concluída
3072,2025-02-05,3,4,74,113,5,3224.9,0.0,3224.9,1906.2,Concluída
3073,2025-01-11,2,1,539,112,5,13146.3,657.32,12488.98,6997.75,Concluída
3074,2025-07-16,1,13,849,101,1,3176.69,0.0,3176.69,2004.75,Concluída
3075,2025-12-20,3,6,245,107,1,143.03,0.0,143.03,89.63,Concluída
3076,2025-10-30,1,13,445,105,1,1347.1,0.0,1347.1,858.02,Concluída
3077,2025-10-23,3,6,586,112,1,2629.26,0.0,2629.26,1399.55,Concluída
3078,2025-10-01,1,13,825,108,3,1272.78,0.0,1272.78,575.22,Concluída
3079,2025-05-04,2,2,620,114,2,881.9,0.0,881.9,542.46,Concluída
3080,2025-04-06,1,13,780,105,1,1347.1,67.36,1279.74,858.02,Concluída
3081,2025-05-08,4,9,645,107,2,286.06,14.3,271.76,179.26,Concluída
3082,2025-02-27,4,7,77,105,2,2694.2,0.0,2694.2,1716.04,Concluída
3083,2025-05-12,1,13,329,109,1,438.81,0.0,438.81,291.96,Concluída
3084,2025-12-26,1,13,790,111,3,9400.89,470.04,8930.85,4838.28,Concluída
3085,2025-09-04,2,3,54,103,3,623.22,0.0,623.22,399.72,Concluída
3086,2025-01-09,3,5,978,107,4,572.12,0.0,572.12,358.52,Concluída
3087,2025-04-02,5,11,405,112,1,2629.26,0.0,2629.26,1399.55,Concluída
3088,2025-06-02,1,13,180,110,1,153.35,7.67,145.68,76.82,Concluída
3089,2025-09-08,2,1,739,108,4,1697.04,84.85,1612.19,766.96,Concluída
3090,2025-07-03,5,12,324,113,1,644.98,0.0,644.98,381.24,Concluída
3091,2025-03-16,1,13,276,111,1,3133.63,0.0,3133.63,1612.76,Concluída
3092,2025-07-20,5,11,13,104,2,5608.9,0.0,5608.9,3391.24,Devolvida
3093,2025-07-21,5,11,884,107,1,143.03,0.0,143.03,89.63,Cancelada
3094,2025-05-30,3,4,211,104,1,2804.45,0.0,2804.45,1695.62,Concluída
3095,2025-07-23,5,10,761,109,2,877.62,0.0,877.62,583.92,Concluída
3096,2025-05-10,5,12,143,109,1,438.81,65.82,372.99,291.96,Concluída
3097,2025-03-29,4,7,910,108,2,848.52,0.0,848.52,383.48,Concluída
3098,2025-03-29,3,4,734,107,5,715.15,35.76,679.39,448.15,Concluída
3099,2025-06-28,1,13,484,103,1,207.74,0.0,207.74,133.24,Concluída
3100,2025-10-09,1,13,260,114,2,881.9,0.0,881.9,542.46,Concluída
3101,2025-09-08,3,5,781,115,1,517.13,0.0,517.13,291.44,Concluída
3102,2025-11-16,3,5,362,106,1,137.92,6.9,131.02,73.42,Concluída
3103,2025-07-06,5,10,526,102,2,8087.66,404.38,7683.28,3783.66,Concluída
3104,2025-12-30,1,13,899,103,1,207.74,0.0,207.74,133.24,Concluída
3105,2025-01-06,5,10,133,104,1,2804.45,0.0,2804.45,1695.62,Concluída
3106,2025-04-29,1,13,686,105,2,2694.2,269.42,2424.78,1716.04,Concluída
3107,2025-04-12,5,11,827,104,1,2804.45,420.67,2383.78,1695.62,Concluída
3108,2025-03-14,4,9,31,114,2,881.9,88.19,793.71,542.46,Concluída
3109,2025-04-24,1,13,627,107,2,286.06,0.0,286.06,179.26,Concluída
3110,2025-01-05,1,13,261,106,1,137.92,0.0,137.92,73.42,Cancelada
3111,2025-07-19,1,13,271,110,1,153.35,0.0,153.35,76.82,Concluída
3112,2025-05-29,4,8,566,101,1,3176.69,158.83,3017.86,2004.75,Concluída
3113,2025-07-28,1,13,851,112,1,2629.26,0.0,2629.26,1399.55,Concluída
3114,2025-02-19,1,13,326,114,1,440.95,0.0,440.95,271.23,Concluída
3115,2025-11-12,2,3,426,102,2,8087.66,404.38,7683.28,3783.66,Concluída
3116,2025-03-25,3,5,164,112,1,2629.26,0.0,2629.26,1399.55,Concluída
3117,2025-10-10,5,11,516,114,1,440.95,66.14,374.81,271.23,Concluída
3118,2025-11-22,1,13,944,105,2,2694.2,404.13,2290.07,1716.04,Concluída
3119,2025-06-06,2,2,179,106,2,275.84,13.79,262.05,146.84,Concluída
3120,2025-01-24,4,7,119,115,1,517.13,0.0,517.13,291.44,Concluída
3121,2025-09-17,3,4,475,108,2,848.52,0.0,848.52,383.48,Concluída
3122,2025-01-21,1,13,283,109,1,438.81,65.82,372.99,291.96,Concluída
3123,2025-07-03,4,9,913,113,1,644.98,32.25,612.73,381.24,Concluída
3124,2025-03-02,4,8,70,113,3,1934.94,96.75,1838.19,1143.72,Concluída
3125,2025-03-09,1,13,377,112,1,2629.26,131.46,2497.8,1399.55,Concluída
3126,2025-07-06,3,4,47,106,2,275.84,0.0,275.84,146.84,Concluída
3127,2025-06-14,2,3,622,114,1,440.95,22.05,418.9,271.23,Concluída
3128,2025-10-31,4,7,19,112,1,2629.26,0.0,2629.26,1399.55,Concluída
3129,2025-03-15,2,2,333,113,3,1934.94,0.0,1934.94,1143.72,Devolvida
3130,2025-01-01,2,2,992,109,1,438.81,43.88,394.93,291.96,Concluída
3131,2025-02-25,4,9,951,103,1,207.74,10.39,197.35,133.24,Concluída
3132,2025-12-30,2,2,63,101,3,9530.07,0.0,9530.07,6014.25,Concluída
3133,2025-12-15,4,7,688,109,2,877.62,87.76,789.86,583.92,Concluída
3134,2025-04-27,1,13,288,107,3,429.09,21.45,407.64,268.89,Concluída
3135,2025-10-20,3,6,491,110,3,460.05,23.0,437.05,230.46,Concluída
3136,2025-02-23,3,5,713,107,3,429.09,42.91,386.18,268.89,Concluída
3137,2025-04-23,1,13,767,109,3,1316.43,65.82,1250.61,875.88,Concluída
3138,2025-03-16,2,3,659,109,3,1316.43,0.0,1316.43,875.88,Concluída
3139,2025-02-23,2,2,795,104,4,11217.8,0.0,11217.8,6782.48,Concluída
3140,2025-01-27,3,6,9,111,1,3133.63,0.0,3133.63,1612.76,Concluída
3141,2025-11-12,3,6,871,113,3,1934.94,96.75,1838.19,1143.72,Concluída
3142,2025-05-22,1,13,891,113,1,644.98,0.0,644.98,381.24,Devolvida
3143,2025-08-20,2,1,762,107,1,143.03,0.0,143.03,89.63,Cancelada
3144,2025-05-26,3,5,788,108,2,848.52,127.28,721.24,383.48,Concluída
3145,2025-07-20,1,13,256,106,1,137.92,13.79,124.13,73.42,Concluída
3146,2025-11-09,2,3,653,112,3,7887.78,394.39,7493.39,4198.65,Concluída
3147,2025-11-07,3,6,990,107,1,143.03,14.3,128.73,89.63,Concluída
3148,2025-04-25,5,11,338,107,2,286.06,14.3,271.76,179.26,Concluída
3149,2025-09-02,2,1,314,111,1,3133.63,156.68,2976.95,1612.76,Concluída
3150,2025-01-30,5,12,687,102,2,8087.66,404.38,7683.28,3783.66,Concluída
3151,2025-07-18,1,13,324,111,1,3133.63,0.0,3133.63,1612.76,Concluída
3152,2025-10-01,1,13,153,104,1,2804.45,140.22,2664.23,1695.62,Concluída
3153,2025-01-07,1,13,419,110,1,153.35,0.0,153.35,76.82,Cancelada
3154,2025-06-20,3,4,746,103,1,207.74,10.39,197.35,133.24,Devolvida
3155,2025-12-16,4,8,201,103,1,207.74,0.0,207.74,133.24,Concluída
3156,2025-06-19,4,8,639,108,1,424.26,0.0,424.26,191.74,Concluída
3157,2025-03-13,5,10,275,108,1,424.26,0.0,424.26,191.74,Concluída
3158,2025-06-18,5,12,249,112,1,2629.26,0.0,2629.26,1399.55,Concluída
3159,2025-01-22,5,10,38,101,1,3176.69,0.0,3176.69,2004.75,Concluída
3160,2025-08-03,5,11,960,115,2,1034.26,0.0,1034.26,582.88,Concluída
3161,2025-07-20,1,13,111,109,1,438.81,43.88,394.93,291.96,Concluída
3162,2025-11-22,1,13,863,107,1,143.03,0.0,143.03,89.63,Concluída
3163,2025-03-20,1,13,929,109,2,877.62,43.88,833.74,583.92,Concluída
3164,2025-07-06,1,13,430,109,2,877.62,0.0,877.62,583.92,Concluída
3165,2025-05-12,1,13,831,106,1,137.92,0.0,137.92,73.42,Devolvida
3166,2025-04-19,3,5,7,108,1,424.26,21.21,403.05,191.74,Concluída
3167,2025-12-11,1,13,238,111,1,3133.63,0.0,3133.63,1612.76,Devolvida
3168,2025-10-23,3,4,270,111,2,6267.26,0.0,6267.26,3225.52,Concluída
3169,2025-12-22,4,7,410,110,1,153.35,7.67,145.68,76.82,Concluída
3170,2025-03-14,5,11,912,115,1,517.13,0.0,517.13,291.44,Concluída
3171,2025-03-18,1,13,384,106,2,275.84,0.0,275.84,146.84,Concluída
3172,2025-11-07,1,13,25,115,2,1034.26,155.14,879.12,582.88,Concluída
3173,2025-03-30,1,13,599,114,1,440.95,0.0,440.95,271.23,Concluída
3174,2025-08-12,3,4,935,102,1,4043.83,202.19,3841.64,1891.83,Concluída
3175,2025-04-10,3,6,838,104,1,2804.45,0.0,2804.45,1695.62,Concluída
3176,2025-11-02,1,13,802,111,2,6267.26,0.0,6267.26,3225.52,Concluída
3177,2025-04-25,1,13,164,103,3,623.22,0.0,623.22,399.72,Concluída
3178,2025-10-14,1,13,524,104,2,5608.9,0.0,5608.9,3391.24,Concluída
3179,2025-08-21,4,8,293,110,1,153.35,0.0,153.35,76.82,Concluída
3180,2025-08-16,4,9,956,103,1,207.74,0.0,207.74,133.24,Concluída
3181,2025-12-05,2,3,766,112,1,2629.26,0.0,2629.26,1399.55,Devolvida
3182,2025-08-04,5,12,55,115,1,517.13,0.0,517.13,291.44,Concluída
3183,2025-09-15,2,1,759,115,1,517.13,0.0,517.13,291.44,Concluída
3184,2025-08-02,4,7,663,107,3,429.09,64.36,364.73,268.89,Concluída
3185,2025-12-22,3,5,182,106,1,137.92,0.0,137.92,73.42,Concluída
3186,2025-05-09,2,3,928,109,1,438.81,0.0,438.81,291.96,Concluída
3187,2025-12-24,3,5,326,108,1,424.26,21.21,403.05,191.74,Concluída
3188,2025-08-11,1,13,977,115,1,517.13,0.0,517.13,291.44,Concluída
3189,2025-02-01,4,7,525,113,5,3224.9,322.49,2902.41,1906.2,Concluída
3190,2025-02-06,3,5,264,102,1,4043.83,0.0,4043.83,1891.83,Concluída
3191,2025-09-10,1,13,35,106,1,137.92,6.9,131.02,73.42,Concluída
3192,2025-01-06,4,7,707,114,4,1763.8,0.0,1763.8,1084.92,Concluída
3193,2025-08-30,5,12,859,106,2,275.84,0.0,275.84,146.84,Concluída
3194,2025-04-08,5,10,780,113,5,3224.9,0.0,3224.9,1906.2,Concluída
3195,2025-05-02,5,12,703,105,1,1347.1,0.0,1347.1,858.02,Concluída
3196,2025-10-23,3,6,570,111,1,3133.63,0.0,3133.63,1612.76,Concluída
3197,2025-12-26,1,13,709,109,2,877.62,43.88,833.74,583.92,Concluída
3198,2025-02-22,1,13,492,108,2,848.52,42.43,806.09,383.48,Concluída
3199,2025-05-27,1,13,231,107,4,572.12,0.0,572.12,358.52,Concluída
3200,2025-11-02,1,13,664,115,1,517.13,0.0,517.13,291.44,Concluída
3201,2025-02-04,1,13,53,111,1,3133.63,156.68,2976.95,1612.76,Concluída
3202,2025-07-05,1,13,13,106,1,137.92,0.0,137.92,73.42,Concluída
3203,2025-08-31,1,13,721,111,2,6267.26,0.0,6267.26,3225.52,Concluída
3204,2025-12-12,1,13,374,115,2,1034.26,0.0,1034.26,582.88,Concluída
3205,2025-08-24,3,6,680,114,3,1322.85,0.0,1322.85,813.69,Concluída
3206,2025-08-05,1,13,767,105,1,1347.1,67.36,1279.74,858.02,Concluída
3207,2025-07-16,3,6,631,113,2,1289.96,64.5,1225.46,762.48,Concluída
3208,2025-05-25,1,13,116,106,2,275.84,0.0,275.84,146.84,Concluída
3209,2025-12-15,4,7,923,115,5,2585.65,0.0,2585.65,1457.2,Cancelada
3210,2025-11-10,4,8,809,107,2,286.06,0.0,286.06,179.26,Concluída
3211,2025-12-18,3,5,547,102,2,8087.66,808.77,7278.89,3783.66,Concluída
3212,2025-01-03,4,8,352,108,2,848.52,42.43,806.09,383.48,Concluída
3213,2025-11-03,3,5,534,105,2,2694.2,0.0,2694.2,1716.04,Concluída
3214,2025-05-21,1,13,528,101,1,3176.69,158.83,3017.86,2004.75,Concluída
3215,2025-07-25,1,13,691,106,1,137.92,0.0,137.92,73.42,Concluída
3216,2025-11-13,2,2,215,103,1,207.74,10.39,197.35,133.24,Concluída
3217,2025-08-14,3,4,100,115,1,517.13,25.86,491.27,291.44,Concluída
3218,2025-12-25,2,3,883,102,4,16175.32,0.0,16175.32,7567.32,Concluída
3219,2025-09-19,3,6,745,106,1,137.92,6.9,131.02,73.42,Concluída
3220,2025-07-02,4,8,121,109,2,877.62,0.0,877.62,583.92,Concluída
3221,2025-12-22,1,13,710,115,3,1551.39,0.0,1551.39,874.32,Concluída
3222,2025-03-21,1,13,272,103,1,207.74,31.16,176.58,133.24,Concluída
3223,2025-03-10,1,13,304,109,2,877.62,43.88,833.74,583.92,Concluída
3224,2025-09-05,5,12,886,102,2,8087.66,0.0,8087.66,3783.66,Concluída
3225,2025-05-25,2,3,262,110,2,306.7,0.0,306.7,153.64,Concluída
3226,2025-01-03,1,13,958,108,4,1697.04,0.0,1697.04,766.96,Concluída
3227,2025-05-10,3,4,83,105,1,1347.1,0.0,1347.1,858.02,Concluída
3228,2025-10-02,1,13,353,113,1,644.98,32.25,612.73,381.24,Concluída
3229,2025-08-17,4,8,635,115,1,517.13,0.0,517.13,291.44,Concluída
3230,2025-10-05,2,2,339,105,1,1347.1,0.0,1347.1,858.02,Concluída
3231,2025-05-31,5,10,285,101,1,3176.69,0.0,3176.69,2004.75,Devolvida
3232,2025-10-25,5,10,426,115,3,1551.39,77.57,1473.82,874.32,Devolvida
3233,2025-08-11,1,13,341,111,5,15668.15,2350.22,13317.93,8063.8,Concluída
3234,2025-05-09,1,13,529,110,1,153.35,0.0,153.35,76.82,Concluída
3235,2025-09-28,1,13,491,110,1,153.35,7.67,145.68,76.82,Concluída
3236,2025-07-28,1,13,369,107,1,143.03,0.0,143.03,89.63,Concluída
3237,2025-12-26,5,10,990,113,1,644.98,32.25,612.73,381.24,Concluída
3238,2025-05-10,2,2,992,104,1,2804.45,0.0,2804.45,1695.62,Concluída
3239,2025-08-19,3,5,248,104,1,2804.45,140.22,2664.23,1695.62,Devolvida
3240,2025-04-01,4,9,733,113,3,1934.94,0.0,1934.94,1143.72,Concluída
3241,2025-11-29,1,13,468,114,3,1322.85,0.0,1322.85,813.69,Concluída
3242,2025-02-23,1,13,215,109,2,877.62,0.0,877.62,583.92,Concluída
3243,2025-10-13,5,12,777,113,1,644.98,0.0,644.98,381.24,Concluída
3244,2025-12-23,5,11,638,114,1,440.95,0.0,440.95,271.23,Concluída
3245,2025-07-01,2,3,854,105,1,1347.1,134.71,1212.39,858.02,Concluída
3246,2025-10-10,3,4,347,103,1,207.74,0.0,207.74,133.24,Concluída
3247,2025-12-27,2,2,599,101,3,9530.07,0.0,9530.07,6014.25,Cancelada
3248,2025-05-20,1,13,180,109,1,438.81,0.0,438.81,291.96,Concluída
3249,2025-09-30,5,11,905,101,1,3176.69,0.0,3176.69,2004.75,Concluída
3250,2025-04-23,4,7,835,110,1,153.35,15.34,138.01,76.82,Concluída
3251,2025-03-27,1,13,940,101,1,3176.69,0.0,3176.69,2004.75,Concluída
3252,2025-08-12,5,10,807,108,3,1272.78,63.64,1209.14,575.22,Concluída
3253,2025-03-11,2,3,720,111,2,6267.26,0.0,6267.26,3225.52,Concluída
3254,2025-08-25,3,4,740,104,1,2804.45,0.0,2804.45,1695.62,Cancelada
3255,2025-08-18,2,2,449,102,4,16175.32,0.0,16175.32,7567.32,Concluída
3256,2025-10-02,1,13,273,111,2,6267.26,313.36,5953.9,3225.52,Concluída
3257,2025-11-22,3,5,249,106,3,413.76,0.0,413.76,220.26,Cancelada
3258,2025-03-08,4,8,512,111,2,6267.26,0.0,6267.26,3225.52,Concluída
3259,2025-04-20,1,13,723,110,1,153.35,0.0,153.35,76.82,Concluída
3260,2025-08-25,1,13,175,109,1,438.81,43.88,394.93,291.96,Concluída
3261,2025-01-12,1,13,808,105,1,1347.1,67.36,1279.74,858.02,Concluída
3262,2025-06-25,1,13,534,110,2,306.7,15.34,291.36,153.64,Concluída
3263,2025-10-24,4,8,665,101,1,3176.69,0.0,3176.69,2004.75,Concluída
3264,2025-10-13,2,1,369,113,1,644.98,0.0,644.98,381.24,Concluída
3265,2025-07-24,4,8,239,109,1,438.81,21.94,416.87,291.96,Concluída
3266,2025-07-14,3,5,988,105,1,1347.1,134.71,1212.39,858.02,Concluída
3267,2025-12-10,2,3,234,104,1,2804.45,0.0,2804.45,1695.62,Concluída
3268,2025-12-20,1,13,361,109,1,438.81,21.94,416.87,291.96,Concluída
3269,2025-12-04,4,7,245,111,2,6267.26,626.73,5640.53,3225.52,Concluída
3270,2025-10-31,3,5,982,103,1,207.74,0.0,207.74,133.24,Concluída
3271,2025-11-22,2,2,212,101,1,3176.69,317.67,2859.02,2004.75,Concluída
3272,2025-05-06,2,1,711,102,1,4043.83,404.38,3639.45,1891.83,Concluída
3273,2025-07-12,1,13,254,106,1,137.92,0.0,137.92,73.42,Concluída
3274,2025-10-08,4,7,40,109,2,877.62,87.76,789.86,583.92,Concluída
3275,2025-04-22,1,13,858,113,1,644.98,0.0,644.98,381.24,Concluída
3276,2025-11-22,3,5,170,109,2,877.62,0.0,877.62,583.92,Concluída
3277,2025-07-15,1,13,676,110,1,153.35,7.67,145.68,76.82,Concluída
3278,2025-06-01,1,13,349,110,1,153.35,0.0,153.35,76.82,Devolvida
3279,2025-01-14,5,11,919,111,1,3133.63,0.0,3133.63,1612.76,Concluída
3280,2025-12-30,3,5,118,105,1,1347.1,134.71,1212.39,858.02,Cancelada
3281,2025-05-27,5,12,230,110,1,153.35,0.0,153.35,76.82,Concluída
3282,2025-12-06,5,10,829,115,1,517.13,0.0,517.13,291.44,Concluída
3283,2025-09-29,3,6,168,113,2,1289.96,0.0,1289.96,762.48,Concluída
3284,2025-02-04,3,6,190,102,1,4043.83,404.38,3639.45,1891.83,Concluída
3285,2025-12-30,1,13,62,113,1,644.98,32.25,612.73,381.24,Concluída
3286,2025-08-31,3,6,903,105,1,1347.1,0.0,1347.1,858.02,Concluída
3287,2025-10-08,1,13,194,114,2,881.9,44.09,837.81,542.46,Concluída
3288,2025-02-16,4,9,292,115,5,2585.65,0.0,2585.65,1457.2,Concluída
3289,2025-10-26,1,13,240,105,2,2694.2,134.71,2559.49,1716.04,Concluída
3290,2025-05-09,1,13,843,109,3,1316.43,0.0,1316.43,875.88,Concluída
3291,2025-03-26,1,13,597,110,1,153.35,0.0,153.35,76.82,Cancelada
3292,2025-09-02,3,5,91,103,2,415.48,20.77,394.71,266.48,Cancelada
3293,2025-06-16,1,13,89,109,3,1316.43,0.0,1316.43,875.88,Devolvida
3294,2025-02-28,1,13,759,112,4,10517.04,0.0,10517.04,5598.2,Concluída
3295,2025-07-07,2,1,220,110,2,306.7,0.0,306.7,153.64,Concluída
3296,2025-08-25,2,2,90,103,1,207.74,0.0,207.74,133.24,Concluída
3297,2025-03-01,1,13,635,102,3,12131.49,606.57,11524.92,5675.49,Concluída
3298,2025-04-25,1,13,607,114,1,440.95,0.0,440.95,271.23,Concluída
3299,2025-11-05,1,13,593,107,2,286.06,0.0,286.06,179.26,Concluída
3300,2025-04-07,1,13,693,110,3,460.05,0.0,460.05,230.46,Concluída
3301,2025-12-10,1,13,402,109,2,877.62,43.88,833.74,583.92,Concluída
3302,2025-03-19,1,13,903,114,2,881.9,0.0,881.9,542.46,Devolvida
3303,2025-12-31,4,7,934,108,1,424.26,42.43,381.83,191.74,Concluída
3304,2025-10-08,5,10,634,102,3,12131.49,606.57,11524.92,5675.49,Concluída
3305,2025-01-19,1,13,115,104,2,5608.9,280.44,5328.46,3391.24,Concluída
3306,2025-05-08,1,13,607,106,1,137.92,20.69,117.23,73.42,Concluída
3307,2025-09-23,2,2,354,101,2,6353.38,0.0,6353.38,4009.5,Concluída
3308,2025-12-27,1,13,156,104,1,2804.45,0.0,2804.45,1695.62,Concluída
3309,2025-03-02,1,13,679,108,4,1697.04,0.0,1697.04,766.96,Concluída
3310,2025-11-30,5,12,763,113,1,644.98,32.25,612.73,381.24,Concluída
3311,2025-08-14,5,10,978,104,2,5608.9,0.0,5608.9,3391.24,Concluída
3312,2025-04-16,1,13,891,108,1,424.26,0.0,424.26,191.74,Concluída
3313,2025-07-26,5,11,407,111,2,6267.26,626.73,5640.53,3225.52,Concluída
3314,2025-05-07,1,13,61,101,1,3176.69,158.83,3017.86,2004.75,Concluída
3315,2025-01-05,4,9,508,114,3,1322.85,0.0,1322.85,813.69,Concluída
3316,2025-08-04,1,13,222,105,1,1347.1,0.0,1347.1,858.02,Concluída
3317,2025-06-22,5,11,301,105,3,4041.3,0.0,4041.3,2574.06,Concluída
3318,2025-04-09,3,6,176,104,1,2804.45,0.0,2804.45,1695.62,Concluída
3319,2025-10-23,2,1,538,114,3,1322.85,132.28,1190.57,813.69,Concluída
3320,2025-03-14,3,6,969,106,2,275.84,0.0,275.84,146.84,Devolvida
3321,2025-02-27,1,13,916,110,4,613.4,30.67,582.73,307.28,Devolvida
3322,2025-06-09,2,1,797,113,1,644.98,0.0,644.98,381.24,Concluída
3323,2025-04-16,2,2,201,107,3,429.09,21.45,407.64,268.89,Concluída
3324,2025-05-04,2,1,265,112,1,2629.26,0.0,2629.26,1399.55,Concluída
3325,2025-06-09,2,2,530,107,2,286.06,28.61,257.45,179.26,Concluída
3326,2025-07-21,1,13,134,101,1,3176.69,0.0,3176.69,2004.75,Concluída
3327,2025-03-28,2,2,410,101,1,3176.69,0.0,3176.69,2004.75,Concluída
3328,2025-09-20,1,13,260,113,1,644.98,0.0,644.98,381.24,Concluída
3329,2025-12-28,1,13,720,107,3,429.09,0.0,429.09,268.89,Concluída
3330,2025-03-02,1,13,940,101,3,9530.07,953.01,8577.06,6014.25,Concluída
3331,2025-09-22,3,5,767,112,1,2629.26,0.0,2629.26,1399.55,Concluída
3332,2025-11-19,1,13,932,105,1,1347.1,0.0,1347.1,858.02,Devolvida
3333,2025-07-14,2,2,948,114,3,1322.85,198.43,1124.42,813.69,Devolvida
3334,2025-09-13,2,2,827,101,1,3176.69,317.67,2859.02,2004.75,Concluída
3335,2025-11-20,3,5,347,114,1,440.95,22.05,418.9,271.23,Concluída
3336,2025-01-15,1,13,872,102,1,4043.83,606.57,3437.26,1891.83,Concluída
3337,2025-03-12,1,13,980,104,4,11217.8,0.0,11217.8,6782.48,Concluída
3338,2025-05-17,3,6,102,111,3,9400.89,1410.13,7990.76,4838.28,Concluída
3339,2025-04-17,1,13,548,106,2,275.84,27.58,248.26,146.84,Cancelada
3340,2025-06-16,4,9,462,101,4,12706.76,0.0,12706.76,8019.0,Concluída
3341,2025-11-06,2,2,700,115,3,1551.39,0.0,1551.39,874.32,Concluída
3342,2025-04-07,2,3,810,105,3,4041.3,202.07,3839.23,2574.06,Cancelada
3343,2025-05-04,1,13,576,105,1,1347.1,67.36,1279.74,858.02,Concluída
3344,2025-08-26,1,13,177,113,1,644.98,0.0,644.98,381.24,Concluída
3345,2025-10-23,1,13,313,113,1,644.98,96.75,548.23,381.24,Concluída
3346,2025-11-10,4,8,590,106,1,137.92,6.9,131.02,73.42,Devolvida
3347,2025-12-23,2,3,715,106,2,275.84,0.0,275.84,146.84,Concluída
3348,2025-09-14,1,13,115,107,4,572.12,28.61,543.51,358.52,Devolvida
3349,2025-02-04,3,5,210,105,1,1347.1,0.0,1347.1,858.02,Concluída
3350,2025-12-23,4,9,189,104,1,2804.45,0.0,2804.45,1695.62,Concluída
3351,2025-04-19,2,1,433,105,3,4041.3,0.0,4041.3,2574.06,Concluída
3352,2025-02-16,3,6,873,101,1,3176.69,0.0,3176.69,2004.75,Concluída
3353,2025-02-22,1,13,652,111,1,3133.63,0.0,3133.63,1612.76,Concluída
3354,2025-05-03,1,13,895,113,3,1934.94,0.0,1934.94,1143.72,Concluída
3355,2025-02-16,3,5,178,111,2,6267.26,0.0,6267.26,3225.52,Concluída
3356,2025-05-06,1,13,793,103,2,415.48,41.55,373.93,266.48,Cancelada
3357,2025-04-14,3,5,174,111,1,3133.63,0.0,3133.63,1612.76,Concluída
3358,2025-07-27,3,6,569,102,2,8087.66,0.0,8087.66,3783.66,Concluída
3359,2025-06-16,1,13,974,112,1,2629.26,131.46,2497.8,1399.55,Concluída
3360,2025-10-14,1,13,856,109,3,1316.43,197.46,1118.97,875.88,Cancelada
3361,2025-12-12,5,12,285,102,3,12131.49,1213.15,10918.34,5675.49,Concluída
3362,2025-10-23,1,13,123,102,1,4043.83,0.0,4043.83,1891.83,Concluída
3363,2025-12-31,3,4,597,114,1,440.95,0.0,440.95,271.23,Concluída
3364,2025-07-05,4,7,750,113,1,644.98,64.5,580.48,381.24,Concluída
3365,2025-12-10,2,3,879,111,2,6267.26,940.09,5327.17,3225.52,Concluída
3366,2025-09-12,5,12,495,105,1,1347.1,67.36,1279.74,858.02,Concluída
3367,2025-08-23,1,13,574,109,3,1316.43,0.0,1316.43,875.88,Concluída
3368,2025-03-30,1,13,161,102,2,8087.66,404.38,7683.28,3783.66,Concluída
3369,2025-01-16,2,1,774,103,1,207.74,0.0,207.74,133.24,Concluída
3370,2025-11-11,2,2,422,112,1,2629.26,0.0,2629.26,1399.55,Concluída
3371,2025-04-15,2,1,849,110,2,306.7,0.0,306.7,153.64,Concluída
3372,2025-06-07,2,3,543,103,4,830.96,41.55,789.41,532.96,Concluída
3373,2025-01-08,1,13,10,114,2,881.9,0.0,881.9,542.46,Devolvida
3374,2025-08-17,1,13,500,109,2,877.62,0.0,877.62,583.92,Concluída
3375,2025-08-02,5,12,783,107,2,286.06,28.61,257.45,179.26,Concluída
3376,2025-01-19,2,3,36,110,4,613.4,61.34,552.06,307.28,Concluída
3377,2025-09-16,1,13,689,112,2,5258.52,0.0,5258.52,2799.1,Concluída
3378,2025-08-14,4,9,181,110,1,153.35,0.0,153.35,76.82,Concluída
3379,2025-05-27,3,5,832,106,1,137.92,0.0,137.92,73.42,Concluída
3380,2025-07-22,1,13,92,113,1,644.98,0.0,644.98,381.24,Concluída
3381,2025-10-28,1,13,592,106,1,137.92,13.79,124.13,73.42,Concluída
3382,2025-06-07,1,13,773,103,1,207.74,0.0,207.74,133.24,Concluída
3383,2025-11-10,5,10,60,104,1,2804.45,140.22,2664.23,1695.62,Concluída
3384,2025-05-11,1,13,976,108,1,424.26,0.0,424.26,191.74,Cancelada
3385,2025-01-17,5,11,772,113,2,1289.96,64.5,1225.46,762.48,Concluída
3386,2025-07-15,1,13,444,109,1,438.81,0.0,438.81,291.96,Concluída
3387,2025-07-24,4,8,126,103,1,207.74,0.0,207.74,133.24,Concluída
3388,2025-11-21,2,1,64,112,2,5258.52,262.93,4995.59,2799.1,Concluída
3389,2025-07-24,3,5,615,115,1,517.13,0.0,517.13,291.44,Concluída
3390,2025-04-22,5,10,154,109,3,1316.43,65.82,1250.61,875.88,Concluída
3391,2025-09-24,1,13,917,113,2,1289.96,64.5,1225.46,762.48,Concluída
3392,2025-04-01,1,13,105,101,1,3176.69,0.0,3176.69,2004.75,Concluída
3393,2025-12-24,3,4,8,109,2,877.62,0.0,877.62,583.92,Concluída
3394,2025-05-09,5,10,210,112,1,2629.26,0.0,2629.26,1399.55,Concluída
3395,2025-04-11,3,6,642,109,3,1316.43,0.0,1316.43,875.88,Concluída
3396,2025-07-07,1,13,131,106,2,275.84,27.58,248.26,146.84,Concluída
3397,2025-01-07,1,13,451,102,1,4043.83,202.19,3841.64,1891.83,Concluída
3398,2025-07-10,4,9,694,102,1,4043.83,0.0,4043.83,1891.83,Concluída
3399,2025-10-04,1,13,303,106,2,275.84,0.0,275.84,146.84,Concluída
3400,2025-12-20,1,13,502,111,2,6267.26,313.36,5953.9,3225.52,Concluída
3401,2025-12-09,1,13,31,106,1,137.92,0.0,137.92,73.42,Concluída
3402,2025-04-12,3,6,439,109,1,438.81,0.0,438.81,291.96,Concluída
3403,2025-03-09,2,3,219,111,2,6267.26,0.0,6267.26,3225.52,Concluída
3404,2025-11-11,5,11,936,115,2,1034.26,0.0,1034.26,582.88,Concluída
3405,2025-04-19,1,13,24,104,1,2804.45,0.0,2804.45,1695.62,Concluída
3406,2025-10-25,4,8,988,106,2,275.84,13.79,262.05,146.84,Concluída
3407,2025-01-16,1,13,406,107,1,143.03,14.3,128.73,89.63,Concluída
3408,2025-07-27,3,4,413,111,1,3133.63,470.04,2663.59,1612.76,Concluída
3409,2025-08-30,1,13,849,110,1,153.35,0.0,153.35,76.82,Concluída
3410,2025-10-14,3,6,631,102,3,12131.49,0.0,12131.49,5675.49,Concluída
3411,2025-04-05,1,13,391,103,1,207.74,0.0,207.74,133.24,Concluída
3412,2025-07-25,1,13,303,104,1,2804.45,420.67,2383.78,1695.62,Concluída
3413,2025-11-06,1,13,939,110,1,153.35,0.0,153.35,76.82,Concluída
3414,2025-06-14,4,8,425,106,1,137.92,6.9,131.02,73.42,Concluída
3415,2025-02-08,2,3,503,104,1,2804.45,0.0,2804.45,1695.62,Concluída
3416,2025-01-09,3,6,827,108,3,1272.78,0.0,1272.78,575.22,Concluída
3417,2025-12-16,4,7,360,112,1,2629.26,131.46,2497.8,1399.55,Concluída
3418,2025-12-27,4,7,970,112,1,2629.26,262.93,2366.33,1399.55,Concluída
3419,2025-10-16,1,13,437,111,1,3133.63,156.68,2976.95,1612.76,Concluída
3420,2025-01-18,3,5,562,109,1,438.81,21.94,416.87,291.96,Concluída
3421,2025-08-15,1,13,424,105,1,1347.1,67.36,1279.74,858.02,Concluída
3422,2025-10-13,5,12,708,104,2,5608.9,0.0,5608.9,3391.24,Concluída
3423,2025-11-19,5,10,496,107,2,286.06,14.3,271.76,179.26,Concluída
3424,2025-01-12,3,5,100,115,1,517.13,51.71,465.42,291.44,Concluída
3425,2025-12-03,3,6,973,109,1,438.81,0.0,438.81,291.96,Concluída
3426,2025-05-07,3,5,446,110,2,306.7,0.0,306.7,153.64,Concluída
3427,2025-04-20,3,4,553,108,2,848.52,84.85,763.67,383.48,Concluída
3428,2025-12-31,1,13,676,106,1,137.92,0.0,137.92,73.42,Devolvida
3429,2025-10-11,1,13,758,108,1,424.26,0.0,424.26,191.74,Cancelada
3430,2025-10-04,2,2,281,104,2,5608.9,0.0,5608.9,3391.24,Concluída
3431,2025-07-26,2,3,220,109,1,438.81,0.0,438.81,291.96,Concluída
3432,2025-03-18,1,13,288,107,2,286.06,42.91,243.15,179.26,Concluída
3433,2025-04-24,1,13,367,105,1,1347.1,0.0,1347.1,858.02,Concluída
3434,2025-02-27,1,13,703,106,1,137.92,6.9,131.02,73.42,Concluída
3435,2025-02-02,1,13,215,106,3,413.76,0.0,413.76,220.26,Concluída
3436,2025-08-07,1,13,602,113,1,644.98,0.0,644.98,381.24,Concluída
3437,2025-05-22,2,3,936,110,1,153.35,7.67,145.68,76.82,Concluída
3438,2025-02-11,1,13,832,106,1,137.92,6.9,131.02,73.42,Concluída
3439,2025-12-15,2,2,360,109,2,877.62,43.88,833.74,583.92,Concluída
3440,2025-12-26,1,13,44,113,2,1289.96,0.0,1289.96,762.48,Concluída
3441,2025-04-24,1,13,135,114,1,440.95,22.05,418.9,271.23,Concluída
3442,2025-01-01,1,13,528,106,1,137.92,0.0,137.92,73.42,Concluída
3443,2025-03-27,3,5,198,113,1,644.98,0.0,644.98,381.24,Concluída
3444,2025-01-16,1,13,831,106,3,413.76,0.0,413.76,220.26,Concluída
3445,2025-07-11,2,2,766,115,2,1034.26,0.0,1034.26,582.88,Concluída
3446,2025-10-18,4,7,195,115,1,517.13,25.86,491.27,291.44,Concluída
3447,2025-07-02,1,13,688,114,2,881.9,0.0,881.9,542.46,Concluída
3448,2025-10-23,2,2,84,109,1,438.81,21.94,416.87,291.96,Concluída
3449,2025-01-04,2,3,319,110,3,460.05,0.0,460.05,230.46,Concluída
3450,2025-03-25,4,9,929,112,4,10517.04,525.85,9991.19,5598.2,Devolvida
3451,2025-01-09,2,3,104,110,1,153.35,0.0,153.35,76.82,Concluída
3452,2025-04-17,4,7,781,104,1,2804.45,0.0,2804.45,1695.62,Devolvida
3453,2025-01-22,2,2,43,111,1,3133.63,470.04,2663.59,1612.76,Concluída
3454,2025-12-13,1,13,508,106,1,137.92,0.0,137.92,73.42,Concluída
3455,2025-08-18,1,13,398,107,1,143.03,7.15,135.88,89.63,Cancelada
3456,2025-04-03,5,12,135,112,1,2629.26,0.0,2629.26,1399.55,Concluída
3457,2025-07-18,3,5,966,102,1,4043.83,0.0,4043.83,1891.83,Concluída
3458,2025-02-26,1,13,50,114,2,881.9,0.0,881.9,542.46,Cancelada
3459,2025-12-08,3,6,728,111,2,6267.26,626.73,5640.53,3225.52,Concluída
3460,2025-11-08,5,10,61,103,1,207.74,0.0,207.74,133.24,Concluída
3461,2025-09-11,3,4,61,107,2,286.06,0.0,286.06,179.26,Concluída
3462,2025-12-06,1,13,569,111,2,6267.26,313.36,5953.9,3225.52,Devolvida
3463,2025-02-23,4,9,721,107,2,286.06,0.0,286.06,179.26,Concluída
3464,2025-10-08,1,13,368,101,1,3176.69,0.0,3176.69,2004.75,Concluída
3465,2025-01-26,4,8,7,109,1,438.81,21.94,416.87,291.96,Concluída
3466,2025-12-19,5,10,260,105,2,2694.2,134.71,2559.49,1716.04,Concluída
3467,2025-10-05,3,6,626,108,3,1272.78,0.0,1272.78,575.22,Concluída
3468,2025-10-10,4,8,436,110,1,153.35,0.0,153.35,76.82,Concluída
3469,2025-01-16,4,7,605,111,2,6267.26,313.36,5953.9,3225.52,Concluída
3470,2025-09-14,1,13,709,108,1,424.26,0.0,424.26,191.74,Concluída
3471,2025-04-23,3,6,560,115,2,1034.26,0.0,1034.26,582.88,Concluída
3472,2025-05-13,1,13,81,105,1,1347.1,0.0,1347.1,858.02,Concluída
3473,2025-11-14,1,13,930,107,1,143.03,7.15,135.88,89.63,Concluída
3474,2025-11-18,2,2,416,113,1,644.98,0.0,644.98,381.24,Concluída
3475,2025-06-26,1,13,401,114,4,1763.8,0.0,1763.8,1084.92,Concluída
3476,2025-11-19,2,2,301,111,2,6267.26,626.73,5640.53,3225.52,Concluída
3477,2025-01-08,1,13,133,110,2,306.7,46.0,260.7,153.64,Concluída
3478,2025-07-19,1,13,446,101,2,6353.38,0.0,6353.38,4009.5,Concluída
3479,2025-05-19,4,8,898,109,1,438.81,0.0,438.81,291.96,Concluída
3480,2025-07-31,2,1,128,107,1,143.03,0.0,143.03,89.63,Concluída
3481,2025-09-09,4,8,46,103,1,207.74,0.0,207.74,133.24,Cancelada
3482,2025-03-09,1,13,331,103,1,207.74,31.16,176.58,133.24,Concluída
3483,2025-06-24,4,8,852,101,1,3176.69,0.0,3176.69,2004.75,Concluída
3484,2025-11-14,1,13,900,102,1,4043.83,0.0,4043.83,1891.83,Cancelada
3485,2025-01-29,1,13,9,111,1,3133.63,156.68,2976.95,1612.76,Concluída
3486,2025-04-12,4,7,737,102,1,4043.83,0.0,4043.83,1891.83,Concluída
3487,2025-06-18,3,6,236,105,2,2694.2,0.0,2694.2,1716.04,Concluída
3488,2025-12-31,1,13,905,103,3,623.22,0.0,623.22,399.72,Cancelada
3489,2025-04-26,3,5,931,112,2,5258.52,0.0,5258.52,2799.1,Concluída
3490,2025-10-03,5,11,525,104,1,2804.45,280.44,2524.01,1695.62,Concluída
3491,2025-12-15,4,8,897,114,1,440.95,22.05,418.9,271.23,Concluída
3492,2025-06-05,1,13,99,115,1,517.13,51.71,465.42,291.44,Concluída
3493,2025-02-17,1,13,515,102,2,8087.66,1213.15,6874.51,3783.66,Concluída
3494,2025-10-18,1,13,167,107,1,143.03,0.0,143.03,89.63,Concluída
3495,2025-08-11,4,9,341,106,1,137.92,0.0,137.92,73.42,Concluída
3496,2025-06-27,4,8,219,113,2,1289.96,0.0,1289.96,762.48,Cancelada
3497,2025-03-15,1,13,844,111,1,3133.63,0.0,3133.63,1612.76,Concluída
3498,2025-03-07,3,4,335,102,1,4043.83,0.0,4043.83,1891.83,Concluída
3499,2025-10-13,4,9,26,106,1,137.92,0.0,137.92,73.42,Concluída
3500,2025-04-28,2,3,192,109,4,1755.24,0.0,1755.24,1167.84,Devolvida
3501,2025-08-14,1,13,389,115,1,517.13,0.0,517.13,291.44,Concluída
3502,2025-10-07,5,11,329,112,2,5258.52,0.0,5258.52,2799.1,Concluída
3503,2025-12-07,1,13,321,104,1,2804.45,140.22,2664.23,1695.62,Concluída
3504,2025-07-19,2,3,195,102,1,4043.83,202.19,3841.64,1891.83,Concluída
3505,2025-03-07,1,13,493,114,1,440.95,44.09,396.86,271.23,Concluída
3506,2025-05-15,1,13,16,113,1,644.98,0.0,644.98,381.24,Concluída
3507,2025-03-14,3,6,392,115,1,517.13,25.86,491.27,291.44,Concluída
3508,2025-04-15,1,13,100,113,1,644.98,64.5,580.48,381.24,Concluída
3509,2025-05-05,5,12,956,108,1,424.26,0.0,424.26,191.74,Concluída
3510,2025-01-15,1,13,765,104,2,5608.9,0.0,5608.9,3391.24,Concluída
3511,2025-11-04,3,5,757,112,1,2629.26,0.0,2629.26,1399.55,Concluída
3512,2025-07-31,3,6,544,109,1,438.81,21.94,416.87,291.96,Concluída
3513,2025-07-26,1,13,119,106,1,137.92,0.0,137.92,73.42,Concluída
3514,2025-04-22,2,1,528,103,1,207.74,0.0,207.74,133.24,Concluída
3515,2025-04-18,1,13,172,103,1,207.74,0.0,207.74,133.24,Concluída
3516,2025-01-21,5,11,15,105,1,1347.1,67.36,1279.74,858.02,Devolvida
3517,2025-09-26,1,13,569,108,1,424.26,0.0,424.26,191.74,Concluída
3518,2025-05-11,1,13,227,107,1,143.03,14.3,128.73,89.63,Devolvida
3519,2025-06-30,2,1,689,108,1,424.26,21.21,403.05,191.74,Concluída
3520,2025-10-09,4,7,887,103,2,415.48,0.0,415.48,266.48,Concluída
3521,2025-10-25,4,7,880,114,1,440.95,44.09,396.86,271.23,Concluída
3522,2025-09-04,2,2,781,108,1,424.26,0.0,424.26,191.74,Concluída
3523,2025-11-03,1,13,929,105,2,2694.2,0.0,2694.2,1716.04,Concluída
3524,2025-08-09,2,3,779,101,3,9530.07,0.0,9530.07,6014.25,Devolvida
3525,2025-01-17,5,12,361,104,1,2804.45,0.0,2804.45,1695.62,Concluída
3526,2025-05-16,1,13,534,113,2,1289.96,0.0,1289.96,762.48,Devolvida
3527,2025-02-16,1,13,881,113,1,644.98,0.0,644.98,381.24,Devolvida
3528,2025-04-03,1,13,768,104,1,2804.45,140.22,2664.23,1695.62,Concluída
3529,2025-12-29,1,13,809,107,1,143.03,14.3,128.73,89.63,Concluída
3530,2025-12-19,2,2,594,106,3,413.76,20.69,393.07,220.26,Concluída
3531,2025-11-17,3,6,955,105,1,1347.1,0.0,1347.1,858.02,Concluída
3532,2025-04-12,5,10,782,114,1,440.95,44.09,396.86,271.23,Concluída
3533,2025-10-23,2,2,410,108,1,424.26,0.0,424.26,191.74,Concluída
3534,2025-10-18,1,13,74,104,2,5608.9,0.0,5608.9,3391.24,Concluída
3535,2025-11-01,1,13,226,113,2,1289.96,0.0,1289.96,762.48,Cancelada
3536,2025-12-01,2,2,184,107,2,286.06,28.61,257.45,179.26,Concluída
3537,2025-11-08,3,6,831,108,2,848.52,0.0,848.52,383.48,Concluída
3538,2025-01-17,1,13,230,110,1,153.35,0.0,153.35,76.82,Devolvida
3539,2025-06-07,1,13,423,105,1,1347.1,0.0,1347.1,858.02,Concluída
3540,2025-10-27,3,4,3,114,2,881.9,132.28,749.62,542.46,Concluída
3541,2025-07-16,4,8,846,108,2,848.52,0.0,848.52,383.48,Concluída
3542,2025-12-04,3,4,351,115,1,517.13,0.0,517.13,291.44,Cancelada
3543,2025-07-15,2,3,391,108,2,848.52,0.0,848.52,383.48,Concluída
3544,2025-01-19,3,5,122,101,2,6353.38,317.67,6035.71,4009.5,Concluída
3545,2025-08-10,1,13,59,106,1,137.92,0.0,137.92,73.42,Concluída
3546,2025-03-23,5,11,636,108,1,424.26,21.21,403.05,191.74,Concluída
3547,2025-07-05,5,11,633,104,1,2804.45,280.44,2524.01,1695.62,Concluída
3548,2025-03-02,1,13,316,111,2,6267.26,313.36,5953.9,3225.52,Concluída
3549,2025-09-13,1,13,748,114,3,1322.85,0.0,1322.85,813.69,Devolvida
3550,2025-08-06,2,2,521,109,2,877.62,87.76,789.86,583.92,Concluída
3551,2025-08-04,4,7,951,113,1,644.98,32.25,612.73,381.24,Concluída
3552,2025-06-27,2,2,883,114,2,881.9,44.09,837.81,542.46,Concluída
3553,2025-04-19,5,10,876,107,1,143.03,14.3,128.73,89.63,Concluída
3554,2025-07-15,1,13,406,114,1,440.95,0.0,440.95,271.23,Concluída
3555,2025-06-29,3,5,754,106,1,137.92,6.9,131.02,73.42,Concluída
3556,2025-11-13,1,13,996,108,2,848.52,0.0,848.52,383.48,Concluída
3557,2025-05-03,1,13,929,105,3,4041.3,0.0,4041.3,2574.06,Concluída
3558,2025-03-08,1,13,248,108,1,424.26,0.0,424.26,191.74,Concluída
3559,2025-05-20,3,6,537,110,1,153.35,15.34,138.01,76.82,Concluída
3560,2025-05-13,1,13,243,108,2,848.52,0.0,848.52,383.48,Concluída
3561,2025-01-17,4,8,538,101,1,3176.69,0.0,3176.69,2004.75,Concluída
3562,2025-10-01,1,13,595,104,1,2804.45,0.0,2804.45,1695.62,Concluída
3563,2025-11-04,1,13,714,115,1,517.13,25.86,491.27,291.44,Concluída
3564,2025-08-23,1,13,90,106,1,137.92,13.79,124.13,73.42,Concluída
3565,2025-12-28,1,13,322,102,1,4043.83,202.19,3841.64,1891.83,Concluída
3566,2025-07-04,2,3,463,111,1,3133.63,0.0,3133.63,1612.76,Cancelada
3567,2025-07-22,2,3,438,105,2,2694.2,404.13,2290.07,1716.04,Cancelada
3568,2025-07-21,4,9,39,104,1,2804.45,280.44,2524.01,1695.62,Concluída
3569,2025-09-06,1,13,271,102,1,4043.83,0.0,4043.83,1891.83,Concluída
3570,2025-10-22,1,13,55,115,1,517.13,0.0,517.13,291.44,Concluída
3571,2025-01-23,2,3,113,111,3,9400.89,0.0,9400.89,4838.28,Concluída
3572,2025-09-23,1,13,488,110,2,306.7,0.0,306.7,153.64,Concluída
3573,2025-05-01,4,7,438,102,1,4043.83,0.0,4043.83,1891.83,Concluída
3574,2025-12-02,1,13,541,110,1,153.35,0.0,153.35,76.82,Cancelada
3575,2025-06-26,3,6,703,103,1,207.74,0.0,207.74,133.24,Concluída
3576,2025-07-26,4,8,343,107,2,286.06,0.0,286.06,179.26,Concluída
3577,2025-12-25,2,1,965,103,1,207.74,0.0,207.74,133.24,Concluída
3578,2025-02-18,4,9,113,103,1,207.74,0.0,207.74,133.24,Concluída
3579,2025-11-27,3,5,983,111,1,3133.63,156.68,2976.95,1612.76,Concluída
3580,2025-05-08,2,3,457,101,1,3176.69,158.83,3017.86,2004.75,Concluída
3581,2025-01-06,2,1,777,101,2,6353.38,317.67,6035.71,4009.5,Concluída
3582,2025-07-06,1,13,839,107,1,143.03,0.0,143.03,89.63,Devolvida
3583,2025-09-28,1,13,452,109,2,877.62,0.0,877.62,583.92,Concluída
3584,2025-01-06,1,13,474,104,1,2804.45,280.44,2524.01,1695.62,Concluída
3585,2025-12-20,3,5,899,105,2,2694.2,0.0,2694.2,1716.04,Concluída
3586,2025-11-11,1,13,888,108,1,424.26,21.21,403.05,191.74,Concluída
3587,2025-12-06,4,8,252,112,3,7887.78,0.0,7887.78,4198.65,Concluída
3588,2025-06-16,4,9,849,105,3,4041.3,606.2,3435.1,2574.06,Concluída
3589,2025-10-10,2,3,923,106,5,689.6,0.0,689.6,367.1,Concluída
3590,2025-04-06,5,10,473,111,3,9400.89,0.0,9400.89,4838.28,Concluída
3591,2025-06-25,1,13,128,112,1,2629.26,0.0,2629.26,1399.55,Cancelada
3592,2025-01-20,5,12,971,110,2,306.7,0.0,306.7,153.64,Concluída
3593,2025-01-11,5,10,933,104,1,2804.45,420.67,2383.78,1695.62,Concluída
3594,2025-01-02,5,10,451,110,2,306.7,0.0,306.7,153.64,Concluída
3595,2025-01-31,4,9,475,104,3,8413.35,0.0,8413.35,5086.86,Concluída
3596,2025-11-18,3,4,96,109,4,1755.24,0.0,1755.24,1167.84,Concluída
3597,2025-03-07,1,13,717,101,2,6353.38,317.67,6035.71,4009.5,Concluída
3598,2025-09-22,1,13,309,109,3,1316.43,65.82,1250.61,875.88,Concluída
3599,2025-05-02,5,10,932,106,1,137.92,0.0,137.92,73.42,Concluída
3600,2025-09-22,1,13,615,108,3,1272.78,0.0,1272.78,575.22,Concluída
3601,2025-03-18,1,13,654,111,1,3133.63,0.0,3133.63,1612.76,Concluída
3602,2025-02-13,2,2,149,114,2,881.9,44.09,837.81,542.46,Concluída
3603,2025-08-12,5,10,601,106,3,413.76,0.0,413.76,220.26,Concluída
3604,2025-07-05,1,13,703,107,2,286.06,14.3,271.76,179.26,Concluída
3605,2025-02-10,1,13,606,101,1,3176.69,317.67,2859.02,2004.75,Concluída
3606,2025-08-05,3,6,337,114,1,440.95,22.05,418.9,271.23,Concluída
3607,2025-02-22,3,5,16,114,2,881.9,0.0,881.9,542.46,Concluída
3608,2025-10-27,3,6,866,106,2,275.84,0.0,275.84,146.84,Concluída
3609,2025-05-11,1,13,43,104,3,8413.35,0.0,8413.35,5086.86,Cancelada
3610,2025-07-31,3,5,355,113,1,644.98,32.25,612.73,381.24,Concluída
3611,2025-04-18,1,13,521,109,1,438.81,0.0,438.81,291.96,Concluída
3612,2025-03-10,3,5,450,113,1,644.98,0.0,644.98,381.24,Concluída
3613,2025-11-18,2,2,279,106,1,137.92,0.0,137.92,73.42,Concluída
3614,2025-12-29,1,13,527,108,1,424.26,0.0,424.26,191.74,Concluída
3615,2025-05-08,2,2,631,101,1,3176.69,0.0,3176.69,2004.75,Concluída
3616,2025-06-19,5,12,292,109,2,877.62,0.0,877.62,583.92,Concluída
3617,2025-08-25,5,12,866,115,1,517.13,0.0,517.13,291.44,Concluída
3618,2025-10-16,1,13,675,114,1,440.95,0.0,440.95,271.23,Concluída
3619,2025-04-24,1,13,953,103,2,415.48,0.0,415.48,266.48,Concluída
3620,2025-01-11,1,13,802,103,3,623.22,93.48,529.74,399.72,Concluída
3621,2025-12-14,2,2,203,113,1,644.98,0.0,644.98,381.24,Concluída
3622,2025-02-27,3,4,283,102,1,4043.83,404.38,3639.45,1891.83,Concluída
3623,2025-01-29,1,13,345,109,1,438.81,0.0,438.81,291.96,Concluída
3624,2025-06-22,5,11,946,107,2,286.06,42.91,243.15,179.26,Concluída
3625,2025-10-13,5,12,220,104,1,2804.45,420.67,2383.78,1695.62,Concluída
3626,2025-12-25,5,11,425,109,1,438.81,21.94,416.87,291.96,Concluída
3627,2025-01-04,1,13,31,109,1,438.81,21.94,416.87,291.96,Concluída
3628,2025-02-10,2,2,933,106,2,275.84,0.0,275.84,146.84,Concluída
3629,2025-02-17,3,6,468,110,1,153.35,0.0,153.35,76.82,Concluída
3630,2025-01-24,4,9,699,104,3,8413.35,420.67,7992.68,5086.86,Concluída
3631,2025-09-26,2,3,519,109,1,438.81,21.94,416.87,291.96,Devolvida
3632,2025-01-18,1,13,612,102,1,4043.83,0.0,4043.83,1891.83,Concluída
3633,2025-01-23,1,13,50,101,2,6353.38,0.0,6353.38,4009.5,Concluída
3634,2025-05-02,3,6,444,104,1,2804.45,0.0,2804.45,1695.62,Cancelada
3635,2025-12-07,3,4,557,109,2,877.62,0.0,877.62,583.92,Cancelada
3636,2025-02-02,2,3,217,109,1,438.81,65.82,372.99,291.96,Concluída
3637,2025-02-20,4,8,792,108,1,424.26,0.0,424.26,191.74,Concluída
3638,2025-03-11,3,6,239,105,1,1347.1,0.0,1347.1,858.02,Concluída
3639,2025-07-27,2,2,285,103,2,415.48,0.0,415.48,266.48,Concluída
3640,2025-01-16,1,13,785,111,2,6267.26,313.36,5953.9,3225.52,Concluída
3641,2025-08-11,2,2,609,113,2,1289.96,0.0,1289.96,762.48,Concluída
3642,2025-10-09,2,2,280,110,1,153.35,0.0,153.35,76.82,Concluída
3643,2025-12-06,1,13,394,114,2,881.9,132.28,749.62,542.46,Concluída
3644,2025-12-27,1,13,830,106,1,137.92,0.0,137.92,73.42,Concluída
3645,2025-03-15,1,13,11,103,2,415.48,20.77,394.71,266.48,Concluída
3646,2025-01-06,4,9,825,107,1,143.03,21.45,121.58,89.63,Concluída
3647,2025-08-03,3,6,66,115,1,517.13,77.57,439.56,291.44,Concluída
3648,2025-03-13,2,1,249,111,2,6267.26,0.0,6267.26,3225.52,Concluída
3649,2025-03-11,1,13,141,103,3,623.22,0.0,623.22,399.72,Concluída
3650,2025-09-06,3,5,55,107,2,286.06,0.0,286.06,179.26,Concluída
3651,2025-09-09,5,12,905,109,4,1755.24,0.0,1755.24,1167.84,Concluída
3652,2025-05-16,4,8,599,107,2,286.06,28.61,257.45,179.26,Concluída
3653,2025-08-19,3,6,840,111,3,9400.89,1410.13,7990.76,4838.28,Concluída
3654,2025-08-24,2,3,694,101,1,3176.69,0.0,3176.69,2004.75,Concluída
3655,2025-03-09,5,12,767,108,2,848.52,0.0,848.52,383.48,Concluída
3656,2025-11-05,1,13,938,104,1,2804.45,0.0,2804.45,1695.62,Concluída
3657,2025-05-11,5,11,198,115,1,517.13,0.0,517.13,291.44,Concluída
3658,2025-05-30,1,13,454,105,1,1347.1,0.0,1347.1,858.02,Concluída
3659,2025-01-26,1,13,647,110,1,153.35,23.0,130.35,76.82,Concluída
3660,2025-12-03,1,13,419,106,2,275.84,0.0,275.84,146.84,Concluída
3661,2025-10-08,1,13,641,105,5,6735.5,673.55,6061.95,4290.1,Concluída
3662,2025-12-30,2,2,921,107,1,143.03,21.45,121.58,89.63,Concluída
3663,2025-09-08,3,6,734,101,2,6353.38,0.0,6353.38,4009.5,Concluída
3664,2025-02-19,1,13,943,112,2,5258.52,0.0,5258.52,2799.1,Concluída
3665,2025-09-09,1,13,155,103,2,415.48,0.0,415.48,266.48,Concluída
3666,2025-12-02,4,8,595,114,2,881.9,0.0,881.9,542.46,Concluída
3667,2025-06-20,4,8,20,112,1,2629.26,0.0,2629.26,1399.55,Concluída
3668,2025-02-27,4,7,325,115,5,2585.65,129.28,2456.37,1457.2,Concluída
3669,2025-01-04,3,5,750,115,2,1034.26,0.0,1034.26,582.88,Concluída
3670,2025-08-08,1,13,919,115,4,2068.52,0.0,2068.52,1165.76,Concluída
3671,2025-08-22,1,13,843,108,1,424.26,63.64,360.62,191.74,Concluída
3672,2025-03-21,1,13,85,110,1,153.35,0.0,153.35,76.82,Concluída
3673,2025-04-02,2,2,360,107,3,429.09,0.0,429.09,268.89,Concluída
3674,2025-02-14,5,11,348,109,1,438.81,21.94,416.87,291.96,Concluída
3675,2025-06-16,1,13,432,108,3,1272.78,127.28,1145.5,575.22,Concluída
3676,2025-07-27,3,5,766,101,1,3176.69,158.83,3017.86,2004.75,Concluída
3677,2025-01-04,5,11,926,112,2,5258.52,525.85,4732.67,2799.1,Cancelada
3678,2025-10-09,2,2,593,101,1,3176.69,476.5,2700.19,2004.75,Concluída
3679,2025-04-02,1,13,870,107,1,143.03,7.15,135.88,89.63,Concluída
3680,2025-04-03,5,11,819,113,1,644.98,32.25,612.73,381.24,Concluída
3681,2025-04-29,1,13,280,109,1,438.81,0.0,438.81,291.96,Concluída
3682,2025-02-11,4,8,339,108,2,848.52,84.85,763.67,383.48,Concluída
3683,2025-04-07,1,13,724,109,1,438.81,0.0,438.81,291.96,Concluída
3684,2025-12-16,1,13,644,115,2,1034.26,51.71,982.55,582.88,Concluída
3685,2025-03-15,3,5,71,114,2,881.9,88.19,793.71,542.46,Concluída
3686,2025-06-06,2,1,798,106,1,137.92,0.0,137.92,73.42,Concluída
3687,2025-07-20,4,9,254,104,5,14022.25,0.0,14022.25,8478.1,Concluída
3688,2025-06-11,2,2,717,105,1,1347.1,67.36,1279.74,858.02,Concluída
3689,2025-10-23,4,8,123,107,2,286.06,0.0,286.06,179.26,Concluída
3690,2025-08-18,1,13,99,113,1,644.98,32.25,612.73,381.24,Concluída
3691,2025-08-14,1,13,350,112,2,5258.52,0.0,5258.52,2799.1,Concluída
3692,2025-12-15,4,7,884,104,3,8413.35,0.0,8413.35,5086.86,Concluída
3693,2025-08-29,1,13,390,109,1,438.81,0.0,438.81,291.96,Concluída
3694,2025-01-19,1,13,506,112,1,2629.26,131.46,2497.8,1399.55,Concluída
3695,2025-01-16,4,7,59,111,1,3133.63,0.0,3133.63,1612.76,Concluída
3696,2025-02-12,4,9,788,109,1,438.81,21.94,416.87,291.96,Concluída
3697,2025-10-29,1,13,295,111,1,3133.63,0.0,3133.63,1612.76,Concluída
3698,2025-05-12,3,4,395,106,2,275.84,13.79,262.05,146.84,Concluída
3699,2025-07-01,4,9,343,110,1,153.35,7.67,145.68,76.82,Concluída
3700,2025-12-06,2,2,886,106,1,137.92,0.0,137.92,73.42,Concluída
3701,2025-01-07,2,3,329,107,1,143.03,14.3,128.73,89.63,Concluída
3702,2025-02-26,3,4,421,101,2,6353.38,953.01,5400.37,4009.5,Concluída
3703,2025-12-03,1,13,125,109,1,438.81,43.88,394.93,291.96,Concluída
3704,2025-03-02,1,13,447,114,1,440.95,0.0,440.95,271.23,Concluída
3705,2025-10-20,1,13,670,108,1,424.26,42.43,381.83,191.74,Devolvida
3706,2025-09-13,3,6,173,109,1,438.81,43.88,394.93,291.96,Concluída
3707,2025-12-08,3,5,477,114,1,440.95,0.0,440.95,271.23,Concluída
3708,2025-05-23,3,5,138,112,1,2629.26,0.0,2629.26,1399.55,Cancelada
3709,2025-02-23,2,2,664,111,2,6267.26,0.0,6267.26,3225.52,Concluída
3710,2025-08-11,1,13,461,104,2,5608.9,841.33,4767.57,3391.24,Concluída
3711,2025-12-23,4,9,115,110,2,306.7,0.0,306.7,153.64,Concluída
3712,2025-03-03,5,11,411,104,3,8413.35,420.67,7992.68,5086.86,Concluída
3713,2025-12-06,2,2,749,109,2,877.62,0.0,877.62,583.92,Concluída
3714,2025-01-25,2,1,435,108,2,848.52,84.85,763.67,383.48,Concluída
3715,2025-08-02,3,4,372,109,1,438.81,0.0,438.81,291.96,Concluída
3716,2025-09-12,1,13,967,105,1,1347.1,0.0,1347.1,858.02,Concluída
3717,2025-11-11,5,12,695,106,2,275.84,0.0,275.84,146.84,Concluída
3718,2025-07-10,1,13,770,102,1,4043.83,0.0,4043.83,1891.83,Concluída
3719,2025-02-11,3,4,714,107,3,429.09,0.0,429.09,268.89,Concluída
3720,2025-03-18,1,13,115,110,1,153.35,0.0,153.35,76.82,Concluída
3721,2025-04-07,1,13,695,101,1,3176.69,0.0,3176.69,2004.75,Concluída
3722,2025-09-02,2,1,329,111,1,3133.63,0.0,3133.63,1612.76,Concluída
3723,2025-09-02,1,13,338,114,1,440.95,0.0,440.95,271.23,Concluída
3724,2025-03-11,3,5,795,109,4,1755.24,0.0,1755.24,1167.84,Concluída
3725,2025-02-28,1,13,413,110,3,460.05,0.0,460.05,230.46,Concluída
3726,2025-07-08,1,13,585,103,2,415.48,0.0,415.48,266.48,Concluída
3727,2025-08-14,3,6,442,106,3,413.76,0.0,413.76,220.26,Concluída
3728,2025-11-30,1,13,383,114,2,881.9,0.0,881.9,542.46,Concluída
3729,2025-09-04,3,5,743,108,2,848.52,0.0,848.52,383.48,Concluída
3730,2025-04-15,1,13,686,105,1,1347.1,0.0,1347.1,858.02,Concluída
3731,2025-05-07,2,3,79,102,2,8087.66,0.0,8087.66,3783.66,Concluída
3732,2025-10-28,1,13,162,101,2,6353.38,0.0,6353.38,4009.5,Concluída
3733,2025-04-07,1,13,462,111,1,3133.63,0.0,3133.63,1612.76,Concluída
3734,2025-05-12,1,13,417,109,1,438.81,21.94,416.87,291.96,Concluída
3735,2025-01-03,4,9,323,106,1,137.92,0.0,137.92,73.42,Concluída
3736,2025-10-24,3,5,273,113,1,644.98,32.25,612.73,381.24,Concluída
3737,2025-06-03,1,13,799,112,1,2629.26,0.0,2629.26,1399.55,Concluída
3738,2025-05-23,4,7,118,115,4,2068.52,0.0,2068.52,1165.76,Concluída
3739,2025-02-06,2,3,630,107,2,286.06,28.61,257.45,179.26,Concluída
3740,2025-04-20,5,12,601,104,1,2804.45,420.67,2383.78,1695.62,Concluída
3741,2025-09-28,1,13,104,102,1,4043.83,0.0,4043.83,1891.83,Concluída
3742,2025-06-03,2,2,55,111,1,3133.63,470.04,2663.59,1612.76,Concluída
3743,2025-12-18,1,13,310,114,3,1322.85,132.28,1190.57,813.69,Concluída
3744,2025-03-25,1,13,985,102,2,8087.66,0.0,8087.66,3783.66,Concluída
3745,2025-07-19,3,6,174,103,2,415.48,0.0,415.48,266.48,Concluída
3746,2025-02-12,4,7,683,105,1,1347.1,0.0,1347.1,858.02,Cancelada
3747,2025-11-16,5,11,484,111,1,3133.63,156.68,2976.95,1612.76,Concluída
3748,2025-05-08,5,12,874,102,1,4043.83,0.0,4043.83,1891.83,Concluída
3749,2025-02-25,1,13,137,102,1,4043.83,202.19,3841.64,1891.83,Concluída
3750,2025-04-01,1,13,170,105,2,2694.2,0.0,2694.2,1716.04,Concluída
3751,2025-07-16,2,3,346,107,1,143.03,7.15,135.88,89.63,Concluída
3752,2025-06-21,1,13,224,111,1,3133.63,0.0,3133.63,1612.76,Concluída
3753,2025-01-07,1,13,963,110,2,306.7,0.0,306.7,153.64,Cancelada
3754,2025-12-23,4,8,566,102,1,4043.83,0.0,4043.83,1891.83,Concluída
3755,2025-08-31,2,3,61,112,1,2629.26,131.46,2497.8,1399.55,Concluída
3756,2025-04-02,1,13,659,111,1,3133.63,0.0,3133.63,1612.76,Concluída
3757,2025-11-08,1,13,298,102,1,4043.83,202.19,3841.64,1891.83,Concluída
3758,2025-09-20,5,12,721,107,3,429.09,0.0,429.09,268.89,Concluída
3759,2025-05-26,4,8,330,103,1,207.74,0.0,207.74,133.24,Concluída
3760,2025-12-30,1,13,310,115,1,517.13,0.0,517.13,291.44,Cancelada
3761,2025-11-28,1,13,447,110,4,613.4,0.0,613.4,307.28,Concluída
3762,2025-07-26,1,13,557,102,2,8087.66,0.0,8087.66,3783.66,Concluída
3763,2025-11-04,1,13,469,115,2,1034.26,103.43,930.83,582.88,Cancelada
3764,2025-08-02,1,13,711,111,1,3133.63,470.04,2663.59,1612.76,Devolvida
3765,2025-04-08,4,9,117,109,2,877.62,87.76,789.86,583.92,Concluída
3766,2025-02-01,2,1,223,102,1,4043.83,202.19,3841.64,1891.83,Concluída
3767,2025-03-29,5,10,297,103,1,207.74,20.77,186.97,133.24,Devolvida
3768,2025-03-06,1,13,405,103,3,623.22,0.0,623.22,399.72,Concluída
3769,2025-05-05,5,10,11,103,1,207.74,20.77,186.97,133.24,Devolvida
3770,2025-05-10,1,13,452,113,1,644.98,0.0,644.98,381.24,Concluída
3771,2025-06-09,4,9,941,112,1,2629.26,394.39,2234.87,1399.55,Cancelada
3772,2025-12-05,3,6,506,111,2,6267.26,626.73,5640.53,3225.52,Concluída
3773,2025-08-29,1,13,499,114,1,440.95,0.0,440.95,271.23,Concluída
3774,2025-04-02,4,9,54,101,1,3176.69,0.0,3176.69,2004.75,Concluída
3775,2025-07-09,4,7,705,111,2,6267.26,313.36,5953.9,3225.52,Concluída
3776,2025-09-10,5,10,291,113,1,644.98,96.75,548.23,381.24,Concluída
3777,2025-04-04,2,2,907,102,1,4043.83,202.19,3841.64,1891.83,Devolvida
3778,2025-10-31,3,6,183,108,5,2121.3,0.0,2121.3,958.7,Concluída
3779,2025-12-30,3,6,565,106,2,275.84,0.0,275.84,146.84,Concluída
3780,2025-10-10,1,13,930,107,2,286.06,42.91,243.15,179.26,Concluída
3781,2025-08-24,2,2,529,101,1,3176.69,476.5,2700.19,2004.75,Cancelada
3782,2025-05-21,1,13,361,115,3,1551.39,77.57,1473.82,874.32,Concluída
3783,2025-09-24,3,5,593,104,1,2804.45,0.0,2804.45,1695.62,Concluída
3784,2025-10-24,3,6,83,111,1,3133.63,0.0,3133.63,1612.76,Concluída
3785,2025-01-30,1,13,876,111,1,3133.63,0.0,3133.63,1612.76,Concluída
3786,2025-10-13,2,2,580,105,2,2694.2,0.0,2694.2,1716.04,Concluída
3787,2025-07-24,1,13,468,107,1,143.03,7.15,135.88,89.63,Concluída
3788,2025-02-06,1,13,832,106,3,413.76,0.0,413.76,220.26,Concluída
3789,2025-05-12,2,3,368,105,2,2694.2,0.0,2694.2,1716.04,Concluída
3790,2025-06-20,1,13,837,114,2,881.9,44.09,837.81,542.46,Concluída
3791,2025-11-10,1,13,99,110,1,153.35,7.67,145.68,76.82,Concluída
3792,2025-12-27,5,10,27,110,1,153.35,0.0,153.35,76.82,Concluída
3793,2025-04-28,5,11,235,107,2,286.06,14.3,271.76,179.26,Concluída
3794,2025-06-21,3,5,67,108,1,424.26,42.43,381.83,191.74,Cancelada
3795,2025-03-14,1,13,430,114,2,881.9,44.09,837.81,542.46,Concluída
3796,2025-08-27,4,7,727,104,3,8413.35,420.67,7992.68,5086.86,Concluída
3797,2025-11-21,4,7,144,109,1,438.81,0.0,438.81,291.96,Concluída
3798,2025-09-27,4,9,743,110,2,306.7,0.0,306.7,153.64,Concluída
3799,2025-12-12,2,3,873,112,1,2629.26,0.0,2629.26,1399.55,Concluída
3800,2025-02-06,5,11,768,106,3,413.76,0.0,413.76,220.26,Concluída
3801,2025-09-12,5,10,73,102,1,4043.83,202.19,3841.64,1891.83,Concluída
3802,2025-02-23,5,12,516,107,1,143.03,0.0,143.03,89.63,Concluída
3803,2025-06-21,4,9,910,105,2,2694.2,0.0,2694.2,1716.04,Concluída
3804,2025-09-30,1,13,250,112,1,2629.26,0.0,2629.26,1399.55,Concluída
3805,2025-02-17,3,4,133,102,1,4043.83,0.0,4043.83,1891.83,Concluída
3806,2025-01-13,2,2,47,103,1,207.74,31.16,176.58,133.24,Concluída
3807,2025-11-21,2,3,457,111,2,6267.26,0.0,6267.26,3225.52,Concluída
3808,2025-05-25,2,3,490,114,3,1322.85,0.0,1322.85,813.69,Concluída
3809,2025-01-11,1,13,681,108,1,424.26,21.21,403.05,191.74,Concluída
3810,2025-03-08,1,13,370,102,3,12131.49,606.57,11524.92,5675.49,Concluída
3811,2025-07-22,1,13,645,105,1,1347.1,0.0,1347.1,858.02,Concluída
3812,2025-06-20,5,11,585,105,1,1347.1,67.36,1279.74,858.02,Concluída
3813,2025-03-17,3,4,696,104,1,2804.45,0.0,2804.45,1695.62,Concluída
3814,2025-12-21,2,3,88,108,1,424.26,21.21,403.05,191.74,Concluída
3815,2025-11-04,5,12,964,110,1,153.35,7.67,145.68,76.82,Cancelada
3816,2025-08-21,2,2,754,108,3,1272.78,127.28,1145.5,575.22,Concluída
3817,2025-09-03,2,1,132,113,1,644.98,0.0,644.98,381.24,Concluída
3818,2025-10-21,1,13,659,111,2,6267.26,0.0,6267.26,3225.52,Concluída
3819,2025-04-26,1,13,120,110,1,153.35,0.0,153.35,76.82,Concluída
3820,2025-09-19,4,7,661,112,2,5258.52,262.93,4995.59,2799.1,Concluída
3821,2025-02-28,2,3,32,108,4,1697.04,0.0,1697.04,766.96,Concluída
3822,2025-06-09,3,4,254,111,2,6267.26,0.0,6267.26,3225.52,Concluída
3823,2025-06-13,2,3,198,115,1,517.13,25.86,491.27,291.44,Concluída
3824,2025-06-16,1,13,738,103,1,207.74,20.77,186.97,133.24,Concluída
3825,2025-11-04,1,13,598,103,1,207.74,10.39,197.35,133.24,Concluída
3826,2025-01-16,5,10,529,106,2,275.84,27.58,248.26,146.84,Concluída
3827,2025-01-28,3,6,77,113,1,644.98,0.0,644.98,381.24,Concluída
3828,2025-04-06,1,13,368,111,2,6267.26,313.36,5953.9,3225.52,Concluída
3829,2025-12-11,1,13,960,113,2,1289.96,0.0,1289.96,762.48,Cancelada
3830,2025-09-22,3,6,424,108,1,424.26,63.64,360.62,191.74,Concluída
3831,2025-10-03,5,12,950,115,1,517.13,25.86,491.27,291.44,Concluída
3832,2025-02-24,4,7,759,101,1,3176.69,0.0,3176.69,2004.75,Concluída
3833,2025-05-22,1,13,507,113,4,2579.92,386.99,2192.93,1524.96,Concluída
3834,2025-06-01,2,3,455,106,2,275.84,0.0,275.84,146.84,Concluída
3835,2025-05-24,1,13,976,112,5,13146.3,0.0,13146.3,6997.75,Concluída
3836,2025-02-11,2,2,974,105,1,1347.1,0.0,1347.1,858.02,Concluída
3837,2025-06-03,4,8,61,112,1,2629.26,0.0,2629.26,1399.55,Concluída
3838,2025-02-28,4,7,515,108,1,424.26,0.0,424.26,191.74,Concluída
3839,2025-06-17,2,1,710,105,2,2694.2,0.0,2694.2,1716.04,Concluída
3840,2025-08-26,1,13,861,107,2,286.06,14.3,271.76,179.26,Concluída
3841,2025-11-11,4,9,914,105,2,2694.2,134.71,2559.49,1716.04,Concluída
3842,2025-04-20,3,4,268,113,4,2579.92,0.0,2579.92,1524.96,Concluída
3843,2025-08-26,2,3,900,112,1,2629.26,0.0,2629.26,1399.55,Concluída
3844,2025-07-26,4,7,291,108,1,424.26,42.43,381.83,191.74,Concluída
3845,2025-12-15,1,13,524,107,2,286.06,0.0,286.06,179.26,Concluída
3846,2025-02-12,4,8,706,107,2,286.06,0.0,286.06,179.26,Concluída
3847,2025-03-27,2,3,83,115,2,1034.26,0.0,1034.26,582.88,Concluída
3848,2025-05-04,5,11,278,104,2,5608.9,0.0,5608.9,3391.24,Concluída
3849,2025-12-16,2,1,996,114,2,881.9,44.09,837.81,542.46,Concluída
3850,2025-07-14,1,13,897,111,2,6267.26,0.0,6267.26,3225.52,Concluída
3851,2025-06-22,1,13,117,110,2,306.7,30.67,276.03,153.64,Concluída
3852,2025-01-15,1,13,105,104,2,5608.9,0.0,5608.9,3391.24,Concluída
3853,2025-01-17,1,13,181,102,4,16175.32,0.0,16175.32,7567.32,Concluída
3854,2025-08-06,4,8,670,104,2,5608.9,0.0,5608.9,3391.24,Concluída
3855,2025-05-16,3,5,794,107,1,143.03,7.15,135.88,89.63,Concluída
3856,2025-12-17,1,13,277,112,1,2629.26,131.46,2497.8,1399.55,Concluída
3857,2025-05-21,4,8,323,104,1,2804.45,140.22,2664.23,1695.62,Concluída
3858,2025-10-02,5,11,543,103,2,415.48,0.0,415.48,266.48,Concluída
3859,2025-02-24,1,13,991,101,1,3176.69,0.0,3176.69,2004.75,Concluída
3860,2025-10-12,1,13,846,106,1,137.92,6.9,131.02,73.42,Cancelada
3861,2025-11-18,1,13,521,109,1,438.81,0.0,438.81,291.96,Concluída
3862,2025-06-11,1,13,734,111,1,3133.63,0.0,3133.63,1612.76,Concluída
3863,2025-11-19,4,7,370,105,2,2694.2,134.71,2559.49,1716.04,Cancelada
3864,2025-07-03,1,13,505,108,1,424.26,0.0,424.26,191.74,Cancelada
3865,2025-10-17,1,13,35,105,1,1347.1,67.36,1279.74,858.02,Concluída
3866,2025-01-05,1,13,400,105,1,1347.1,0.0,1347.1,858.02,Concluída
3867,2025-08-23,1,13,822,104,1,2804.45,0.0,2804.45,1695.62,Concluída
3868,2025-10-15,1,13,669,113,1,644.98,0.0,644.98,381.24,Concluída
3869,2025-01-12,5,11,25,108,1,424.26,0.0,424.26,191.74,Concluída
3870,2025-07-01,3,6,446,101,1,3176.69,0.0,3176.69,2004.75,Concluída
3871,2025-11-11,4,7,145,114,2,881.9,0.0,881.9,542.46,Concluída
3872,2025-10-16,1,13,370,111,3,9400.89,470.04,8930.85,4838.28,Concluída
3873,2025-06-01,1,13,793,101,1,3176.69,0.0,3176.69,2004.75,Concluída
3874,2025-04-29,4,9,796,110,1,153.35,7.67,145.68,76.82,Concluída
3875,2025-09-29,1,13,961,103,1,207.74,0.0,207.74,133.24,Concluída
3876,2025-05-05,2,2,606,115,1,517.13,0.0,517.13,291.44,Concluída
3877,2025-06-06,3,6,918,106,2,275.84,0.0,275.84,146.84,Concluída
3878,2025-09-17,4,7,460,112,1,2629.26,0.0,2629.26,1399.55,Concluída
3879,2025-05-28,3,6,821,103,1,207.74,0.0,207.74,133.24,Concluída
3880,2025-03-16,5,11,924,101,1,3176.69,0.0,3176.69,2004.75,Concluída
3881,2025-12-07,5,11,397,102,1,4043.83,404.38,3639.45,1891.83,Concluída
3882,2025-01-16,4,8,42,105,2,2694.2,0.0,2694.2,1716.04,Concluída
3883,2025-02-20,1,13,237,109,1,438.81,0.0,438.81,291.96,Concluída
3884,2025-01-04,5,12,891,113,1,644.98,32.25,612.73,381.24,Concluída
3885,2025-09-02,4,8,696,111,1,3133.63,0.0,3133.63,1612.76,Concluída
3886,2025-09-27,5,10,453,113,3,1934.94,0.0,1934.94,1143.72,Concluída
3887,2025-05-20,1,13,326,112,1,2629.26,262.93,2366.33,1399.55,Concluída
3888,2025-11-24,5,11,199,112,2,5258.52,262.93,4995.59,2799.1,Concluída
3889,2025-04-21,3,6,593,103,1,207.74,31.16,176.58,133.24,Concluída
3890,2025-01-07,1,13,502,108,2,848.52,0.0,848.52,383.48,Concluída
3891,2025-11-18,3,6,535,107,4,572.12,0.0,572.12,358.52,Concluída
3892,2025-06-25,1,13,70,106,3,413.76,0.0,413.76,220.26,Concluída
3893,2025-01-14,1,13,574,110,1,153.35,0.0,153.35,76.82,Concluída
3894,2025-01-16,3,6,371,101,1,3176.69,0.0,3176.69,2004.75,Concluída
3895,2025-08-19,4,7,108,103,2,415.48,62.32,353.16,266.48,Concluída
3896,2025-05-21,5,12,319,109,1,438.81,43.88,394.93,291.96,Concluída
3897,2025-12-17,3,6,935,106,2,275.84,13.79,262.05,146.84,Concluída
3898,2025-09-27,1,13,1,110,1,153.35,0.0,153.35,76.82,Concluída
3899,2025-12-02,3,4,893,103,3,623.22,0.0,623.22,399.72,Concluída
3900,2025-05-23,1,13,611,111,2,6267.26,0.0,6267.26,3225.52,Concluída
3901,2025-03-09,1,13,833,106,2,275.84,27.58,248.26,146.84,Cancelada
3902,2025-09-22,3,5,118,108,1,424.26,21.21,403.05,191.74,Concluída
3903,2025-03-27,1,13,814,107,3,429.09,42.91,386.18,268.89,Concluída
3904,2025-02-04,2,1,174,113,2,1289.96,0.0,1289.96,762.48,Concluída
3905,2025-01-13,1,13,506,111,1,3133.63,156.68,2976.95,1612.76,Concluída
3906,2025-06-24,3,5,973,101,1,3176.69,0.0,3176.69,2004.75,Concluída
3907,2025-06-21,1,13,181,115,1,517.13,0.0,517.13,291.44,Concluída
3908,2025-07-21,1,13,514,107,4,572.12,0.0,572.12,358.52,Cancelada
3909,2025-05-28,4,7,41,105,2,2694.2,269.42,2424.78,1716.04,Concluída
3910,2025-05-19,4,8,936,101,2,6353.38,317.67,6035.71,4009.5,Cancelada
3911,2025-03-16,1,13,268,111,1,3133.63,0.0,3133.63,1612.76,Concluída
3912,2025-10-21,5,10,436,113,3,1934.94,193.49,1741.45,1143.72,Concluída
3913,2025-07-13,2,1,453,109,3,1316.43,0.0,1316.43,875.88,Concluída
3914,2025-08-03,2,3,854,114,3,1322.85,132.28,1190.57,813.69,Cancelada
3915,2025-09-30,1,13,636,102,4,16175.32,0.0,16175.32,7567.32,Concluída
3916,2025-08-12,2,1,440,105,3,4041.3,0.0,4041.3,2574.06,Concluída
3917,2025-12-01,2,3,626,115,1,517.13,0.0,517.13,291.44,Concluída
3918,2025-03-23,1,13,900,114,1,440.95,22.05,418.9,271.23,Concluída
3919,2025-12-10,3,4,949,115,1,517.13,0.0,517.13,291.44,Cancelada
3920,2025-10-07,1,13,3,105,1,1347.1,0.0,1347.1,858.02,Concluída
3921,2025-06-26,1,13,383,107,2,286.06,0.0,286.06,179.26,Concluída
3922,2025-12-23,5,10,776,101,2,6353.38,317.67,6035.71,4009.5,Cancelada
3923,2025-04-23,3,6,163,108,4,1697.04,254.56,1442.48,766.96,Concluída
3924,2025-03-02,1,13,913,108,5,2121.3,318.19,1803.11,958.7,Concluída
3925,2025-05-08,1,13,469,111,1,3133.63,0.0,3133.63,1612.76,Concluída
3926,2025-02-28,1,13,723,105,1,1347.1,67.36,1279.74,858.02,Concluída
3927,2025-01-04,3,6,875,101,3,9530.07,0.0,9530.07,6014.25,Concluída
3928,2025-10-03,1,13,715,104,1,2804.45,280.44,2524.01,1695.62,Concluída
3929,2025-05-06,4,8,347,111,1,3133.63,0.0,3133.63,1612.76,Concluída
3930,2025-10-02,1,13,887,112,2,5258.52,262.93,4995.59,2799.1,Concluída
3931,2025-09-13,4,8,46,101,1,3176.69,317.67,2859.02,2004.75,Concluída
3932,2025-05-23,4,7,893,108,1,424.26,0.0,424.26,191.74,Concluída
3933,2025-10-30,1,13,317,115,4,2068.52,0.0,2068.52,1165.76,Concluída
3934,2025-02-12,3,6,846,114,3,1322.85,0.0,1322.85,813.69,Cancelada
3935,2025-08-23,2,1,929,106,3,413.76,20.69,393.07,220.26,Concluída
3936,2025-01-04,3,5,996,106,2,275.84,0.0,275.84,146.84,Concluída
3937,2025-03-18,1,13,315,102,1,4043.83,0.0,4043.83,1891.83,Concluída
3938,2025-04-30,3,5,112,112,2,5258.52,0.0,5258.52,2799.1,Concluída
3939,2025-08-03,1,13,703,110,1,153.35,0.0,153.35,76.82,Concluída
3940,2025-04-23,2,3,855,113,1,644.98,32.25,612.73,381.24,Cancelada
3941,2025-03-04,1,13,15,108,2,848.52,0.0,848.52,383.48,Concluída
3942,2025-03-12,3,4,297,112,1,2629.26,0.0,2629.26,1399.55,Cancelada
3943,2025-06-29,2,2,73,106,2,275.84,13.79,262.05,146.84,Concluída
3944,2025-08-26,3,5,400,101,1,3176.69,0.0,3176.69,2004.75,Concluída
3945,2025-04-29,2,1,412,111,2,6267.26,0.0,6267.26,3225.52,Concluída
3946,2025-07-25,2,3,969,108,2,848.52,0.0,848.52,383.48,Concluída
3947,2025-08-31,3,5,411,114,1,440.95,66.14,374.81,271.23,Concluída
3948,2025-06-30,1,13,871,111,1,3133.63,0.0,3133.63,1612.76,Concluída
3949,2025-06-14,5,10,503,106,1,137.92,0.0,137.92,73.42,Concluída
3950,2025-09-11,2,3,572,109,1,438.81,0.0,438.81,291.96,Concluída
3951,2025-05-22,1,13,442,102,2,8087.66,0.0,8087.66,3783.66,Concluída
3952,2025-08-01,5,10,610,114,1,440.95,22.05,418.9,271.23,Concluída
3953,2025-09-27,2,3,283,101,1,3176.69,158.83,3017.86,2004.75,Concluída
3954,2025-08-01,4,8,208,110,1,153.35,0.0,153.35,76.82,Concluída
3955,2025-05-12,1,13,92,109,2,877.62,131.64,745.98,583.92,Concluída
3956,2025-05-03,1,13,919,102,1,4043.83,0.0,4043.83,1891.83,Concluída
3957,2025-05-15,3,5,363,105,1,1347.1,0.0,1347.1,858.02,Concluída
3958,2025-06-13,1,13,365,103,1,207.74,0.0,207.74,133.24,Concluída
3959,2025-04-09,2,2,959,105,1,1347.1,67.36,1279.74,858.02,Concluída
3960,2025-06-12,1,13,981,110,3,460.05,0.0,460.05,230.46,Concluída
3961,2025-12-31,5,12,248,106,1,137.92,0.0,137.92,73.42,Concluída
3962,2025-11-13,2,1,673,104,2,5608.9,0.0,5608.9,3391.24,Concluída
3963,2025-07-01,3,6,551,107,2,286.06,0.0,286.06,179.26,Concluída
3964,2025-03-14,1,13,926,101,2,6353.38,0.0,6353.38,4009.5,Concluída
3965,2025-02-26,4,9,443,103,1,207.74,0.0,207.74,133.24,Concluída
3966,2025-11-21,2,3,972,103,1,207.74,0.0,207.74,133.24,Concluída
3967,2025-10-02,1,13,538,114,1,440.95,0.0,440.95,271.23,Devolvida
3968,2025-08-23,1,13,579,112,2,5258.52,525.85,4732.67,2799.1,Concluída
3969,2025-01-03,1,13,833,102,2,8087.66,0.0,8087.66,3783.66,Concluída
3970,2025-11-14,1,13,857,101,1,3176.69,476.5,2700.19,2004.75,Concluída
3971,2025-02-21,5,10,795,114,2,881.9,0.0,881.9,542.46,Concluída
3972,2025-11-21,1,13,749,113,1,644.98,32.25,612.73,381.24,Concluída
3973,2025-05-19,2,1,155,101,1,3176.69,0.0,3176.69,2004.75,Concluída
3974,2025-11-20,4,9,218,111,1,3133.63,0.0,3133.63,1612.76,Concluída
3975,2025-03-09,1,13,247,111,1,3133.63,470.04,2663.59,1612.76,Concluída
3976,2025-01-28,3,5,321,114,1,440.95,0.0,440.95,271.23,Concluída
3977,2025-12-11,1,13,63,103,3,623.22,0.0,623.22,399.72,Concluída
3978,2025-06-27,1,13,378,101,2,6353.38,317.67,6035.71,4009.5,Concluída
3979,2025-05-07,5,12,56,114,1,440.95,44.09,396.86,271.23,Concluída
3980,2025-08-27,1,13,277,101,1,3176.69,158.83,3017.86,2004.75,Concluída
3981,2025-11-14,1,13,99,111,1,3133.63,0.0,3133.63,1612.76,Concluída
3982,2025-12-20,1,13,775,114,1,440.95,0.0,440.95,271.23,Concluída
3983,2025-08-12,1,13,452,107,1,143.03,0.0,143.03,89.63,Concluída
3984,2025-04-26,1,13,571,115,1,517.13,0.0,517.13,291.44,Concluída
3985,2025-07-19,2,1,348,115,2,1034.26,0.0,1034.26,582.88,Concluída
3986,2025-10-23,4,7,622,105,1,1347.1,67.36,1279.74,858.02,Concluída
3987,2025-02-05,1,13,213,115,1,517.13,51.71,465.42,291.44,Concluída
3988,2025-10-19,1,13,484,110,3,460.05,0.0,460.05,230.46,Concluída
3989,2025-06-19,2,2,832,108,1,424.26,0.0,424.26,191.74,Concluída
3990,2025-10-17,1,13,618,114,2,881.9,0.0,881.9,542.46,Concluída
3991,2025-02-27,3,4,152,108,1,424.26,0.0,424.26,191.74,Concluída
3992,2025-07-05,1,13,972,105,2,2694.2,0.0,2694.2,1716.04,Concluída
3993,2025-08-04,5,10,182,101,2,6353.38,317.67,6035.71,4009.5,Concluída
3994,2025-12-11,1,13,47,101,2,6353.38,317.67,6035.71,4009.5,Concluída
3995,2025-05-09,4,8,274,105,1,1347.1,67.36,1279.74,858.02,Concluída
3996,2025-10-16,4,8,603,102,1,4043.83,0.0,4043.83,1891.83,Concluída
3997,2025-12-29,1,13,475,111,1,3133.63,313.36,2820.27,1612.76,Cancelada
3998,2025-07-23,3,4,327,103,1,207.74,0.0,207.74,133.24,Concluída
3999,2025-08-17,5,11,685,108,1,424.26,0.0,424.26,191.74,Concluída
4000,2025-10-04,4,7,41,101,1,3176.69,0.0,3176.69,2004.75,Concluída
4001,2025-08-05,1,13,351,109,2,877.62,0.0,877.62,583.92,Cancelada
4002,2025-08-17,5,11,413,106,1,137.92,0.0,137.92,73.42,Concluída
4003,2025-12-03,1,13,670,101,1,3176.69,0.0,3176.69,2004.75,Concluída
4004,2025-04-21,1,13,840,107,1,143.03,7.15,135.88,89.63,Concluída
4005,2025-07-31,4,9,292,114,2,881.9,0.0,881.9,542.46,Concluída
4006,2025-04-13,1,13,321,108,1,424.26,63.64,360.62,191.74,Concluída
4007,2025-09-21,1,13,406,110,2,306.7,0.0,306.7,153.64,Concluída
4008,2025-07-04,5,11,336,113,1,644.98,0.0,644.98,381.24,Cancelada
4009,2025-04-28,3,5,762,106,1,137.92,0.0,137.92,73.42,Concluída
4010,2025-05-20,2,3,144,102,1,4043.83,0.0,4043.83,1891.83,Devolvida
4011,2025-03-07,1,13,347,106,1,137.92,0.0,137.92,73.42,Concluída
4012,2025-04-12,2,1,236,108,1,424.26,0.0,424.26,191.74,Concluída
4013,2025-03-15,5,11,220,101,1,3176.69,158.83,3017.86,2004.75,Concluída
4014,2025-02-09,1,13,159,103,1,207.74,0.0,207.74,133.24,Concluída
4015,2025-04-13,1,13,319,115,4,2068.52,0.0,2068.52,1165.76,Concluída
4016,2025-11-07,3,4,90,112,5,13146.3,657.32,12488.98,6997.75,Cancelada
4017,2025-10-18,1,13,571,105,1,1347.1,67.36,1279.74,858.02,Concluída
4018,2025-12-08,3,5,203,110,1,153.35,0.0,153.35,76.82,Concluída
4019,2025-04-19,3,6,302,113,1,644.98,0.0,644.98,381.24,Concluída
4020,2025-01-26,5,11,518,103,1,207.74,0.0,207.74,133.24,Devolvida
4021,2025-07-13,3,6,576,104,1,2804.45,140.22,2664.23,1695.62,Concluída
4022,2025-10-17,3,4,531,107,1,143.03,14.3,128.73,89.63,Concluída
4023,2025-01-09,2,2,594,103,1,207.74,0.0,207.74,133.24,Concluída
4024,2025-09-02,4,8,390,110,2,306.7,0.0,306.7,153.64,Concluída
4025,2025-03-15,1,13,500,104,2,5608.9,0.0,5608.9,3391.24,Concluída
4026,2025-07-31,5,12,621,112,1,2629.26,394.39,2234.87,1399.55,Concluída
4027,2025-05-19,2,1,800,111,2,6267.26,0.0,6267.26,3225.52,Concluída
4028,2025-08-09,2,1,48,106,1,137.92,20.69,117.23,73.42,Concluída
4029,2025-07-17,1,13,388,114,1,440.95,0.0,440.95,271.23,Concluída
4030,2025-07-17,4,9,533,112,1,2629.26,0.0,2629.26,1399.55,Devolvida
4031,2025-03-28,1,13,619,115,5,2585.65,258.56,2327.09,1457.2,Concluída
4032,2025-12-15,5,12,693,115,2,1034.26,0.0,1034.26,582.88,Cancelada
4033,2025-11-15,3,5,820,102,1,4043.83,0.0,4043.83,1891.83,Concluída
4034,2025-10-15,5,10,713,111,1,3133.63,0.0,3133.63,1612.76,Concluída
4035,2025-01-15,1,13,275,108,1,424.26,0.0,424.26,191.74,Concluída
4036,2025-04-15,2,2,617,113,1,644.98,96.75,548.23,381.24,Concluída
4037,2025-01-02,1,13,164,115,2,1034.26,0.0,1034.26,582.88,Concluída
4038,2025-09-14,4,7,32,101,2,6353.38,0.0,6353.38,4009.5,Concluída
4039,2025-03-19,1,13,249,114,2,881.9,0.0,881.9,542.46,Concluída
4040,2025-12-14,1,13,608,109,1,438.81,0.0,438.81,291.96,Concluída
4041,2025-05-06,1,13,496,103,1,207.74,0.0,207.74,133.24,Concluída
4042,2025-11-06,1,13,101,111,2,6267.26,0.0,6267.26,3225.52,Concluída
4043,2025-10-22,3,4,8,112,1,2629.26,0.0,2629.26,1399.55,Concluída
4044,2025-02-10,5,11,890,106,2,275.84,27.58,248.26,146.84,Concluída
4045,2025-03-31,5,11,543,104,1,2804.45,0.0,2804.45,1695.62,Concluída
4046,2025-09-04,1,13,321,105,2,2694.2,0.0,2694.2,1716.04,Concluída
4047,2025-02-28,2,3,60,115,2,1034.26,0.0,1034.26,582.88,Concluída
4048,2025-09-05,1,13,928,101,2,6353.38,0.0,6353.38,4009.5,Concluída
4049,2025-12-03,5,12,533,101,3,9530.07,0.0,9530.07,6014.25,Concluída
4050,2025-05-25,3,6,657,102,1,4043.83,0.0,4043.83,1891.83,Concluída
4051,2025-12-08,3,4,384,114,2,881.9,44.09,837.81,542.46,Concluída
4052,2025-12-24,1,13,143,111,2,6267.26,0.0,6267.26,3225.52,Concluída
4053,2025-07-16,1,13,672,114,1,440.95,0.0,440.95,271.23,Concluída
4054,2025-02-20,2,3,355,112,1,2629.26,0.0,2629.26,1399.55,Cancelada
4055,2025-04-21,1,13,506,111,1,3133.63,156.68,2976.95,1612.76,Concluída
4056,2025-08-17,2,1,823,107,5,715.15,0.0,715.15,448.15,Concluída
4057,2025-10-02,2,1,976,110,1,153.35,0.0,153.35,76.82,Concluída
4058,2025-09-17,1,13,773,103,1,207.74,0.0,207.74,133.24,Concluída
4059,2025-03-29,1,13,86,108,2,848.52,84.85,763.67,383.48,Concluída
4060,2025-11-25,4,8,969,111,1,3133.63,156.68,2976.95,1612.76,Concluída
4061,2025-09-25,1,13,63,111,1,3133.63,0.0,3133.63,1612.76,Concluída
4062,2025-01-02,2,3,328,103,1,207.74,0.0,207.74,133.24,Concluída
4063,2025-02-01,1,13,517,105,1,1347.1,0.0,1347.1,858.02,Concluída
4064,2025-01-04,2,3,233,101,2,6353.38,0.0,6353.38,4009.5,Concluída
4065,2025-01-21,1,13,330,106,2,275.84,0.0,275.84,146.84,Concluída
4066,2025-03-25,2,2,657,110,5,766.75,0.0,766.75,384.1,Concluída
4067,2025-10-08,1,13,121,114,2,881.9,88.19,793.71,542.46,Concluída
4068,2025-07-04,1,13,65,114,1,440.95,0.0,440.95,271.23,Cancelada
4069,2025-07-16,2,1,908,110,1,153.35,0.0,153.35,76.82,Concluída
4070,2025-01-22,2,1,68,111,1,3133.63,156.68,2976.95,1612.76,Concluída
4071,2025-09-01,4,9,91,108,1,424.26,0.0,424.26,191.74,Concluída
4072,2025-08-14,2,3,570,107,4,572.12,0.0,572.12,358.52,Concluída
4073,2025-05-11,4,8,756,111,2,6267.26,0.0,6267.26,3225.52,Concluída
4074,2025-12-17,1,13,556,111,1,3133.63,0.0,3133.63,1612.76,Cancelada
4075,2025-02-21,5,11,841,115,1,517.13,0.0,517.13,291.44,Concluída
4076,2025-07-25,2,2,924,102,1,4043.83,0.0,4043.83,1891.83,Concluída
4077,2025-07-24,3,4,496,101,1,3176.69,158.83,3017.86,2004.75,Concluída
4078,2025-06-06,1,13,891,108,2,848.52,0.0,848.52,383.48,Concluída
4079,2025-12-07,1,13,258,112,5,13146.3,1971.94,11174.36,6997.75,Concluída
4080,2025-09-16,4,8,472,111,1,3133.63,313.36,2820.27,1612.76,Concluída
4081,2025-01-31,3,5,652,110,2,306.7,0.0,306.7,153.64,Concluída
4082,2025-10-16,2,1,370,112,1,2629.26,0.0,2629.26,1399.55,Concluída
4083,2025-03-29,3,4,221,111,2,6267.26,313.36,5953.9,3225.52,Cancelada
4084,2025-11-18,1,13,31,115,2,1034.26,0.0,1034.26,582.88,Concluída
4085,2025-12-07,2,3,621,113,1,644.98,32.25,612.73,381.24,Concluída
4086,2025-05-27,1,13,255,110,1,153.35,0.0,153.35,76.82,Concluída
4087,2025-12-13,1,13,618,102,1,4043.83,0.0,4043.83,1891.83,Concluída
4088,2025-07-27,1,13,485,104,1,2804.45,420.67,2383.78,1695.62,Concluída
4089,2025-05-01,4,7,962,107,2,286.06,0.0,286.06,179.26,Concluída
4090,2025-08-06,1,13,799,101,1,3176.69,158.83,3017.86,2004.75,Concluída
4091,2025-07-11,1,13,262,115,2,1034.26,0.0,1034.26,582.88,Devolvida
4092,2025-08-01,1,13,819,114,1,440.95,0.0,440.95,271.23,Concluída
4093,2025-04-10,1,13,291,105,1,1347.1,0.0,1347.1,858.02,Concluída
4094,2025-12-01,5,10,278,114,1,440.95,0.0,440.95,271.23,Concluída
4095,2025-08-28,1,13,301,110,1,153.35,0.0,153.35,76.82,Concluída
4096,2025-02-11,3,6,736,105,1,1347.1,0.0,1347.1,858.02,Concluída
4097,2025-05-02,2,2,77,103,2,415.48,0.0,415.48,266.48,Cancelada
4098,2025-05-20,4,9,626,103,3,623.22,31.16,592.06,399.72,Concluída
4099,2025-10-28,3,6,453,103,1,207.74,10.39,197.35,133.24,Concluída
4100,2025-11-30,5,12,541,115,1,517.13,25.86,491.27,291.44,Concluída
4101,2025-03-02,1,13,63,108,1,424.26,0.0,424.26,191.74,Concluída
4102,2025-11-30,1,13,878,105,1,1347.1,0.0,1347.1,858.02,Cancelada
4103,2025-05-01,1,13,833,115,1,517.13,0.0,517.13,291.44,Concluída
4104,2025-02-09,1,13,144,105,1,1347.1,0.0,1347.1,858.02,Cancelada
4105,2025-09-02,2,3,846,107,3,429.09,0.0,429.09,268.89,Concluída
4106,2025-11-22,1,13,648,107,1,143.03,0.0,143.03,89.63,Concluída
4107,2025-07-19,1,13,387,113,3,1934.94,0.0,1934.94,1143.72,Concluída
4108,2025-08-17,5,12,105,115,2,1034.26,51.71,982.55,582.88,Concluída
4109,2025-09-23,5,12,979,112,2,5258.52,0.0,5258.52,2799.1,Concluída
4110,2025-02-09,4,8,449,102,1,4043.83,0.0,4043.83,1891.83,Concluída
4111,2025-03-26,1,13,745,104,1,2804.45,0.0,2804.45,1695.62,Cancelada
4112,2025-01-27,1,13,170,109,3,1316.43,0.0,1316.43,875.88,Concluída
4113,2025-09-19,5,12,137,102,3,12131.49,0.0,12131.49,5675.49,Concluída
4114,2025-02-10,1,13,145,106,1,137.92,0.0,137.92,73.42,Concluída
4115,2025-07-14,3,6,771,108,1,424.26,0.0,424.26,191.74,Concluída
4116,2025-02-01,3,5,87,105,2,2694.2,0.0,2694.2,1716.04,Concluída
4117,2025-11-25,2,2,174,104,2,5608.9,0.0,5608.9,3391.24,Concluída
4118,2025-07-01,2,1,532,112,3,7887.78,0.0,7887.78,4198.65,Concluída
4119,2025-11-04,1,13,676,108,2,848.52,0.0,848.52,383.48,Concluída
4120,2025-09-08,3,6,516,103,1,207.74,0.0,207.74,133.24,Concluída
4121,2025-09-02,2,3,841,110,2,306.7,15.34,291.36,153.64,Concluída
4122,2025-08-16,2,2,320,112,2,5258.52,0.0,5258.52,2799.1,Concluída
4123,2025-11-06,1,13,325,101,2,6353.38,317.67,6035.71,4009.5,Concluída
4124,2025-01-29,5,11,997,113,1,644.98,0.0,644.98,381.24,Concluída
4125,2025-07-02,4,9,420,110,2,306.7,0.0,306.7,153.64,Concluída
4126,2025-11-13,2,2,315,111,1,3133.63,313.36,2820.27,1612.76,Concluída
4127,2025-09-06,1,13,817,103,1,207.74,0.0,207.74,133.24,Concluída
4128,2025-07-19,1,13,389,105,2,2694.2,0.0,2694.2,1716.04,Concluída
4129,2025-01-12,4,7,876,105,1,1347.1,0.0,1347.1,858.02,Concluída
4130,2025-11-07,3,5,416,106,1,137.92,0.0,137.92,73.42,Concluída
4131,2025-05-06,2,2,783,112,3,7887.78,0.0,7887.78,4198.65,Concluída
4132,2025-08-02,5,11,793,113,1,644.98,64.5,580.48,381.24,Concluída
4133,2025-05-10,2,3,819,112,1,2629.26,262.93,2366.33,1399.55,Concluída
4134,2025-02-08,1,13,961,114,2,881.9,44.09,837.81,542.46,Concluída
4135,2025-10-31,4,7,85,111,1,3133.63,0.0,3133.63,1612.76,Concluída
4136,2025-03-22,4,9,770,111,3,9400.89,0.0,9400.89,4838.28,Concluída
4137,2025-08-08,1,13,215,113,2,1289.96,0.0,1289.96,762.48,Concluída
4138,2025-10-27,5,12,632,101,1,3176.69,158.83,3017.86,2004.75,Concluída
4139,2025-06-23,1,13,1,101,1,3176.69,158.83,3017.86,2004.75,Concluída
4140,2025-02-12,5,11,147,107,1,143.03,0.0,143.03,89.63,Concluída
4141,2025-04-24,4,9,349,102,2,8087.66,0.0,8087.66,3783.66,Cancelada
4142,2025-09-04,1,13,342,103,2,415.48,0.0,415.48,266.48,Concluída
4143,2025-08-11,4,7,278,101,1,3176.69,0.0,3176.69,2004.75,Concluída
4144,2025-05-06,1,13,79,102,1,4043.83,0.0,4043.83,1891.83,Concluída
4145,2025-08-18,1,13,667,107,3,429.09,64.36,364.73,268.89,Cancelada
4146,2025-04-07,3,6,520,101,1,3176.69,158.83,3017.86,2004.75,Concluída
4147,2025-09-04,1,13,50,104,1,2804.45,140.22,2664.23,1695.62,Concluída
4148,2025-04-29,1,13,299,105,1,1347.1,67.36,1279.74,858.02,Concluída
4149,2025-12-01,4,8,56,111,1,3133.63,0.0,3133.63,1612.76,Concluída
4150,2025-04-12,1,13,933,109,1,438.81,21.94,416.87,291.96,Concluída
4151,2025-02-04,1,13,953,107,1,143.03,21.45,121.58,89.63,Cancelada
4152,2025-09-13,5,11,466,104,3,8413.35,0.0,8413.35,5086.86,Cancelada
4153,2025-07-13,1,13,306,106,2,275.84,0.0,275.84,146.84,Concluída
4154,2025-09-16,1,13,826,114,2,881.9,0.0,881.9,542.46,Concluída
4155,2025-02-26,1,13,144,107,2,286.06,0.0,286.06,179.26,Concluída
4156,2025-05-01,4,9,634,112,2,5258.52,0.0,5258.52,2799.1,Concluída
4157,2025-12-01,5,10,211,106,2,275.84,41.38,234.46,146.84,Concluída
4158,2025-12-02,2,2,765,113,1,644.98,0.0,644.98,381.24,Concluída
4159,2025-01-09,2,2,15,107,1,143.03,7.15,135.88,89.63,Concluída
4160,2025-03-05,4,8,314,114,1,440.95,0.0,440.95,271.23,Concluída
4161,2025-08-04,5,12,251,112,5,13146.3,657.32,12488.98,6997.75,Concluída
4162,2025-10-24,2,1,179,110,1,153.35,0.0,153.35,76.82,Concluída
4163,2025-09-02,5,11,172,111,1,3133.63,0.0,3133.63,1612.76,Concluída
4164,2025-07-04,2,1,465,108,2,848.52,0.0,848.52,383.48,Concluída
4165,2025-10-02,1,13,606,111,3,9400.89,470.04,8930.85,4838.28,Cancelada
4166,2025-06-03,4,8,975,102,1,4043.83,202.19,3841.64,1891.83,Concluída
4167,2025-02-04,4,9,598,105,1,1347.1,67.36,1279.74,858.02,Concluída
4168,2025-05-31,5,11,258,113,1,644.98,0.0,644.98,381.24,Concluída
4169,2025-01-16,1,13,174,105,3,4041.3,606.2,3435.1,2574.06,Concluída
4170,2025-09-27,1,13,339,105,1,1347.1,0.0,1347.1,858.02,Concluída
4171,2025-10-29,2,2,614,111,1,3133.63,0.0,3133.63,1612.76,Cancelada
4172,2025-06-04,1,13,767,115,2,1034.26,51.71,982.55,582.88,Concluída
4173,2025-03-15,4,8,926,101,2,6353.38,635.34,5718.04,4009.5,Concluída
4174,2025-01-30,4,8,683,102,1,4043.83,404.38,3639.45,1891.83,Concluída
4175,2025-11-22,2,2,718,114,1,440.95,22.05,418.9,271.23,Concluída
4176,2025-02-20,1,13,13,112,1,2629.26,0.0,2629.26,1399.55,Concluída
4177,2025-02-14,1,13,359,108,1,424.26,0.0,424.26,191.74,Concluída
4178,2025-11-28,1,13,891,103,2,415.48,20.77,394.71,266.48,Concluída
4179,2025-09-15,1,13,983,106,2,275.84,0.0,275.84,146.84,Concluída
4180,2025-09-24,5,10,356,106,2,275.84,0.0,275.84,146.84,Concluída
4181,2025-08-01,3,4,881,107,1,143.03,21.45,121.58,89.63,Cancelada
4182,2025-01-23,2,2,957,112,1,2629.26,0.0,2629.26,1399.55,Concluída
4183,2025-06-24,2,2,322,102,2,8087.66,0.0,8087.66,3783.66,Cancelada
4184,2025-04-23,1,13,426,104,1,2804.45,0.0,2804.45,1695.62,Concluída
4185,2025-02-08,2,2,405,110,1,153.35,0.0,153.35,76.82,Concluída
4186,2025-03-16,3,5,926,110,1,153.35,7.67,145.68,76.82,Concluída
4187,2025-12-25,4,9,498,109,1,438.81,0.0,438.81,291.96,Concluída
4188,2025-09-17,3,5,758,104,1,2804.45,0.0,2804.45,1695.62,Concluída
4189,2025-06-27,1,13,267,112,1,2629.26,0.0,2629.26,1399.55,Concluída
4190,2025-04-04,1,13,834,110,2,306.7,0.0,306.7,153.64,Concluída
4191,2025-01-03,5,10,495,105,1,1347.1,134.71,1212.39,858.02,Concluída
4192,2025-02-26,2,1,997,102,2,8087.66,0.0,8087.66,3783.66,Concluída
4193,2025-08-06,1,13,857,109,1,438.81,0.0,438.81,291.96,Concluída
4194,2025-01-03,2,1,178,104,1,2804.45,0.0,2804.45,1695.62,Concluída
4195,2025-04-16,3,5,503,108,1,424.26,0.0,424.26,191.74,Concluída
4196,2025-11-08,2,1,2,113,1,644.98,0.0,644.98,381.24,Devolvida
4197,2025-01-19,1,13,481,104,1,2804.45,140.22,2664.23,1695.62,Concluída
4198,2025-09-26,1,13,312,114,2,881.9,0.0,881.9,542.46,Concluída
4199,2025-06-16,1,13,806,106,2,275.84,0.0,275.84,146.84,Concluída
4200,2025-12-20,4,7,989,104,2,5608.9,0.0,5608.9,3391.24,Concluída
4201,2025-08-08,4,9,721,112,1,2629.26,0.0,2629.26,1399.55,Devolvida
4202,2025-03-13,3,6,343,104,3,8413.35,1262.0,7151.35,5086.86,Concluída
4203,2025-12-30,1,13,515,113,1,644.98,0.0,644.98,381.24,Concluída
4204,2025-04-18,3,5,395,107,1,143.03,7.15,135.88,89.63,Cancelada
4205,2025-06-05,2,3,76,111,1,3133.63,0.0,3133.63,1612.76,Concluída
4206,2025-10-25,2,2,11,104,1,2804.45,140.22,2664.23,1695.62,Concluída
4207,2025-03-30,3,6,285,101,2,6353.38,0.0,6353.38,4009.5,Concluída
4208,2025-11-21,3,6,761,102,2,8087.66,0.0,8087.66,3783.66,Concluída
4209,2025-06-25,1,13,976,112,1,2629.26,0.0,2629.26,1399.55,Concluída
4210,2025-11-20,1,13,56,106,1,137.92,0.0,137.92,73.42,Concluída
4211,2025-02-04,1,13,338,103,1,207.74,20.77,186.97,133.24,Concluída
4212,2025-10-05,3,6,365,103,2,415.48,0.0,415.48,266.48,Concluída
4213,2025-09-17,2,1,932,101,3,9530.07,0.0,9530.07,6014.25,Concluída
4214,2025-10-28,2,2,424,105,1,1347.1,0.0,1347.1,858.02,Concluída
4215,2025-07-29,4,8,424,114,1,440.95,0.0,440.95,271.23,Devolvida
4216,2025-03-10,3,5,112,114,1,440.95,0.0,440.95,271.23,Concluída
4217,2025-10-16,3,4,911,114,4,1763.8,0.0,1763.8,1084.92,Concluída
4218,2025-05-15,3,5,195,111,3,9400.89,470.04,8930.85,4838.28,Concluída
4219,2025-06-13,2,2,885,107,1,143.03,14.3,128.73,89.63,Cancelada
4220,2025-10-02,4,8,641,106,1,137.92,6.9,131.02,73.42,Concluída
4221,2025-01-18,3,6,872,102,2,8087.66,0.0,8087.66,3783.66,Concluída
4222,2025-08-16,2,1,969,104,1,2804.45,140.22,2664.23,1695.62,Concluída
4223,2025-07-06,5,12,775,104,1,2804.45,0.0,2804.45,1695.62,Concluída
4224,2025-05-26,1,13,32,107,1,143.03,0.0,143.03,89.63,Concluída
4225,2025-04-28,2,3,544,108,1,424.26,63.64,360.62,191.74,Concluída
4226,2025-01-01,3,4,925,114,3,1322.85,132.28,1190.57,813.69,Concluída
4227,2025-10-09,5,10,967,102,1,4043.83,202.19,3841.64,1891.83,Concluída
4228,2025-08-07,1,13,439,104,1,2804.45,280.44,2524.01,1695.62,Concluída
4229,2025-08-16,1,13,516,104,5,14022.25,0.0,14022.25,8478.1,Concluída
4230,2025-01-01,2,1,594,111,2,6267.26,0.0,6267.26,3225.52,Concluída
4231,2025-06-16,2,2,860,114,2,881.9,0.0,881.9,542.46,Concluída
4232,2025-01-18,1,13,839,108,1,424.26,0.0,424.26,191.74,Concluída
4233,2025-11-02,1,13,278,107,3,429.09,21.45,407.64,268.89,Concluída
4234,2025-05-04,3,4,774,106,1,137.92,0.0,137.92,73.42,Concluída
4235,2025-01-30,4,8,218,102,1,4043.83,0.0,4043.83,1891.83,Concluída
4236,2025-08-03,1,13,508,113,1,644.98,0.0,644.98,381.24,Concluída
4237,2025-06-17,2,2,15,114,1,440.95,0.0,440.95,271.23,Concluída
4238,2025-06-11,3,5,788,112,1,2629.26,0.0,2629.26,1399.55,Cancelada
4239,2025-12-10,1,13,462,104,1,2804.45,280.44,2524.01,1695.62,Concluída
4240,2025-08-14,5,12,238,111,1,3133.63,0.0,3133.63,1612.76,Concluída
4241,2025-07-25,4,7,840,110,2,306.7,0.0,306.7,153.64,Concluída
4242,2025-02-23,1,13,970,110,1,153.35,0.0,153.35,76.82,Concluída
4243,2025-02-25,1,13,359,105,1,1347.1,67.36,1279.74,858.02,Concluída
4244,2025-12-02,4,7,368,111,1,3133.63,0.0,3133.63,1612.76,Cancelada
4245,2025-12-02,1,13,616,105,3,4041.3,0.0,4041.3,2574.06,Concluída
4246,2025-12-05,2,1,846,103,1,207.74,0.0,207.74,133.24,Concluída
4247,2025-10-29,1,13,779,113,1,644.98,0.0,644.98,381.24,Concluída
4248,2025-12-14,2,2,399,114,1,440.95,66.14,374.81,271.23,Concluída
4249,2025-03-26,4,9,592,106,3,413.76,20.69,393.07,220.26,Cancelada
4250,2025-06-08,1,13,578,110,2,306.7,0.0,306.7,153.64,Concluída
4251,2025-08-25,1,13,22,109,1,438.81,0.0,438.81,291.96,Concluída
4252,2025-12-20,4,9,210,111,2,6267.26,313.36,5953.9,3225.52,Concluída
4253,2025-01-05,1,13,249,109,1,438.81,0.0,438.81,291.96,Concluída
4254,2025-06-08,2,3,334,102,1,4043.83,202.19,3841.64,1891.83,Concluída
4255,2025-08-29,2,1,350,108,2,848.52,0.0,848.52,383.48,Concluída
4256,2025-02-06,3,6,802,114,2,881.9,0.0,881.9,542.46,Concluída
4257,2025-01-18,4,7,944,103,1,207.74,31.16,176.58,133.24,Concluída
4258,2025-08-13,1,13,516,110,2,306.7,0.0,306.7,153.64,Concluída
4259,2025-01-07,1,13,388,108,1,424.26,0.0,424.26,191.74,Concluída
4260,2025-11-26,1,13,679,115,1,517.13,0.0,517.13,291.44,Concluída
4261,2025-08-27,1,13,289,110,2,306.7,0.0,306.7,153.64,Concluída
4262,2025-07-06,1,13,324,104,1,2804.45,140.22,2664.23,1695.62,Concluída
4263,2025-06-03,5,11,695,113,3,1934.94,0.0,1934.94,1143.72,Concluída
4264,2025-06-15,1,13,671,114,3,1322.85,0.0,1322.85,813.69,Concluída
4265,2025-02-27,4,8,972,102,2,8087.66,0.0,8087.66,3783.66,Concluída
4266,2025-08-10,2,1,807,104,1,2804.45,0.0,2804.45,1695.62,Concluída
4267,2025-08-08,1,13,507,101,2,6353.38,0.0,6353.38,4009.5,Concluída
4268,2025-09-30,1,13,517,112,1,2629.26,0.0,2629.26,1399.55,Concluída
4269,2025-05-13,2,3,62,103,2,415.48,0.0,415.48,266.48,Cancelada
4270,2025-01-27,1,13,765,112,3,7887.78,0.0,7887.78,4198.65,Concluída
4271,2025-04-16,4,9,155,104,1,2804.45,420.67,2383.78,1695.62,Concluída
4272,2025-05-23,4,8,55,106,1,137.92,13.79,124.13,73.42,Concluída
4273,2025-08-29,4,9,137,107,1,143.03,0.0,143.03,89.63,Concluída
4274,2025-04-14,4,8,694,112,3,7887.78,0.0,7887.78,4198.65,Concluída
4275,2025-02-26,3,6,688,107,2,286.06,14.3,271.76,179.26,Concluída
4276,2025-11-20,1,13,982,112,1,2629.26,0.0,2629.26,1399.55,Concluída
4277,2025-04-21,3,4,215,111,1,3133.63,156.68,2976.95,1612.76,Concluída
4278,2025-10-14,4,9,190,107,1,143.03,0.0,143.03,89.63,Concluída
4279,2025-03-04,4,7,184,112,1,2629.26,0.0,2629.26,1399.55,Concluída
4280,2025-12-31,5,12,229,103,1,207.74,10.39,197.35,133.24,Concluída
4281,2025-07-20,1,13,702,110,1,153.35,7.67,145.68,76.82,Cancelada
4282,2025-07-04,1,13,285,102,2,8087.66,0.0,8087.66,3783.66,Concluída
4283,2025-09-29,5,10,88,105,2,2694.2,0.0,2694.2,1716.04,Concluída
4284,2025-07-25,1,13,927,115,1,517.13,0.0,517.13,291.44,Concluída
4285,2025-06-17,3,6,10,105,5,6735.5,0.0,6735.5,4290.1,Concluída
4286,2025-07-14,1,13,437,114,2,881.9,0.0,881.9,542.46,Concluída
4287,2025-03-13,1,13,799,112,2,5258.52,0.0,5258.52,2799.1,Concluída
4288,2025-10-04,2,3,322,107,1,143.03,0.0,143.03,89.63,Concluída
4289,2025-07-17,1,13,216,101,1,3176.69,317.67,2859.02,2004.75,Concluída
4290,2025-04-01,2,3,656,105,1,1347.1,134.71,1212.39,858.02,Concluída
4291,2025-07-21,1,13,208,104,1,2804.45,0.0,2804.45,1695.62,Concluída
4292,2025-02-22,2,3,404,115,1,517.13,25.86,491.27,291.44,Concluída
4293,2025-04-17,3,5,320,110,1,153.35,7.67,145.68,76.82,Concluída
4294,2025-12-08,2,3,83,111,1,3133.63,156.68,2976.95,1612.76,Concluída
4295,2025-11-30,3,6,36,104,3,8413.35,0.0,8413.35,5086.86,Cancelada
4296,2025-02-20,1,13,788,107,1,143.03,21.45,121.58,89.63,Devolvida
4297,2025-09-26,1,13,314,102,1,4043.83,0.0,4043.83,1891.83,Concluída
4298,2025-08-21,3,5,156,103,3,623.22,0.0,623.22,399.72,Concluída
4299,2025-02-23,3,6,320,109,1,438.81,0.0,438.81,291.96,Concluída
4300,2025-08-01,4,9,676,113,1,644.98,64.5,580.48,381.24,Cancelada
4301,2025-06-01,2,1,653,102,1,4043.83,0.0,4043.83,1891.83,Concluída
4302,2025-09-19,4,9,109,115,2,1034.26,0.0,1034.26,582.88,Concluída
4303,2025-06-09,1,13,427,107,2,286.06,0.0,286.06,179.26,Concluída
4304,2025-08-29,4,7,869,114,1,440.95,0.0,440.95,271.23,Concluída
4305,2025-04-01,5,11,157,115,1,517.13,0.0,517.13,291.44,Concluída
4306,2025-05-17,4,7,472,102,2,8087.66,0.0,8087.66,3783.66,Concluída
4307,2025-08-26,4,9,529,106,1,137.92,0.0,137.92,73.42,Concluída
4308,2025-06-27,3,6,32,114,1,440.95,0.0,440.95,271.23,Concluída
4309,2025-06-23,1,13,673,104,2,5608.9,0.0,5608.9,3391.24,Concluída
4310,2025-08-22,2,2,366,105,2,2694.2,0.0,2694.2,1716.04,Concluída
4311,2025-10-10,3,5,772,113,1,644.98,0.0,644.98,381.24,Concluída
4312,2025-04-03,2,3,923,109,1,438.81,21.94,416.87,291.96,Concluída
4313,2025-09-18,3,6,363,103,1,207.74,0.0,207.74,133.24,Concluída
4314,2025-01-02,1,13,428,110,1,153.35,0.0,153.35,76.82,Concluída
4315,2025-06-17,4,8,755,104,5,14022.25,0.0,14022.25,8478.1,Concluída
4316,2025-11-04,1,13,245,101,1,3176.69,476.5,2700.19,2004.75,Concluída
4317,2025-07-07,1,13,499,105,2,2694.2,134.71,2559.49,1716.04,Concluída
4318,2025-05-03,2,3,984,105,1,1347.1,67.36,1279.74,858.02,Cancelada
4319,2025-12-14,4,8,658,107,1,143.03,0.0,143.03,89.63,Concluída
4320,2025-05-17,1,13,756,109,1,438.81,0.0,438.81,291.96,Concluída
4321,2025-07-30,3,4,295,109,1,438.81,0.0,438.81,291.96,Concluída
4322,2025-11-29,1,13,832,101,1,3176.69,0.0,3176.69,2004.75,Concluída
4323,2025-12-10,2,2,677,102,1,4043.83,0.0,4043.83,1891.83,Concluída
4324,2025-10-13,1,13,478,108,1,424.26,0.0,424.26,191.74,Concluída
4325,2025-05-10,1,13,587,112,1,2629.26,0.0,2629.26,1399.55,Concluída
4326,2025-03-05,2,2,875,112,1,2629.26,0.0,2629.26,1399.55,Concluída
4327,2025-07-21,2,3,705,105,3,4041.3,0.0,4041.3,2574.06,Concluída
4328,2025-09-07,4,8,301,113,1,644.98,0.0,644.98,381.24,Concluída
4329,2025-01-03,2,1,404,107,2,286.06,14.3,271.76,179.26,Concluída
4330,2025-08-29,1,13,7,109,1,438.81,0.0,438.81,291.96,Concluída
4331,2025-11-01,1,13,365,114,3,1322.85,66.14,1256.71,813.69,Concluída
4332,2025-10-27,3,4,314,104,1,2804.45,140.22,2664.23,1695.62,Concluída
4333,2025-01-10,1,13,495,108,1,424.26,21.21,403.05,191.74,Concluída
4334,2025-10-15,1,13,223,111,2,6267.26,0.0,6267.26,3225.52,Concluída
4335,2025-09-25,1,13,154,105,2,2694.2,0.0,2694.2,1716.04,Concluída
4336,2025-05-05,2,2,161,110,2,306.7,30.67,276.03,153.64,Concluída
4337,2025-11-10,1,13,980,110,2,306.7,0.0,306.7,153.64,Concluída
4338,2025-03-11,4,8,43,109,2,877.62,131.64,745.98,583.92,Concluída
4339,2025-11-04,4,8,901,104,1,2804.45,280.44,2524.01,1695.62,Concluída
4340,2025-05-11,3,6,501,114,2,881.9,0.0,881.9,542.46,Concluída
4341,2025-09-08,1,13,877,108,1,424.26,21.21,403.05,191.74,Cancelada
4342,2025-01-21,2,2,470,109,1,438.81,0.0,438.81,291.96,Concluída
4343,2025-07-19,5,11,589,108,3,1272.78,0.0,1272.78,575.22,Concluída
4344,2025-01-17,3,6,257,101,1,3176.69,0.0,3176.69,2004.75,Cancelada
4345,2025-10-05,5,12,595,102,3,12131.49,0.0,12131.49,5675.49,Concluída
4346,2025-05-31,4,9,691,108,4,1697.04,0.0,1697.04,766.96,Concluída
4347,2025-05-23,5,10,486,114,2,881.9,0.0,881.9,542.46,Concluída
4348,2025-12-17,2,3,468,111,1,3133.63,0.0,3133.63,1612.76,Concluída
4349,2025-10-23,3,5,328,109,1,438.81,0.0,438.81,291.96,Concluída
4350,2025-02-05,1,13,551,114,1,440.95,66.14,374.81,271.23,Cancelada
4351,2025-08-03,2,1,964,103,1,207.74,10.39,197.35,133.24,Concluída
4352,2025-10-09,4,9,993,103,2,415.48,0.0,415.48,266.48,Concluída
4353,2025-09-09,4,9,657,114,1,440.95,0.0,440.95,271.23,Concluída
4354,2025-05-13,2,3,597,102,2,8087.66,0.0,8087.66,3783.66,Concluída
4355,2025-05-30,1,13,694,109,2,877.62,87.76,789.86,583.92,Concluída
4356,2025-04-27,1,13,220,108,3,1272.78,0.0,1272.78,575.22,Concluída
4357,2025-07-08,2,2,23,108,2,848.52,0.0,848.52,383.48,Concluída
4358,2025-05-11,1,13,278,112,1,2629.26,0.0,2629.26,1399.55,Concluída
4359,2025-05-20,1,13,379,107,1,143.03,0.0,143.03,89.63,Concluída
4360,2025-03-04,1,13,320,113,1,644.98,32.25,612.73,381.24,Concluída
4361,2025-03-23,3,6,759,103,1,207.74,0.0,207.74,133.24,Concluída
4362,2025-06-19,4,8,158,108,3,1272.78,63.64,1209.14,575.22,Concluída
4363,2025-10-29,3,6,843,112,1,2629.26,262.93,2366.33,1399.55,Concluída
4364,2025-11-25,5,11,707,104,2,5608.9,0.0,5608.9,3391.24,Concluída
4365,2025-06-14,5,11,751,106,1,137.92,6.9,131.02,73.42,Concluída
4366,2025-12-26,5,12,991,112,1,2629.26,131.46,2497.8,1399.55,Cancelada
4367,2025-01-31,4,8,193,110,2,306.7,0.0,306.7,153.64,Concluída
4368,2025-10-30,1,13,710,113,1,644.98,0.0,644.98,381.24,Concluída
4369,2025-07-25,1,13,487,105,3,4041.3,202.07,3839.23,2574.06,Concluída
4370,2025-03-22,1,13,48,105,1,1347.1,134.71,1212.39,858.02,Concluída
4371,2025-07-23,4,8,361,103,1,207.74,31.16,176.58,133.24,Concluída
4372,2025-03-21,5,12,724,112,2,5258.52,0.0,5258.52,2799.1,Concluída
4373,2025-06-16,1,13,183,112,1,2629.26,0.0,2629.26,1399.55,Concluída
4374,2025-01-13,3,4,525,109,2,877.62,0.0,877.62,583.92,Concluída
4375,2025-08-25,1,13,869,115,1,517.13,0.0,517.13,291.44,Concluída
4376,2025-05-07,5,11,656,104,1,2804.45,0.0,2804.45,1695.62,Concluída
4377,2025-08-04,1,13,130,106,1,137.92,6.9,131.02,73.42,Concluída
4378,2025-08-28,5,12,162,111,1,3133.63,0.0,3133.63,1612.76,Concluída
4379,2025-07-20,3,4,328,112,2,5258.52,0.0,5258.52,2799.1,Concluída
4380,2025-04-05,1,13,244,105,1,1347.1,0.0,1347.1,858.02,Devolvida
4381,2025-04-26,1,13,159,113,2,1289.96,0.0,1289.96,762.48,Concluída
4382,2025-08-10,1,13,416,106,1,137.92,0.0,137.92,73.42,Concluída
4383,2025-11-22,1,13,643,111,1,3133.63,313.36,2820.27,1612.76,Devolvida
4384,2025-05-23,1,13,719,103,3,623.22,0.0,623.22,399.72,Concluída
4385,2025-02-07,2,3,13,106,1,137.92,0.0,137.92,73.42,Devolvida
4386,2025-09-23,1,13,464,104,1,2804.45,0.0,2804.45,1695.62,Concluída
4387,2025-08-16,4,9,574,107,1,143.03,0.0,143.03,89.63,Concluída
4388,2025-07-29,1,13,31,108,1,424.26,21.21,403.05,191.74,Concluída
4389,2025-09-12,1,13,638,106,1,137.92,0.0,137.92,73.42,Concluída
4390,2025-05-17,1,13,791,104,1,2804.45,140.22,2664.23,1695.62,Concluída
4391,2025-12-24,2,2,672,103,3,623.22,0.0,623.22,399.72,Concluída
4392,2025-03-19,4,7,322,107,1,143.03,0.0,143.03,89.63,Concluída
4393,2025-12-07,1,13,90,108,2,848.52,127.28,721.24,383.48,Concluída
4394,2025-08-17,3,5,78,114,1,440.95,0.0,440.95,271.23,Concluída
4395,2025-10-29,1,13,856,103,1,207.74,0.0,207.74,133.24,Concluída
4396,2025-05-09,4,8,543,111,1,3133.63,0.0,3133.63,1612.76,Devolvida
4397,2025-08-05,3,4,203,105,1,1347.1,0.0,1347.1,858.02,Concluída
4398,2025-07-12,1,13,962,112,2,5258.52,0.0,5258.52,2799.1,Concluída
4399,2025-03-19,4,7,868,111,2,6267.26,626.73,5640.53,3225.52,Concluída
4400,2025-01-21,4,9,98,101,1,3176.69,0.0,3176.69,2004.75,Concluída
4401,2025-10-26,3,4,631,109,1,438.81,0.0,438.81,291.96,Concluída
4402,2025-11-04,4,9,258,104,1,2804.45,140.22,2664.23,1695.62,Concluída
4403,2025-12-08,4,9,745,114,2,881.9,0.0,881.9,542.46,Concluída
4404,2025-07-25,2,2,773,115,2,1034.26,0.0,1034.26,582.88,Concluída
4405,2025-01-10,1,13,338,114,2,881.9,132.28,749.62,542.46,Concluída
4406,2025-03-03,1,13,222,105,2,2694.2,0.0,2694.2,1716.04,Devolvida
4407,2025-10-11,4,7,712,112,3,7887.78,0.0,7887.78,4198.65,Devolvida
4408,2025-12-30,1,13,830,113,1,644.98,0.0,644.98,381.24,Concluída
4409,2025-02-24,4,7,100,107,2,286.06,0.0,286.06,179.26,Concluída
4410,2025-03-12,5,10,165,115,4,2068.52,0.0,2068.52,1165.76,Concluída
4411,2025-08-18,4,8,148,109,1,438.81,21.94,416.87,291.96,Concluída
4412,2025-06-27,2,1,407,113,1,644.98,0.0,644.98,381.24,Concluída
4413,2025-11-15,2,3,803,114,1,440.95,44.09,396.86,271.23,Concluída
4414,2025-11-03,1,13,399,101,3,9530.07,0.0,9530.07,6014.25,Concluída
4415,2025-02-10,3,5,763,107,1,143.03,21.45,121.58,89.63,Concluída
4416,2025-03-03,4,8,363,108,3,1272.78,127.28,1145.5,575.22,Concluída
4417,2025-04-19,1,13,870,101,1,3176.69,317.67,2859.02,2004.75,Concluída
4418,2025-07-22,1,13,408,105,1,1347.1,0.0,1347.1,858.02,Concluída
4419,2025-12-28,5,11,195,113,3,1934.94,96.75,1838.19,1143.72,Concluída
4420,2025-01-12,2,1,278,115,2,1034.26,155.14,879.12,582.88,Cancelada
4421,2025-07-17,1,13,424,102,3,12131.49,606.57,11524.92,5675.49,Concluída
4422,2025-07-05,2,2,558,107,1,143.03,7.15,135.88,89.63,Concluída
4423,2025-09-16,1,13,320,115,4,2068.52,0.0,2068.52,1165.76,Concluída
4424,2025-11-21,4,8,861,103,2,415.48,0.0,415.48,266.48,Concluída
4425,2025-10-17,2,3,128,110,1,153.35,0.0,153.35,76.82,Concluída
4426,2025-07-15,3,4,380,111,3,9400.89,0.0,9400.89,4838.28,Concluída
4427,2025-08-23,2,1,143,104,1,2804.45,0.0,2804.45,1695.62,Concluída
4428,2025-08-29,1,13,126,109,1,438.81,21.94,416.87,291.96,Concluída
4429,2025-06-26,5,12,482,114,1,440.95,22.05,418.9,271.23,Cancelada
4430,2025-03-24,5,10,916,109,1,438.81,43.88,394.93,291.96,Concluída
4431,2025-12-14,5,11,134,110,1,153.35,15.34,138.01,76.82,Concluída
4432,2025-07-17,3,6,294,105,1,1347.1,67.36,1279.74,858.02,Concluída
4433,2025-05-23,1,13,714,104,2,5608.9,0.0,5608.9,3391.24,Concluída
4434,2025-05-03,3,4,847,109,1,438.81,21.94,416.87,291.96,Concluída
4435,2025-08-28,4,9,52,115,1,517.13,0.0,517.13,291.44,Cancelada
4436,2025-05-12,2,3,650,103,2,415.48,20.77,394.71,266.48,Concluída
4437,2025-12-05,4,8,2,109,1,438.81,0.0,438.81,291.96,Concluída
4438,2025-10-13,1,13,812,102,2,8087.66,0.0,8087.66,3783.66,Concluída
4439,2025-11-14,4,9,228,104,3,8413.35,420.67,7992.68,5086.86,Concluída
4440,2025-03-10,1,13,964,110,1,153.35,0.0,153.35,76.82,Concluída
4441,2025-09-10,2,1,467,108,1,424.26,0.0,424.26,191.74,Concluída
4442,2025-03-26,5,12,824,109,1,438.81,0.0,438.81,291.96,Concluída
4443,2025-05-25,2,2,36,104,2,5608.9,0.0,5608.9,3391.24,Concluída
4444,2025-07-22,3,6,501,109,2,877.62,87.76,789.86,583.92,Concluída
4445,2025-01-09,4,9,293,108,1,424.26,21.21,403.05,191.74,Concluída
4446,2025-10-28,4,7,378,111,1,3133.63,0.0,3133.63,1612.76,Concluída
4447,2025-09-01,1,13,591,112,4,10517.04,525.85,9991.19,5598.2,Concluída
4448,2025-04-01,2,1,134,111,2,6267.26,0.0,6267.26,3225.52,Devolvida
4449,2025-06-12,1,13,873,107,2,286.06,14.3,271.76,179.26,Concluída
4450,2025-05-29,2,2,661,108,1,424.26,21.21,403.05,191.74,Concluída
4451,2025-10-19,2,2,221,112,1,2629.26,262.93,2366.33,1399.55,Concluída
4452,2025-10-21,1,13,799,111,1,3133.63,156.68,2976.95,1612.76,Concluída
4453,2025-02-03,1,13,767,108,1,424.26,63.64,360.62,191.74,Concluída
4454,2025-11-19,1,13,472,104,1,2804.45,0.0,2804.45,1695.62,Concluída
4455,2025-12-12,1,13,905,114,1,440.95,22.05,418.9,271.23,Concluída
4456,2025-11-15,4,9,476,110,1,153.35,0.0,153.35,76.82,Concluída
4457,2025-03-20,4,7,21,101,1,3176.69,0.0,3176.69,2004.75,Concluída
4458,2025-01-16,1,13,183,109,2,877.62,43.88,833.74,583.92,Concluída
4459,2025-07-22,1,13,330,108,1,424.26,0.0,424.26,191.74,Concluída
4460,2025-10-26,4,7,579,112,1,2629.26,0.0,2629.26,1399.55,Concluída
4461,2025-12-10,5,10,680,109,1,438.81,21.94,416.87,291.96,Concluída
4462,2025-06-30,2,2,922,103,1,207.74,10.39,197.35,133.24,Concluída
4463,2025-12-11,5,11,898,112,2,5258.52,788.78,4469.74,2799.1,Concluída
4464,2025-12-27,3,6,305,114,1,440.95,44.09,396.86,271.23,Cancelada
4465,2025-06-26,1,13,601,108,1,424.26,0.0,424.26,191.74,Concluída
4466,2025-04-22,4,8,211,113,3,1934.94,0.0,1934.94,1143.72,Cancelada
4467,2025-08-26,1,13,697,108,1,424.26,0.0,424.26,191.74,Cancelada
4468,2025-03-08,1,13,545,114,1,440.95,0.0,440.95,271.23,Concluída
4469,2025-01-05,1,13,614,102,1,4043.83,0.0,4043.83,1891.83,Concluída
4470,2025-11-19,5,12,187,114,1,440.95,66.14,374.81,271.23,Concluída
4471,2025-12-05,5,12,37,108,2,848.52,127.28,721.24,383.48,Concluída
4472,2025-12-29,5,12,782,108,2,848.52,0.0,848.52,383.48,Concluída
4473,2025-02-16,2,1,297,113,1,644.98,0.0,644.98,381.24,Concluída
4474,2025-05-06,4,9,52,104,1,2804.45,140.22,2664.23,1695.62,Concluída
4475,2025-10-21,1,13,905,106,1,137.92,0.0,137.92,73.42,Concluída
4476,2025-07-14,2,2,747,101,1,3176.69,0.0,3176.69,2004.75,Concluída
4477,2025-01-29,3,4,536,112,1,2629.26,0.0,2629.26,1399.55,Concluída
4478,2025-07-17,1,13,768,111,4,12534.52,0.0,12534.52,6451.04,Concluída
4479,2025-02-15,1,13,673,107,2,286.06,0.0,286.06,179.26,Concluída
4480,2025-07-22,1,13,342,107,2,286.06,0.0,286.06,179.26,Concluída
4481,2025-01-20,3,4,645,110,2,306.7,0.0,306.7,153.64,Devolvida
4482,2025-04-22,5,10,668,107,1,143.03,0.0,143.03,89.63,Cancelada
4483,2025-01-28,1,13,399,105,1,1347.1,0.0,1347.1,858.02,Concluída
4484,2025-12-31,4,7,893,105,2,2694.2,0.0,2694.2,1716.04,Concluída
4485,2025-12-01,1,13,895,115,2,1034.26,0.0,1034.26,582.88,Concluída
4486,2025-12-10,3,6,426,106,3,413.76,0.0,413.76,220.26,Concluída
4487,2025-03-25,4,9,325,110,2,306.7,0.0,306.7,153.64,Concluída
4488,2025-12-23,1,13,306,109,1,438.81,21.94,416.87,291.96,Concluída
4489,2025-02-15,5,12,602,115,2,1034.26,0.0,1034.26,582.88,Concluída
4490,2025-02-19,1,13,998,114,3,1322.85,0.0,1322.85,813.69,Concluída
4491,2025-10-21,1,13,218,103,1,207.74,0.0,207.74,133.24,Concluída
4492,2025-05-15,2,1,66,104,1,2804.45,0.0,2804.45,1695.62,Concluída
4493,2025-02-08,1,13,86,112,1,2629.26,0.0,2629.26,1399.55,Concluída
4494,2025-05-17,1,13,65,112,1,2629.26,131.46,2497.8,1399.55,Concluída
4495,2025-08-31,2,2,345,109,2,877.62,0.0,877.62,583.92,Concluída
4496,2025-07-05,5,12,560,106,1,137.92,6.9,131.02,73.42,Concluída
4497,2025-08-12,1,13,787,103,1,207.74,20.77,186.97,133.24,Concluída
4498,2025-04-25,4,8,974,103,1,207.74,0.0,207.74,133.24,Concluída
4499,2025-02-23,1,13,360,113,3,1934.94,0.0,1934.94,1143.72,Concluída
4500,2025-03-22,2,3,318,114,2,881.9,0.0,881.9,542.46,Concluída
4501,2025-07-04,1,13,701,103,3,623.22,0.0,623.22,399.72,Concluída
4502,2025-03-04,5,11,744,111,1,3133.63,0.0,3133.63,1612.76,Cancelada
4503,2025-09-03,1,13,839,115,3,1551.39,77.57,1473.82,874.32,Concluída
4504,2025-06-23,2,3,13,106,1,137.92,0.0,137.92,73.42,Concluída
4505,2025-11-25,2,3,844,107,1,143.03,0.0,143.03,89.63,Devolvida
4506,2025-05-10,2,1,603,104,1,2804.45,140.22,2664.23,1695.62,Concluída
4507,2025-08-07,1,13,805,111,1,3133.63,156.68,2976.95,1612.76,Concluída
4508,2025-04-23,1,13,454,105,2,2694.2,0.0,2694.2,1716.04,Concluída
4509,2025-09-03,2,1,160,113,3,1934.94,96.75,1838.19,1143.72,Cancelada
4510,2025-03-29,2,3,948,102,1,4043.83,0.0,4043.83,1891.83,Concluída
4511,2025-04-16,2,3,511,104,1,2804.45,0.0,2804.45,1695.62,Concluída
4512,2025-03-26,1,13,9,106,3,413.76,0.0,413.76,220.26,Concluída
4513,2025-08-02,1,13,886,115,2,1034.26,0.0,1034.26,582.88,Concluída
4514,2025-05-19,1,13,462,104,4,11217.8,0.0,11217.8,6782.48,Concluída
4515,2025-09-30,4,8,595,102,2,8087.66,0.0,8087.66,3783.66,Concluída
4516,2025-09-06,5,10,399,107,1,143.03,0.0,143.03,89.63,Concluída
4517,2025-09-27,1,13,826,105,1,1347.1,0.0,1347.1,858.02,Concluída
4518,2025-12-02,4,8,120,104,1,2804.45,0.0,2804.45,1695.62,Concluída
4519,2025-05-15,1,13,67,115,1,517.13,25.86,491.27,291.44,Concluída
4520,2025-06-23,2,2,489,108,1,424.26,0.0,424.26,191.74,Concluída
4521,2025-03-14,1,13,528,108,1,424.26,0.0,424.26,191.74,Concluída
4522,2025-11-14,1,13,341,106,1,137.92,13.79,124.13,73.42,Concluída
4523,2025-04-24,1,13,834,110,1,153.35,7.67,145.68,76.82,Cancelada
4524,2025-06-15,3,5,294,106,2,275.84,0.0,275.84,146.84,Concluída
4525,2025-10-09,1,13,331,112,1,2629.26,0.0,2629.26,1399.55,Concluída
4526,2025-04-05,1,13,881,111,2,6267.26,0.0,6267.26,3225.52,Devolvida
4527,2025-04-07,3,4,961,115,3,1551.39,77.57,1473.82,874.32,Concluída
4528,2025-06-22,1,13,899,113,1,644.98,32.25,612.73,381.24,Concluída
4529,2025-08-30,1,13,585,107,5,715.15,0.0,715.15,448.15,Concluída
4530,2025-12-27,1,13,939,101,1,3176.69,0.0,3176.69,2004.75,Concluída
4531,2025-06-16,3,6,668,114,1,440.95,22.05,418.9,271.23,Concluída
4532,2025-04-08,2,2,254,101,1,3176.69,0.0,3176.69,2004.75,Concluída
4533,2025-11-25,4,9,254,114,1,440.95,0.0,440.95,271.23,Concluída
4534,2025-09-13,3,5,516,113,1,644.98,0.0,644.98,381.24,Concluída
4535,2025-01-29,3,5,285,106,2,275.84,0.0,275.84,146.84,Concluída
4536,2025-07-24,1,13,703,102,1,4043.83,0.0,4043.83,1891.83,Concluída
4537,2025-04-04,3,4,415,106,1,137.92,0.0,137.92,73.42,Concluída
4538,2025-07-17,1,13,637,105,2,2694.2,134.71,2559.49,1716.04,Concluída
4539,2025-03-03,1,13,328,104,1,2804.45,140.22,2664.23,1695.62,Cancelada
4540,2025-08-15,1,13,567,102,2,8087.66,0.0,8087.66,3783.66,Concluída
4541,2025-10-11,2,1,519,111,1,3133.63,0.0,3133.63,1612.76,Concluída
4542,2025-06-11,4,9,564,113,1,644.98,0.0,644.98,381.24,Concluída
4543,2025-11-13,3,4,448,109,1,438.81,0.0,438.81,291.96,Concluída
4544,2025-08-21,4,7,358,102,2,8087.66,808.77,7278.89,3783.66,Concluída
4545,2025-08-01,2,1,799,103,1,207.74,0.0,207.74,133.24,Concluída
4546,2025-10-11,2,1,848,115,1,517.13,51.71,465.42,291.44,Concluída
4547,2025-06-20,1,13,115,105,4,5388.4,269.42,5118.98,3432.08,Concluída
4548,2025-02-13,1,13,491,104,1,2804.45,280.44,2524.01,1695.62,Concluída
4549,2025-10-17,1,13,544,104,1,2804.45,0.0,2804.45,1695.62,Concluída
4550,2025-09-14,1,13,798,115,2,1034.26,103.43,930.83,582.88,Concluída
4551,2025-03-24,1,13,436,106,2,275.84,0.0,275.84,146.84,Concluída
4552,2025-09-04,1,13,578,106,1,137.92,0.0,137.92,73.42,Cancelada
4553,2025-06-17,1,13,327,112,2,5258.52,262.93,4995.59,2799.1,Concluída
4554,2025-12-04,1,13,301,101,1,3176.69,158.83,3017.86,2004.75,Concluída
4555,2025-09-30,3,6,515,109,1,438.81,0.0,438.81,291.96,Cancelada
4556,2025-06-16,2,1,217,106,1,137.92,0.0,137.92,73.42,Concluída
4557,2025-08-30,3,4,540,101,1,3176.69,317.67,2859.02,2004.75,Concluída
4558,2025-05-27,1,13,809,108,2,848.52,84.85,763.67,383.48,Concluída
4559,2025-05-06,1,13,15,109,2,877.62,0.0,877.62,583.92,Concluída
4560,2025-02-28,1,13,645,107,4,572.12,0.0,572.12,358.52,Concluída
4561,2025-01-09,3,5,680,111,1,3133.63,0.0,3133.63,1612.76,Concluída
4562,2025-06-09,1,13,35,111,1,3133.63,0.0,3133.63,1612.76,Concluída
4563,2025-01-12,2,3,638,111,1,3133.63,156.68,2976.95,1612.76,Concluída
4564,2025-06-07,3,5,448,111,1,3133.63,156.68,2976.95,1612.76,Cancelada
4565,2025-09-17,5,12,231,113,2,1289.96,0.0,1289.96,762.48,Concluída
4566,2025-05-30,2,1,312,106,1,137.92,0.0,137.92,73.42,Concluída
4567,2025-09-06,1,13,242,106,1,137.92,6.9,131.02,73.42,Concluída
4568,2025-11-26,3,5,279,111,2,6267.26,313.36,5953.9,3225.52,Concluída
4569,2025-12-30,2,3,254,111,2,6267.26,313.36,5953.9,3225.52,Concluída
4570,2025-05-14,1,13,280,112,4,10517.04,1051.7,9465.34,5598.2,Concluída
4571,2025-10-06,4,8,508,111,1,3133.63,0.0,3133.63,1612.76,Concluída
4572,2025-12-18,2,1,757,108,1,424.26,0.0,424.26,191.74,Cancelada
4573,2025-04-18,1,13,976,110,1,153.35,0.0,153.35,76.82,Concluída
4574,2025-07-28,5,12,106,104,3,8413.35,0.0,8413.35,5086.86,Concluída
4575,2025-05-31,1,13,696,103,1,207.74,0.0,207.74,133.24,Concluída
4576,2025-05-10,1,13,395,103,1,207.74,0.0,207.74,133.24,Concluída
4577,2025-06-28,1,13,131,108,1,424.26,0.0,424.26,191.74,Concluída
4578,2025-03-24,4,9,364,115,1,517.13,25.86,491.27,291.44,Concluída
4579,2025-06-08,2,2,39,109,1,438.81,0.0,438.81,291.96,Concluída
4580,2025-08-20,1,13,668,104,1,2804.45,0.0,2804.45,1695.62,Concluída
4581,2025-08-06,1,13,177,107,3,429.09,21.45,407.64,268.89,Concluída
4582,2025-05-10,2,2,341,101,2,6353.38,0.0,6353.38,4009.5,Concluída
4583,2025-04-05,2,2,992,106,2,275.84,0.0,275.84,146.84,Concluída
4584,2025-11-03,5,11,757,110,1,153.35,23.0,130.35,76.82,Concluída
4585,2025-12-04,3,6,818,115,1,517.13,0.0,517.13,291.44,Concluída
4586,2025-08-26,2,2,610,109,1,438.81,0.0,438.81,291.96,Concluída
4587,2025-04-07,4,7,455,104,1,2804.45,280.44,2524.01,1695.62,Concluída
4588,2025-06-09,5,11,687,107,1,143.03,7.15,135.88,89.63,Concluída
4589,2025-12-13,1,13,268,114,2,881.9,0.0,881.9,542.46,Concluída
4590,2025-08-11,3,4,361,104,1,2804.45,0.0,2804.45,1695.62,Concluída
4591,2025-02-14,2,1,837,107,2,286.06,14.3,271.76,179.26,Concluída
4592,2025-05-11,5,12,369,106,1,137.92,0.0,137.92,73.42,Concluída
4593,2025-05-20,5,12,371,113,1,644.98,0.0,644.98,381.24,Concluída
4594,2025-07-25,5,12,654,101,1,3176.69,0.0,3176.69,2004.75,Concluída
4595,2025-03-30,3,5,161,108,1,424.26,0.0,424.26,191.74,Concluída
4596,2025-01-17,3,4,673,110,1,153.35,0.0,153.35,76.82,Concluída
4597,2025-05-08,1,13,163,108,1,424.26,0.0,424.26,191.74,Concluída
4598,2025-08-18,2,3,440,108,1,424.26,42.43,381.83,191.74,Concluída
4599,2025-09-17,4,7,595,111,2,6267.26,313.36,5953.9,3225.52,Concluída
4600,2025-08-17,3,5,771,105,1,1347.1,0.0,1347.1,858.02,Concluída
4601,2025-05-18,3,4,807,102,1,4043.83,0.0,4043.83,1891.83,Concluída
4602,2025-09-11,1,13,419,109,1,438.81,21.94,416.87,291.96,Devolvida
4603,2025-01-03,5,11,236,107,2,286.06,28.61,257.45,179.26,Concluída
4604,2025-04-18,4,7,196,102,1,4043.83,404.38,3639.45,1891.83,Concluída
4605,2025-04-16,4,8,461,110,1,153.35,0.0,153.35,76.82,Concluída
4606,2025-04-17,2,3,227,104,1,2804.45,140.22,2664.23,1695.62,Concluída
4607,2025-12-07,5,12,99,109,1,438.81,0.0,438.81,291.96,Concluída
4608,2025-01-06,1,13,139,109,1,438.81,0.0,438.81,291.96,Concluída
4609,2025-09-14,2,3,756,115,2,1034.26,103.43,930.83,582.88,Cancelada
4610,2025-02-06,1,13,794,115,2,1034.26,0.0,1034.26,582.88,Concluída
4611,2025-02-18,1,13,267,113,1,644.98,0.0,644.98,381.24,Concluída
4612,2025-01-12,3,5,13,109,1,438.81,0.0,438.81,291.96,Concluída
4613,2025-06-30,1,13,39,103,1,207.74,31.16,176.58,133.24,Concluída
4614,2025-03-15,1,13,566,111,2,6267.26,0.0,6267.26,3225.52,Cancelada
4615,2025-06-22,1,13,890,115,1,517.13,0.0,517.13,291.44,Cancelada
4616,2025-05-06,1,13,129,102,1,4043.83,0.0,4043.83,1891.83,Concluída
4617,2025-09-03,4,9,509,115,2,1034.26,0.0,1034.26,582.88,Concluída
4618,2025-09-26,1,13,658,106,1,137.92,20.69,117.23,73.42,Concluída
4619,2025-08-03,5,10,547,104,1,2804.45,0.0,2804.45,1695.62,Concluída
4620,2025-12-11,5,10,298,101,1,3176.69,0.0,3176.69,2004.75,Devolvida
4621,2025-01-28,2,2,85,115,1,517.13,0.0,517.13,291.44,Concluída
4622,2025-11-13,1,13,27,115,1,517.13,25.86,491.27,291.44,Concluída
4623,2025-07-20,1,13,494,101,2,6353.38,953.01,5400.37,4009.5,Cancelada
4624,2025-09-10,1,13,915,111,1,3133.63,0.0,3133.63,1612.76,Concluída
4625,2025-09-29,3,4,237,103,1,207.74,0.0,207.74,133.24,Concluída
4626,2025-03-31,1,13,178,103,1,207.74,10.39,197.35,133.24,Concluída
4627,2025-06-17,1,13,304,110,2,306.7,15.34,291.36,153.64,Concluída
4628,2025-06-01,2,2,299,104,2,5608.9,0.0,5608.9,3391.24,Concluída
4629,2025-06-09,1,13,466,109,1,438.81,0.0,438.81,291.96,Concluída
4630,2025-10-21,1,13,772,107,1,143.03,0.0,143.03,89.63,Concluída
4631,2025-09-25,1,13,369,111,2,6267.26,0.0,6267.26,3225.52,Concluída
4632,2025-06-22,2,3,505,106,1,137.92,13.79,124.13,73.42,Concluída
4633,2025-08-26,5,12,596,101,2,6353.38,0.0,6353.38,4009.5,Concluída
4634,2025-02-18,3,4,813,104,2,5608.9,841.33,4767.57,3391.24,Concluída
4635,2025-01-02,1,13,243,102,2,8087.66,0.0,8087.66,3783.66,Concluída
4636,2025-08-04,1,13,50,102,1,4043.83,0.0,4043.83,1891.83,Concluída
4637,2025-12-13,1,13,335,103,1,207.74,20.77,186.97,133.24,Concluída
4638,2025-03-31,4,8,56,111,1,3133.63,0.0,3133.63,1612.76,Concluída
4639,2025-05-22,1,13,409,114,3,1322.85,0.0,1322.85,813.69,Concluída
4640,2025-05-30,1,13,195,102,1,4043.83,0.0,4043.83,1891.83,Concluída
4641,2025-03-03,3,6,303,106,1,137.92,6.9,131.02,73.42,Concluída
4642,2025-02-26,3,6,587,106,1,137.92,0.0,137.92,73.42,Cancelada
4643,2025-01-06,1,13,423,113,1,644.98,32.25,612.73,381.24,Concluída
4644,2025-03-22,4,7,374,110,1,153.35,0.0,153.35,76.82,Concluída
4645,2025-07-05,1,13,246,111,3,9400.89,0.0,9400.89,4838.28,Concluída
4646,2025-09-27,4,8,491,102,1,4043.83,0.0,4043.83,1891.83,Concluída
4647,2025-01-12,1,13,991,104,1,2804.45,0.0,2804.45,1695.62,Concluída
4648,2025-02-11,3,6,45,106,1,137.92,0.0,137.92,73.42,Concluída
4649,2025-03-07,3,6,640,115,2,1034.26,51.71,982.55,582.88,Concluída
4650,2025-12-13,4,7,404,102,1,4043.83,0.0,4043.83,1891.83,Cancelada
4651,2025-11-16,3,6,610,113,2,1289.96,0.0,1289.96,762.48,Concluída
4652,2025-05-08,1,13,325,114,4,1763.8,0.0,1763.8,1084.92,Concluída
4653,2025-05-15,1,13,719,113,1,644.98,96.75,548.23,381.24,Concluída
4654,2025-08-02,2,1,938,111,3,9400.89,0.0,9400.89,4838.28,Cancelada
4655,2025-08-29,5,12,271,102,1,4043.83,404.38,3639.45,1891.83,Concluída
4656,2025-07-25,3,5,927,106,2,275.84,0.0,275.84,146.84,Concluída
4657,2025-01-03,1,13,915,102,2,8087.66,404.38,7683.28,3783.66,Cancelada
4658,2025-07-26,5,10,473,101,1,3176.69,0.0,3176.69,2004.75,Concluída
4659,2025-02-28,1,13,463,104,1,2804.45,280.44,2524.01,1695.62,Concluída
4660,2025-09-25,3,6,90,108,1,424.26,42.43,381.83,191.74,Devolvida
4661,2025-08-29,3,5,978,114,1,440.95,0.0,440.95,271.23,Concluída
4662,2025-02-02,3,6,953,112,3,7887.78,0.0,7887.78,4198.65,Concluída
4663,2025-07-24,3,6,916,114,1,440.95,22.05,418.9,271.23,Concluída
4664,2025-05-29,1,13,891,105,1,1347.1,67.36,1279.74,858.02,Concluída
4665,2025-12-05,3,4,857,102,1,4043.83,606.57,3437.26,1891.83,Concluída
4666,2025-05-30,3,5,148,105,3,4041.3,0.0,4041.3,2574.06,Concluída
4667,2025-02-01,3,5,130,112,1,2629.26,0.0,2629.26,1399.55,Cancelada
4668,2025-05-14,2,1,531,113,3,1934.94,0.0,1934.94,1143.72,Concluída
4669,2025-11-18,3,6,153,104,1,2804.45,140.22,2664.23,1695.62,Concluída
4670,2025-03-17,1,13,294,107,1,143.03,0.0,143.03,89.63,Cancelada
4671,2025-02-20,5,11,595,113,1,644.98,0.0,644.98,381.24,Concluída
4672,2025-11-27,4,7,99,112,3,7887.78,0.0,7887.78,4198.65,Devolvida
4673,2025-12-01,1,13,658,111,1,3133.63,0.0,3133.63,1612.76,Concluída
4674,2025-05-04,3,6,13,108,1,424.26,21.21,403.05,191.74,Concluída
4675,2025-09-05,2,3,856,111,2,6267.26,0.0,6267.26,3225.52,Concluída
4676,2025-02-27,2,3,233,101,1,3176.69,158.83,3017.86,2004.75,Concluída
4677,2025-05-23,3,5,314,114,1,440.95,0.0,440.95,271.23,Concluída
4678,2025-07-10,5,12,878,110,1,153.35,0.0,153.35,76.82,Concluída
4679,2025-01-18,1,13,515,113,1,644.98,32.25,612.73,381.24,Concluída
4680,2025-05-04,1,13,817,114,1,440.95,0.0,440.95,271.23,Concluída
4681,2025-10-16,1,13,85,115,2,1034.26,0.0,1034.26,582.88,Concluída
4682,2025-10-13,2,2,276,111,1,3133.63,0.0,3133.63,1612.76,Concluída
4683,2025-01-11,1,13,34,110,1,153.35,15.34,138.01,76.82,Concluída
4684,2025-02-04,2,2,748,103,1,207.74,0.0,207.74,133.24,Concluída
4685,2025-04-16,4,9,621,111,3,9400.89,0.0,9400.89,4838.28,Concluída
4686,2025-11-22,1,13,883,105,1,1347.1,67.36,1279.74,858.02,Concluída
4687,2025-11-22,4,8,182,112,1,2629.26,0.0,2629.26,1399.55,Cancelada
4688,2025-01-14,2,3,754,112,2,5258.52,0.0,5258.52,2799.1,Concluída
4689,2025-02-15,4,7,984,111,2,6267.26,0.0,6267.26,3225.52,Concluída
4690,2025-11-05,1,13,798,114,3,1322.85,0.0,1322.85,813.69,Cancelada
4691,2025-04-05,1,13,511,103,1,207.74,10.39,197.35,133.24,Concluída
4692,2025-04-20,2,2,966,113,3,1934.94,0.0,1934.94,1143.72,Concluída
4693,2025-08-24,3,5,95,104,1,2804.45,0.0,2804.45,1695.62,Concluída
4694,2025-09-11,1,13,324,111,1,3133.63,156.68,2976.95,1612.76,Concluída
4695,2025-04-03,5,10,693,115,1,517.13,0.0,517.13,291.44,Concluída
4696,2025-04-05,1,13,918,108,1,424.26,0.0,424.26,191.74,Concluída
4697,2025-02-03,3,6,295,103,1,207.74,31.16,176.58,133.24,Concluída
4698,2025-10-18,1,13,232,114,3,1322.85,66.14,1256.71,813.69,Concluída
4699,2025-10-22,1,13,507,110,2,306.7,15.34,291.36,153.64,Concluída
4700,2025-06-01,3,4,501,104,1,2804.45,0.0,2804.45,1695.62,Concluída
4701,2025-09-24,3,4,433,111,2,6267.26,0.0,6267.26,3225.52,Concluída
4702,2025-02-13,1,13,105,111,3,9400.89,0.0,9400.89,4838.28,Concluída
4703,2025-01-26,1,13,337,104,1,2804.45,140.22,2664.23,1695.62,Concluída
4704,2025-05-14,2,3,286,109,2,877.62,43.88,833.74,583.92,Concluída
4705,2025-02-23,1,13,843,112,1,2629.26,0.0,2629.26,1399.55,Concluída
4706,2025-01-18,2,1,537,113,1,644.98,32.25,612.73,381.24,Concluída
4707,2025-01-31,5,12,590,105,1,1347.1,67.36,1279.74,858.02,Concluída
4708,2025-09-03,1,13,576,115,1,517.13,0.0,517.13,291.44,Concluída
4709,2025-03-28,1,13,435,114,3,1322.85,0.0,1322.85,813.69,Concluída
4710,2025-11-29,1,13,633,113,1,644.98,0.0,644.98,381.24,Concluída
4711,2025-11-16,1,13,863,109,1,438.81,21.94,416.87,291.96,Concluída
4712,2025-05-07,2,1,455,111,1,3133.63,156.68,2976.95,1612.76,Concluída
4713,2025-04-29,2,1,229,113,1,644.98,0.0,644.98,381.24,Concluída
4714,2025-05-17,1,13,863,106,1,137.92,0.0,137.92,73.42,Concluída
4715,2025-01-08,1,13,941,106,1,137.92,13.79,124.13,73.42,Concluída
4716,2025-04-15,5,12,741,102,2,8087.66,404.38,7683.28,3783.66,Concluída
4717,2025-10-12,4,9,668,112,1,2629.26,394.39,2234.87,1399.55,Concluída
4718,2025-03-11,3,6,288,108,1,424.26,63.64,360.62,191.74,Concluída
4719,2025-06-24,2,3,363,104,1,2804.45,420.67,2383.78,1695.62,Concluída
4720,2025-05-31,1,13,222,112,1,2629.26,131.46,2497.8,1399.55,Concluída
4721,2025-08-02,3,5,63,111,3,9400.89,470.04,8930.85,4838.28,Concluída
4722,2025-04-30,1,13,736,107,2,286.06,42.91,243.15,179.26,Devolvida
4723,2025-10-30,1,13,27,110,1,153.35,0.0,153.35,76.82,Concluída
4724,2025-04-08,1,13,236,108,1,424.26,0.0,424.26,191.74,Concluída
4725,2025-04-21,2,3,668,104,1,2804.45,0.0,2804.45,1695.62,Concluída
4726,2025-03-12,4,7,294,115,1,517.13,0.0,517.13,291.44,Concluída
4727,2025-02-19,1,13,460,112,1,2629.26,0.0,2629.26,1399.55,Concluída
4728,2025-09-02,1,13,901,113,3,1934.94,0.0,1934.94,1143.72,Concluída
4729,2025-06-18,4,9,677,110,1,153.35,7.67,145.68,76.82,Concluída
4730,2025-08-14,3,4,133,101,2,6353.38,953.01,5400.37,4009.5,Cancelada
4731,2025-01-18,3,5,562,114,2,881.9,0.0,881.9,542.46,Concluída
4732,2025-06-10,3,6,329,101,3,9530.07,0.0,9530.07,6014.25,Concluída
4733,2025-08-01,2,3,270,105,1,1347.1,0.0,1347.1,858.02,Concluída
4734,2025-12-23,3,4,845,112,1,2629.26,0.0,2629.26,1399.55,Concluída
4735,2025-06-11,1,13,926,102,4,16175.32,1617.53,14557.79,7567.32,Cancelada
4736,2025-12-07,1,13,817,105,1,1347.1,67.36,1279.74,858.02,Concluída
4737,2025-07-21,3,5,616,112,1,2629.26,0.0,2629.26,1399.55,Cancelada
4738,2025-01-13,1,13,885,111,1,3133.63,313.36,2820.27,1612.76,Concluída
4739,2025-11-19,2,2,646,108,1,424.26,0.0,424.26,191.74,Concluída
4740,2025-05-20,5,11,317,109,1,438.81,65.82,372.99,291.96,Concluída
4741,2025-05-31,1,13,731,107,1,143.03,0.0,143.03,89.63,Concluída
4742,2025-07-17,2,1,303,112,4,10517.04,525.85,9991.19,5598.2,Concluída
4743,2025-07-04,2,2,917,109,1,438.81,0.0,438.81,291.96,Concluída
4744,2025-08-06,1,13,433,101,1,3176.69,0.0,3176.69,2004.75,Concluída
4745,2025-08-29,3,6,82,102,5,20219.15,0.0,20219.15,9459.15,Concluída
4746,2025-02-24,4,8,362,103,2,415.48,0.0,415.48,266.48,Concluída
4747,2025-03-02,1,13,617,101,1,3176.69,0.0,3176.69,2004.75,Cancelada
4748,2025-08-13,4,7,795,108,1,424.26,0.0,424.26,191.74,Concluída
4749,2025-09-04,5,11,878,113,4,2579.92,129.0,2450.92,1524.96,Concluída
4750,2025-02-21,3,6,986,115,1,517.13,25.86,491.27,291.44,Concluída
4751,2025-03-04,3,5,484,101,1,3176.69,0.0,3176.69,2004.75,Concluída
4752,2025-07-31,2,2,285,107,1,143.03,0.0,143.03,89.63,Concluída
4753,2025-11-26,2,1,258,111,1,3133.63,313.36,2820.27,1612.76,Concluída
4754,2025-04-05,2,1,888,102,3,12131.49,606.57,11524.92,5675.49,Concluída
4755,2025-11-20,1,13,786,108,3,1272.78,0.0,1272.78,575.22,Concluída
4756,2025-10-24,2,3,333,110,1,153.35,15.34,138.01,76.82,Cancelada
4757,2025-06-03,5,12,314,101,3,9530.07,0.0,9530.07,6014.25,Concluída
4758,2025-06-23,4,9,262,115,1,517.13,51.71,465.42,291.44,Concluída
4759,2025-03-21,3,5,574,112,2,5258.52,0.0,5258.52,2799.1,Concluída
4760,2025-11-26,5,10,490,107,2,286.06,14.3,271.76,179.26,Concluída
4761,2025-05-11,4,8,948,104,1,2804.45,0.0,2804.45,1695.62,Concluída
4762,2025-03-17,1,13,876,109,1,438.81,0.0,438.81,291.96,Concluída
4763,2025-10-20,2,2,446,113,1,644.98,0.0,644.98,381.24,Cancelada
4764,2025-01-30,3,4,603,102,2,8087.66,808.77,7278.89,3783.66,Concluída
4765,2025-05-10,1,13,116,108,1,424.26,0.0,424.26,191.74,Concluída
4766,2025-01-08,2,2,431,113,3,1934.94,0.0,1934.94,1143.72,Concluída
4767,2025-11-18,1,13,752,113,1,644.98,64.5,580.48,381.24,Concluída
4768,2025-12-10,4,8,497,101,2,6353.38,635.34,5718.04,4009.5,Concluída
4769,2025-09-02,5,10,279,101,1,3176.69,0.0,3176.69,2004.75,Concluída
4770,2025-01-29,1,13,975,112,1,2629.26,0.0,2629.26,1399.55,Concluída
4771,2025-05-25,1,13,37,111,2,6267.26,0.0,6267.26,3225.52,Concluída
4772,2025-10-03,1,13,136,106,1,137.92,0.0,137.92,73.42,Concluída
4773,2025-05-17,5,12,276,106,1,137.92,0.0,137.92,73.42,Concluída
4774,2025-08-31,1,13,216,104,2,5608.9,280.44,5328.46,3391.24,Devolvida
4775,2025-01-02,3,5,28,110,3,460.05,69.01,391.04,230.46,Concluída
4776,2025-12-18,2,2,951,112,1,2629.26,0.0,2629.26,1399.55,Concluída
4777,2025-03-15,2,3,335,111,1,3133.63,0.0,3133.63,1612.76,Concluída
4778,2025-10-12,3,5,862,114,1,440.95,44.09,396.86,271.23,Devolvida
4779,2025-07-26,1,13,948,107,2,286.06,0.0,286.06,179.26,Concluída
4780,2025-04-06,4,8,698,115,1,517.13,0.0,517.13,291.44,Concluída
4781,2025-11-04,5,11,202,112,1,2629.26,0.0,2629.26,1399.55,Concluída
4782,2025-07-23,4,8,364,104,1,2804.45,280.44,2524.01,1695.62,Concluída
4783,2025-09-27,1,13,503,102,1,4043.83,0.0,4043.83,1891.83,Devolvida
4784,2025-10-28,1,13,968,111,1,3133.63,0.0,3133.63,1612.76,Concluída
4785,2025-12-18,2,1,352,110,1,153.35,0.0,153.35,76.82,Concluída
4786,2025-02-07,1,13,543,101,1,3176.69,0.0,3176.69,2004.75,Concluída
4787,2025-09-02,3,4,537,102,1,4043.83,202.19,3841.64,1891.83,Concluída
4788,2025-10-24,1,13,970,113,1,644.98,0.0,644.98,381.24,Concluída
4789,2025-08-10,2,3,180,113,2,1289.96,0.0,1289.96,762.48,Concluída
4790,2025-01-02,1,13,689,110,2,306.7,30.67,276.03,153.64,Concluída
4791,2025-03-02,3,4,587,114,1,440.95,44.09,396.86,271.23,Concluída
4792,2025-02-04,5,12,160,109,1,438.81,0.0,438.81,291.96,Concluída
4793,2025-08-11,5,12,358,102,4,16175.32,808.77,15366.55,7567.32,Concluída
4794,2025-04-07,4,9,834,115,2,1034.26,0.0,1034.26,582.88,Concluída
4795,2025-07-17,5,12,444,111,1,3133.63,0.0,3133.63,1612.76,Concluída
4796,2025-05-29,4,9,692,104,2,5608.9,0.0,5608.9,3391.24,Concluída
4797,2025-05-27,5,12,513,105,1,1347.1,0.0,1347.1,858.02,Concluída
4798,2025-06-06,3,6,797,106,1,137.92,0.0,137.92,73.42,Concluída
4799,2025-04-02,4,8,810,103,2,415.48,0.0,415.48,266.48,Concluída
4800,2025-04-15,4,8,163,106,1,137.92,6.9,131.02,73.42,Concluída
4801,2025-03-22,2,3,621,103,1,207.74,10.39,197.35,133.24,Concluída
4802,2025-12-12,4,9,252,112,1,2629.26,0.0,2629.26,1399.55,Concluída
4803,2025-08-25,4,8,604,115,1,517.13,0.0,517.13,291.44,Concluída
4804,2025-10-19,4,9,82,113,1,644.98,0.0,644.98,381.24,Concluída
4805,2025-03-26,2,2,264,108,2,848.52,0.0,848.52,383.48,Concluída
4806,2025-01-27,1,13,389,112,3,7887.78,394.39,7493.39,4198.65,Concluída
4807,2025-11-14,5,11,322,103,2,415.48,0.0,415.48,266.48,Concluída
4808,2025-09-06,1,13,145,101,1,3176.69,0.0,3176.69,2004.75,Concluída
4809,2025-01-05,2,1,581,102,1,4043.83,202.19,3841.64,1891.83,Concluída
4810,2025-12-19,1,13,949,103,1,207.74,0.0,207.74,133.24,Cancelada
4811,2025-05-30,3,4,820,106,1,137.92,0.0,137.92,73.42,Concluída
4812,2025-04-18,5,12,82,101,3,9530.07,476.5,9053.57,6014.25,Concluída
4813,2025-07-09,1,13,978,115,1,517.13,0.0,517.13,291.44,Concluída
4814,2025-01-24,3,6,68,111,2,6267.26,0.0,6267.26,3225.52,Concluída
4815,2025-08-19,1,13,822,108,5,2121.3,0.0,2121.3,958.7,Cancelada
4816,2025-12-28,5,11,219,108,1,424.26,21.21,403.05,191.74,Concluída
4817,2025-11-21,3,4,862,115,3,1551.39,0.0,1551.39,874.32,Concluída
4818,2025-05-29,2,2,161,102,2,8087.66,1213.15,6874.51,3783.66,Concluída
4819,2025-03-22,5,10,973,112,2,5258.52,0.0,5258.52,2799.1,Devolvida
4820,2025-08-01,1,13,343,105,2,2694.2,0.0,2694.2,1716.04,Cancelada
4821,2025-01-28,1,13,876,102,4,16175.32,0.0,16175.32,7567.32,Concluída
4822,2025-01-22,4,8,86,102,2,8087.66,404.38,7683.28,3783.66,Concluída
4823,2025-01-17,5,11,54,102,3,12131.49,606.57,11524.92,5675.49,Cancelada
4824,2025-12-29,1,13,626,115,3,1551.39,155.14,1396.25,874.32,Concluída
4825,2025-01-30,4,7,494,107,2,286.06,0.0,286.06,179.26,Concluída
4826,2025-05-21,4,8,497,110,1,153.35,0.0,153.35,76.82,Concluída
4827,2025-09-15,4,8,386,103,1,207.74,0.0,207.74,133.24,Concluída
4828,2025-03-28,1,13,886,105,2,2694.2,0.0,2694.2,1716.04,Concluída
4829,2025-12-06,4,9,425,113,1,644.98,32.25,612.73,381.24,Concluída
4830,2025-05-13,4,9,531,103,1,207.74,0.0,207.74,133.24,Concluída
4831,2025-06-03,2,1,392,101,1,3176.69,0.0,3176.69,2004.75,Cancelada
4832,2025-10-18,2,2,363,115,1,517.13,0.0,517.13,291.44,Concluída
4833,2025-10-08,1,13,909,101,1,3176.69,158.83,3017.86,2004.75,Concluída
4834,2025-06-03,5,11,765,103,2,415.48,41.55,373.93,266.48,Concluída
4835,2025-07-27,2,3,20,109,1,438.81,21.94,416.87,291.96,Concluída
4836,2025-02-03,1,13,233,108,2,848.52,42.43,806.09,383.48,Devolvida
4837,2025-04-01,2,2,899,110,3,460.05,0.0,460.05,230.46,Concluída
4838,2025-05-11,1,13,302,103,3,623.22,62.32,560.9,399.72,Concluída
4839,2025-07-15,3,4,450,111,1,3133.63,0.0,3133.63,1612.76,Concluída
4840,2025-05-16,1,13,591,108,1,424.26,42.43,381.83,191.74,Concluída
4841,2025-11-30,4,8,421,112,1,2629.26,0.0,2629.26,1399.55,Concluída
4842,2025-08-24,4,8,39,101,2,6353.38,0.0,6353.38,4009.5,Concluída
4843,2025-08-23,1,13,728,112,1,2629.26,0.0,2629.26,1399.55,Cancelada
4844,2025-08-31,2,1,520,105,4,5388.4,0.0,5388.4,3432.08,Concluída
4845,2025-09-29,3,5,494,113,1,644.98,0.0,644.98,381.24,Concluída
4846,2025-02-17,3,4,818,114,1,440.95,22.05,418.9,271.23,Concluída
4847,2025-03-02,1,13,974,111,1,3133.63,0.0,3133.63,1612.76,Concluída
4848,2025-08-20,5,12,373,110,1,153.35,0.0,153.35,76.82,Concluída
4849,2025-08-26,5,11,804,112,1,2629.26,0.0,2629.26,1399.55,Concluída
4850,2025-03-29,3,4,354,110,1,153.35,0.0,153.35,76.82,Concluída
4851,2025-08-27,3,5,606,112,2,5258.52,788.78,4469.74,2799.1,Concluída
4852,2025-02-16,1,13,351,113,1,644.98,0.0,644.98,381.24,Concluída
4853,2025-08-01,1,13,881,109,1,438.81,0.0,438.81,291.96,Concluída
4854,2025-12-03,1,13,871,107,3,429.09,0.0,429.09,268.89,Concluída
4855,2025-12-01,1,13,469,101,1,3176.69,0.0,3176.69,2004.75,Concluída
4856,2025-06-30,5,12,109,106,1,137.92,0.0,137.92,73.42,Concluída
4857,2025-02-09,2,2,156,110,1,153.35,7.67,145.68,76.82,Concluída
4858,2025-07-23,5,12,198,107,3,429.09,0.0,429.09,268.89,Concluída
4859,2025-05-05,5,11,526,108,1,424.26,0.0,424.26,191.74,Concluída
4860,2025-03-17,1,13,369,101,2,6353.38,953.01,5400.37,4009.5,Cancelada
4861,2025-07-18,3,4,628,108,1,424.26,42.43,381.83,191.74,Concluída
4862,2025-11-29,4,8,934,102,2,8087.66,0.0,8087.66,3783.66,Concluída
4863,2025-05-28,5,10,53,111,1,3133.63,0.0,3133.63,1612.76,Concluída
4864,2025-09-21,1,13,873,112,2,5258.52,262.93,4995.59,2799.1,Concluída
4865,2025-01-14,4,8,441,101,1,3176.69,158.83,3017.86,2004.75,Concluída
4866,2025-08-01,1,13,909,101,1,3176.69,0.0,3176.69,2004.75,Concluída
4867,2025-05-06,2,3,816,101,1,3176.69,0.0,3176.69,2004.75,Concluída
4868,2025-01-27,3,5,766,109,2,877.62,0.0,877.62,583.92,Concluída
4869,2025-03-06,2,3,591,101,1,3176.69,0.0,3176.69,2004.75,Concluída
4870,2025-02-28,5,10,703,113,1,644.98,64.5,580.48,381.24,Concluída
4871,2025-03-02,5,12,950,106,3,413.76,0.0,413.76,220.26,Concluída
4872,2025-10-05,2,1,555,105,1,1347.1,0.0,1347.1,858.02,Concluída
4873,2025-09-19,1,13,803,101,1,3176.69,0.0,3176.69,2004.75,Concluída
4874,2025-01-07,1,13,986,109,1,438.81,0.0,438.81,291.96,Concluída
4875,2025-01-29,1,13,161,105,1,1347.1,0.0,1347.1,858.02,Concluída
4876,2025-09-19,2,2,14,112,1,2629.26,0.0,2629.26,1399.55,Concluída
4877,2025-12-21,1,13,90,109,1,438.81,21.94,416.87,291.96,Concluída
4878,2025-02-22,1,13,505,105,2,2694.2,0.0,2694.2,1716.04,Concluída
4879,2025-07-11,1,13,595,110,3,460.05,0.0,460.05,230.46,Concluída
4880,2025-03-20,2,3,640,103,2,415.48,0.0,415.48,266.48,Concluída
4881,2025-10-26,1,13,524,108,2,848.52,0.0,848.52,383.48,Concluída
4882,2025-03-19,3,4,872,104,2,5608.9,0.0,5608.9,3391.24,Concluída
4883,2025-07-31,1,13,450,102,1,4043.83,202.19,3841.64,1891.83,Concluída
4884,2025-04-15,2,3,866,105,2,2694.2,0.0,2694.2,1716.04,Concluída
4885,2025-02-05,2,2,399,110,1,153.35,0.0,153.35,76.82,Concluída
4886,2025-08-07,1,13,87,111,1,3133.63,156.68,2976.95,1612.76,Concluída
4887,2025-11-02,5,11,382,107,1,143.03,0.0,143.03,89.63,Concluída
4888,2025-10-06,3,4,939,105,1,1347.1,0.0,1347.1,858.02,Concluída
4889,2025-02-25,2,3,564,110,1,153.35,0.0,153.35,76.82,Concluída
4890,2025-12-11,4,7,204,101,1,3176.69,158.83,3017.86,2004.75,Concluída
4891,2025-04-24,3,6,647,113,1,644.98,32.25,612.73,381.24,Concluída
4892,2025-03-16,1,13,508,101,1,3176.69,0.0,3176.69,2004.75,Concluída
4893,2025-10-07,5,11,440,109,1,438.81,0.0,438.81,291.96,Concluída
4894,2025-03-20,1,13,476,106,1,137.92,0.0,137.92,73.42,Concluída
4895,2025-08-07,1,13,366,104,4,11217.8,0.0,11217.8,6782.48,Concluída
4896,2025-10-12,4,7,207,104,3,8413.35,0.0,8413.35,5086.86,Concluída
4897,2025-02-17,3,6,556,103,1,207.74,0.0,207.74,133.24,Concluída
4898,2025-08-27,1,13,142,102,1,4043.83,0.0,4043.83,1891.83,Concluída
4899,2025-12-02,4,8,860,104,1,2804.45,0.0,2804.45,1695.62,Devolvida
4900,2025-03-31,2,3,70,115,1,517.13,51.71,465.42,291.44,Concluída
4901,2025-01-08,1,13,875,113,1,644.98,64.5,580.48,381.24,Concluída
4902,2025-03-23,2,1,320,112,3,7887.78,0.0,7887.78,4198.65,Concluída
4903,2025-05-17,1,13,433,109,2,877.62,43.88,833.74,583.92,Concluída
4904,2025-03-22,3,4,682,110,2,306.7,0.0,306.7,153.64,Concluída
4905,2025-01-05,1,13,571,101,1,3176.69,0.0,3176.69,2004.75,Concluída
4906,2025-11-13,2,2,907,112,1,2629.26,262.93,2366.33,1399.55,Devolvida
4907,2025-10-10,2,2,919,109,1,438.81,0.0,438.81,291.96,Cancelada
4908,2025-06-12,2,3,469,115,2,1034.26,0.0,1034.26,582.88,Concluída
4909,2025-02-21,1,13,433,112,1,2629.26,131.46,2497.8,1399.55,Concluída
4910,2025-06-13,5,12,906,110,1,153.35,7.67,145.68,76.82,Concluída
4911,2025-01-13,2,3,570,101,2,6353.38,0.0,6353.38,4009.5,Concluída
4912,2025-11-25,4,9,945,114,1,440.95,0.0,440.95,271.23,Concluída
4913,2025-09-27,2,1,295,115,1,517.13,25.86,491.27,291.44,Concluída
4914,2025-10-04,5,10,241,111,2,6267.26,0.0,6267.26,3225.52,Concluída
4915,2025-03-27,5,10,861,108,2,848.52,0.0,848.52,383.48,Concluída
4916,2025-09-04,3,5,989,112,1,2629.26,0.0,2629.26,1399.55,Concluída
4917,2025-10-06,1,13,740,113,1,644.98,0.0,644.98,381.24,Concluída
4918,2025-07-29,2,1,541,105,2,2694.2,269.42,2424.78,1716.04,Concluída
4919,2025-05-21,3,5,260,115,1,517.13,0.0,517.13,291.44,Concluída
4920,2025-05-31,2,2,143,102,1,4043.83,202.19,3841.64,1891.83,Concluída
4921,2025-06-12,4,8,647,103,1,207.74,0.0,207.74,133.24,Concluída
4922,2025-03-18,1,13,412,108,1,424.26,0.0,424.26,191.74,Concluída
4923,2025-08-26,1,13,484,110,1,153.35,0.0,153.35,76.82,Concluída
4924,2025-06-10,5,11,107,104,1,2804.45,0.0,2804.45,1695.62,Cancelada
4925,2025-04-30,2,3,551,109,1,438.81,0.0,438.81,291.96,Concluída
4926,2025-04-14,4,9,769,110,1,153.35,0.0,153.35,76.82,Concluída
4927,2025-05-10,2,3,758,107,1,143.03,0.0,143.03,89.63,Concluída
4928,2025-02-14,1,13,412,106,1,137.92,0.0,137.92,73.42,Concluída
4929,2025-06-09,1,13,723,105,2,2694.2,0.0,2694.2,1716.04,Concluída
4930,2025-09-04,1,13,5,111,1,3133.63,0.0,3133.63,1612.76,Concluída
4931,2025-08-08,2,2,876,107,2,286.06,0.0,286.06,179.26,Concluída
4932,2025-02-08,1,13,581,115,3,1551.39,0.0,1551.39,874.32,Concluída
4933,2025-08-09,1,13,317,106,3,413.76,41.38,372.38,220.26,Concluída
4934,2025-01-28,1,13,875,107,1,143.03,7.15,135.88,89.63,Concluída
4935,2025-06-02,4,9,708,103,2,415.48,0.0,415.48,266.48,Concluída
4936,2025-04-03,4,7,349,111,2,6267.26,0.0,6267.26,3225.52,Cancelada
4937,2025-08-23,3,4,58,108,2,848.52,0.0,848.52,383.48,Concluída
4938,2025-07-23,1,13,584,115,1,517.13,25.86,491.27,291.44,Concluída
4939,2025-09-30,3,5,770,115,1,517.13,0.0,517.13,291.44,Concluída
4940,2025-04-20,3,5,1,111,1,3133.63,0.0,3133.63,1612.76,Concluída
4941,2025-05-19,1,13,431,115,2,1034.26,0.0,1034.26,582.88,Concluída
4942,2025-11-27,1,13,347,103,3,623.22,31.16,592.06,399.72,Cancelada
4943,2025-02-01,4,7,292,108,3,1272.78,63.64,1209.14,575.22,Concluída
4944,2025-02-11,5,10,161,109,1,438.81,0.0,438.81,291.96,Concluída
4945,2025-10-09,2,2,352,106,1,137.92,13.79,124.13,73.42,Concluída
4946,2025-06-12,2,3,192,101,1,3176.69,0.0,3176.69,2004.75,Concluída
4947,2025-06-15,1,13,782,104,1,2804.45,280.44,2524.01,1695.62,Concluída
4948,2025-05-21,3,4,933,111,1,3133.63,470.04,2663.59,1612.76,Concluída
4949,2025-09-11,2,2,302,111,2,6267.26,0.0,6267.26,3225.52,Concluída
4950,2025-03-16,3,5,354,111,1,3133.63,0.0,3133.63,1612.76,Cancelada
4951,2025-09-13,3,6,290,115,2,1034.26,0.0,1034.26,582.88,Concluída
4952,2025-08-30,5,10,269,111,2,6267.26,0.0,6267.26,3225.52,Concluída
4953,2025-11-14,2,3,825,109,1,438.81,21.94,416.87,291.96,Concluída
4954,2025-01-06,2,3,920,113,2,1289.96,0.0,1289.96,762.48,Concluída
4955,2025-10-21,2,2,299,103,2,415.48,0.0,415.48,266.48,Concluída
4956,2025-02-03,1,13,135,102,1,4043.83,0.0,4043.83,1891.83,Concluída
4957,2025-06-28,5,11,993,113,1,644.98,64.5,580.48,381.24,Concluída
4958,2025-05-26,2,1,2,106,2,275.84,0.0,275.84,146.84,Concluída
4959,2025-02-15,1,13,235,105,2,2694.2,0.0,2694.2,1716.04,Concluída
4960,2025-03-01,3,4,294,104,3,8413.35,0.0,8413.35,5086.86,Concluída
4961,2025-08-28,3,6,791,101,1,3176.69,158.83,3017.86,2004.75,Concluída
4962,2025-05-03,3,6,665,105,1,1347.1,134.71,1212.39,858.02,Concluída
4963,2025-12-02,5,11,635,101,2,6353.38,0.0,6353.38,4009.5,Concluída
4964,2025-03-05,1,13,76,111,1,3133.63,0.0,3133.63,1612.76,Concluída
4965,2025-11-23,1,13,328,105,1,1347.1,0.0,1347.1,858.02,Concluída
4966,2025-10-26,1,13,651,108,1,424.26,0.0,424.26,191.74,Concluída
4967,2025-08-16,1,13,970,111,2,6267.26,0.0,6267.26,3225.52,Cancelada
4968,2025-07-17,3,4,455,107,1,143.03,0.0,143.03,89.63,Concluída
4969,2025-04-14,1,13,464,103,1,207.74,10.39,197.35,133.24,Concluída
4970,2025-01-27,1,13,42,108,1,424.26,63.64,360.62,191.74,Concluída
4971,2025-11-25,1,13,507,111,1,3133.63,156.68,2976.95,1612.76,Concluída
4972,2025-11-14,3,5,856,114,1,440.95,0.0,440.95,271.23,Concluída
4973,2025-09-23,1,13,275,102,3,12131.49,606.57,11524.92,5675.49,Concluída
4974,2025-04-25,5,11,464,112,3,7887.78,0.0,7887.78,4198.65,Concluída
4975,2025-03-17,4,7,104,107,2,286.06,0.0,286.06,179.26,Concluída
4976,2025-10-23,1,13,951,105,1,1347.1,67.36,1279.74,858.02,Concluída
4977,2025-09-10,5,11,659,106,2,275.84,0.0,275.84,146.84,Concluída
4978,2025-11-28,2,1,73,113,2,1289.96,0.0,1289.96,762.48,Concluída
4979,2025-06-18,5,10,632,114,1,440.95,0.0,440.95,271.23,Concluída
4980,2025-07-04,3,4,116,113,1,644.98,0.0,644.98,381.24,Concluída
4981,2025-09-13,2,2,679,110,2,306.7,0.0,306.7,153.64,Concluída
4982,2025-09-25,3,5,58,113,1,644.98,0.0,644.98,381.24,Concluída
4983,2025-06-16,1,13,896,111,2,6267.26,0.0,6267.26,3225.52,Concluída
4984,2025-01-02,1,13,909,108,2,848.52,0.0,848.52,383.48,Concluída
4985,2025-03-29,3,5,649,110,3,460.05,23.0,437.05,230.46,Concluída
4986,2025-09-12,1,13,794,103,1,207.74,20.77,186.97,133.24,Concluída
4987,2025-09-01,1,13,79,112,3,7887.78,0.0,7887.78,4198.65,Concluída
4988,2025-04-16,2,1,880,111,1,3133.63,0.0,3133.63,1612.76,Concluída
4989,2025-02-19,1,13,258,111,2,6267.26,313.36,5953.9,3225.52,Concluída
4990,2025-10-31,3,5,676,105,1,1347.1,67.36,1279.74,858.02,Devolvida
4991,2025-11-30,1,13,686,104,1,2804.45,0.0,2804.45,1695.62,Concluída
4992,2025-03-14,4,8,964,111,1,3133.63,0.0,3133.63,1612.76,Concluída
4993,2025-04-28,3,5,541,106,1,137.92,0.0,137.92,73.42,Concluída
4994,2025-02-26,5,10,358,102,2,8087.66,0.0,8087.66,3783.66,Concluída
4995,2025-04-09,1,13,464,103,5,1038.7,0.0,1038.7,666.2,Concluída
4996,2025-05-21,1,13,425,107,4,572.12,0.0,572.12,358.52,Concluída
4997,2025-07-26,3,6,386,113,1,644.98,0.0,644.98,381.24,Concluída
4998,2025-05-19,1,13,788,102,1,4043.83,0.0,4043.83,1891.83,Concluída
4999,2025-06-25,2,3,312,108,1,424.26,21.21,403.05,191.74,Concluída
5000,2025-07-22,1,13,904,104,2,5608.9,0.0,5608.9,3391.24,Concluída
5001,2025-06-04,1,13,346,101,1,3176.69,0.0,3176.69,2004.75,Concluída
5002,2025-03-19,1,13,627,113,1,644.98,64.5,580.48,381.24,Concluída
5003,2025-04-06,1,13,652,101,3,9530.07,476.5,9053.57,6014.25,Concluída
5004,2025-06-21,1,13,226,114,2,881.9,0.0,881.9,542.46,Concluída
5005,2025-06-01,1,13,974,108,2,848.52,0.0,848.52,383.48,Cancelada
5006,2025-08-02,1,13,64,115,1,517.13,0.0,517.13,291.44,Concluída
5007,2025-01-29,2,1,443,107,1,143.03,0.0,143.03,89.63,Concluída
5008,2025-08-24,1,13,276,102,1,4043.83,202.19,3841.64,1891.83,Concluída
5009,2025-12-15,2,3,442,111,1,3133.63,0.0,3133.63,1612.76,Devolvida
5010,2025-07-31,2,3,953,110,1,153.35,0.0,153.35,76.82,Concluída
5011,2025-11-12,2,1,884,103,1,207.74,20.77,186.97,133.24,Concluída
5012,2025-01-10,2,2,555,109,1,438.81,0.0,438.81,291.96,Concluída
5013,2025-10-04,2,3,157,105,2,2694.2,0.0,2694.2,1716.04,Concluída
5014,2025-09-29,4,9,704,107,5,715.15,0.0,715.15,448.15,Concluída
5015,2025-09-15,1,13,13,114,2,881.9,0.0,881.9,542.46,Concluída
5016,2025-02-03,5,11,500,114,1,440.95,66.14,374.81,271.23,Concluída
5017,2025-04-10,4,7,394,108,3,1272.78,63.64,1209.14,575.22,Concluída
5018,2025-06-17,1,13,284,101,1,3176.69,317.67,2859.02,2004.75,Concluída
5019,2025-05-31,4,8,316,110,2,306.7,15.34,291.36,153.64,Concluída
5020,2025-03-02,3,5,82,107,2,286.06,0.0,286.06,179.26,Concluída
5021,2025-11-24,1,13,677,102,1,4043.83,0.0,4043.83,1891.83,Concluída
5022,2025-08-29,5,10,816,104,1,2804.45,140.22,2664.23,1695.62,Concluída
5023,2025-07-06,1,13,727,104,1,2804.45,0.0,2804.45,1695.62,Concluída
5024,2025-05-22,5,12,50,105,1,1347.1,0.0,1347.1,858.02,Concluída
5025,2025-01-31,4,9,825,109,1,438.81,0.0,438.81,291.96,Concluída
5026,2025-11-12,1,13,507,109,1,438.81,0.0,438.81,291.96,Concluída
5027,2025-11-17,5,12,703,103,1,207.74,10.39,197.35,133.24,Concluída
5028,2025-01-11,3,5,981,111,1,3133.63,0.0,3133.63,1612.76,Cancelada
5029,2025-02-07,5,11,316,114,1,440.95,44.09,396.86,271.23,Concluída
5030,2025-07-19,1,13,778,108,2,848.52,42.43,806.09,383.48,Concluída
5031,2025-01-02,2,2,52,109,4,1755.24,0.0,1755.24,1167.84,Concluída
5032,2025-06-26,2,2,695,101,1,3176.69,0.0,3176.69,2004.75,Concluída
5033,2025-12-17,3,6,331,112,1,2629.26,0.0,2629.26,1399.55,Concluída
5034,2025-04-29,1,13,375,102,2,8087.66,0.0,8087.66,3783.66,Concluída
5035,2025-08-18,1,13,183,113,1,644.98,0.0,644.98,381.24,Concluída
5036,2025-08-28,2,3,983,102,2,8087.66,0.0,8087.66,3783.66,Concluída
5037,2025-09-17,5,10,372,102,1,4043.83,0.0,4043.83,1891.83,Concluída
5038,2025-07-26,1,13,955,110,2,306.7,46.0,260.7,153.64,Concluída
5039,2025-09-06,3,5,57,109,1,438.81,0.0,438.81,291.96,Concluída
5040,2025-08-05,2,1,632,111,2,6267.26,313.36,5953.9,3225.52,Concluída
5041,2025-12-22,1,13,94,104,1,2804.45,0.0,2804.45,1695.62,Concluída
5042,2025-11-28,4,8,416,110,1,153.35,0.0,153.35,76.82,Devolvida
5043,2025-02-22,1,13,378,113,4,2579.92,0.0,2579.92,1524.96,Cancelada
5044,2025-08-29,1,13,625,108,1,424.26,0.0,424.26,191.74,Cancelada
5045,2025-06-13,1,13,151,105,1,1347.1,67.36,1279.74,858.02,Concluída
5046,2025-04-15,2,3,495,113,1,644.98,0.0,644.98,381.24,Cancelada
5047,2025-03-26,2,2,203,115,1,517.13,0.0,517.13,291.44,Concluída
5048,2025-05-13,4,8,790,106,2,275.84,0.0,275.84,146.84,Cancelada
5049,2025-09-23,1,13,43,108,3,1272.78,0.0,1272.78,575.22,Concluída
5050,2025-04-06,1,13,535,108,2,848.52,0.0,848.52,383.48,Concluída
5051,2025-08-20,1,13,898,113,1,644.98,0.0,644.98,381.24,Concluída
5052,2025-08-26,3,5,20,109,1,438.81,0.0,438.81,291.96,Concluída
5053,2025-12-13,1,13,774,104,3,8413.35,420.67,7992.68,5086.86,Devolvida
5054,2025-08-24,1,13,66,102,1,4043.83,404.38,3639.45,1891.83,Concluída
5055,2025-08-19,4,7,856,105,2,2694.2,134.71,2559.49,1716.04,Concluída
5056,2025-08-16,2,2,776,107,3,429.09,0.0,429.09,268.89,Concluída
5057,2025-08-04,1,13,92,104,5,14022.25,2103.34,11918.91,8478.1,Concluída
5058,2025-08-30,1,13,883,113,2,1289.96,64.5,1225.46,762.48,Concluída
5059,2025-04-05,2,3,564,112,5,13146.3,657.32,12488.98,6997.75,Concluída
5060,2025-12-02,4,7,675,114,2,881.9,44.09,837.81,542.46,Concluída
5061,2025-12-19,4,7,778,111,1,3133.63,156.68,2976.95,1612.76,Concluída
5062,2025-05-28,1,13,642,106,3,413.76,0.0,413.76,220.26,Concluída
5063,2025-01-07,2,3,211,113,1,644.98,0.0,644.98,381.24,Concluída
5064,2025-05-18,4,7,603,110,2,306.7,0.0,306.7,153.64,Concluída
5065,2025-01-30,2,3,695,115,3,1551.39,0.0,1551.39,874.32,Concluída
5066,2025-10-19,3,6,208,110,1,153.35,0.0,153.35,76.82,Concluída
5067,2025-07-16,3,6,205,109,2,877.62,0.0,877.62,583.92,Concluída
5068,2025-03-16,5,12,749,107,1,143.03,7.15,135.88,89.63,Concluída
5069,2025-07-11,3,4,769,101,1,3176.69,158.83,3017.86,2004.75,Concluída
5070,2025-07-04,1,13,667,111,2,6267.26,626.73,5640.53,3225.52,Concluída
5071,2025-01-18,3,5,629,105,1,1347.1,0.0,1347.1,858.02,Concluída
5072,2025-09-28,2,3,692,113,2,1289.96,64.5,1225.46,762.48,Cancelada
5073,2025-09-21,4,9,959,107,2,286.06,0.0,286.06,179.26,Concluída
5074,2025-01-02,2,2,611,112,1,2629.26,394.39,2234.87,1399.55,Concluída
5075,2025-01-14,1,13,524,101,1,3176.69,0.0,3176.69,2004.75,Concluída
5076,2025-09-16,1,13,215,113,2,1289.96,0.0,1289.96,762.48,Concluída
5077,2025-04-12,1,13,508,114,1,440.95,44.09,396.86,271.23,Concluída
5078,2025-04-25,4,7,733,110,1,153.35,15.34,138.01,76.82,Concluída
5079,2025-06-05,1,13,716,104,1,2804.45,0.0,2804.45,1695.62,Concluída
5080,2025-09-07,1,13,525,112,2,5258.52,0.0,5258.52,2799.1,Concluída
5081,2025-10-12,4,7,68,113,1,644.98,32.25,612.73,381.24,Concluída
5082,2025-03-27,3,6,977,112,3,7887.78,0.0,7887.78,4198.65,Concluída
5083,2025-07-17,1,13,317,107,1,143.03,0.0,143.03,89.63,Concluída
5084,2025-02-24,1,13,541,102,1,4043.83,202.19,3841.64,1891.83,Concluída
5085,2025-12-27,1,13,506,114,1,440.95,0.0,440.95,271.23,Concluída
5086,2025-02-10,2,3,832,103,1,207.74,0.0,207.74,133.24,Concluída
5087,2025-03-01,1,13,887,108,1,424.26,0.0,424.26,191.74,Concluída
5088,2025-10-18,1,13,231,102,3,12131.49,0.0,12131.49,5675.49,Cancelada
5089,2025-02-05,2,3,860,103,2,415.48,0.0,415.48,266.48,Concluída
5090,2025-11-23,1,13,557,111,1,3133.63,0.0,3133.63,1612.76,Concluída
5091,2025-01-17,1,13,853,110,1,153.35,0.0,153.35,76.82,Cancelada
5092,2025-05-22,1,13,85,114,2,881.9,44.09,837.81,542.46,Concluída
5093,2025-08-27,2,2,161,101,2,6353.38,0.0,6353.38,4009.5,Concluída
5094,2025-10-20,5,10,445,112,2,5258.52,0.0,5258.52,2799.1,Concluída
5095,2025-06-29,1,13,372,101,1,3176.69,0.0,3176.69,2004.75,Concluída
5096,2025-03-09,1,13,37,105,2,2694.2,0.0,2694.2,1716.04,Concluída
5097,2025-03-03,2,1,900,115,1,517.13,0.0,517.13,291.44,Concluída
5098,2025-06-23,1,13,674,103,1,207.74,0.0,207.74,133.24,Concluída
5099,2025-10-28,4,7,301,101,1,3176.69,0.0,3176.69,2004.75,Concluída
5100,2025-06-23,2,3,430,107,1,143.03,0.0,143.03,89.63,Concluída
5101,2025-07-16,1,13,493,105,1,1347.1,0.0,1347.1,858.02,Concluída
5102,2025-09-16,1,13,29,113,1,644.98,0.0,644.98,381.24,Concluída
5103,2025-07-13,2,1,95,112,1,2629.26,0.0,2629.26,1399.55,Concluída
5104,2025-05-18,1,13,989,114,2,881.9,0.0,881.9,542.46,Concluída
5105,2025-11-21,5,11,889,114,1,440.95,22.05,418.9,271.23,Concluída
5106,2025-05-29,1,13,659,103,1,207.74,0.0,207.74,133.24,Concluída
5107,2025-11-03,1,13,174,101,1,3176.69,476.5,2700.19,2004.75,Concluída
5108,2025-09-25,2,3,8,107,2,286.06,14.3,271.76,179.26,Concluída
5109,2025-09-07,4,7,468,106,1,137.92,20.69,117.23,73.42,Concluída
5110,2025-03-24,1,13,485,111,1,3133.63,0.0,3133.63,1612.76,Concluída
5111,2025-07-20,3,6,149,111,2,6267.26,0.0,6267.26,3225.52,Cancelada
5112,2025-04-11,3,6,442,106,1,137.92,13.79,124.13,73.42,Concluída
5113,2025-10-13,4,9,512,113,4,2579.92,0.0,2579.92,1524.96,Concluída
5114,2025-05-12,4,9,498,102,3,12131.49,606.57,11524.92,5675.49,Concluída
5115,2025-12-11,1,13,500,107,2,286.06,0.0,286.06,179.26,Concluída
5116,2025-03-15,3,6,882,112,1,2629.26,131.46,2497.8,1399.55,Concluída
5117,2025-08-13,5,11,224,102,3,12131.49,0.0,12131.49,5675.49,Concluída
5118,2025-01-08,5,10,51,103,2,415.48,41.55,373.93,266.48,Devolvida
5119,2025-10-26,1,13,201,106,1,137.92,13.79,124.13,73.42,Concluída
5120,2025-08-18,3,6,261,104,1,2804.45,0.0,2804.45,1695.62,Cancelada
5121,2025-11-09,1,13,268,106,1,137.92,0.0,137.92,73.42,Concluída
5122,2025-08-09,3,5,43,103,2,415.48,0.0,415.48,266.48,Concluída
5123,2025-02-27,2,2,14,103,1,207.74,0.0,207.74,133.24,Concluída
5124,2025-04-14,3,4,193,105,2,2694.2,0.0,2694.2,1716.04,Concluída
5125,2025-04-06,2,3,355,105,3,4041.3,0.0,4041.3,2574.06,Concluída
5126,2025-01-17,1,13,460,110,1,153.35,7.67,145.68,76.82,Concluída
5127,2025-03-26,2,2,193,110,1,153.35,7.67,145.68,76.82,Concluída
5128,2025-07-27,3,4,27,113,3,1934.94,96.75,1838.19,1143.72,Cancelada
5129,2025-03-25,4,8,668,111,4,12534.52,0.0,12534.52,6451.04,Concluída
5130,2025-02-01,4,8,292,107,1,143.03,0.0,143.03,89.63,Cancelada
5131,2025-09-03,1,13,569,114,1,440.95,0.0,440.95,271.23,Cancelada
5132,2025-10-12,1,13,60,112,2,5258.52,0.0,5258.52,2799.1,Devolvida
5133,2025-06-06,1,13,365,108,3,1272.78,127.28,1145.5,575.22,Concluída
5134,2025-03-29,2,1,9,103,1,207.74,0.0,207.74,133.24,Concluída
5135,2025-02-24,1,13,331,111,1,3133.63,0.0,3133.63,1612.76,Concluída
5136,2025-12-11,4,9,780,107,1,143.03,0.0,143.03,89.63,Concluída
5137,2025-03-04,4,9,811,114,1,440.95,22.05,418.9,271.23,Concluída
5138,2025-04-16,4,7,871,114,1,440.95,0.0,440.95,271.23,Concluída
5139,2025-04-23,5,12,687,109,1,438.81,0.0,438.81,291.96,Concluída
5140,2025-09-27,1,13,756,107,2,286.06,0.0,286.06,179.26,Concluída
5141,2025-03-14,3,4,596,114,2,881.9,44.09,837.81,542.46,Concluída
5142,2025-09-08,5,12,470,101,2,6353.38,953.01,5400.37,4009.5,Concluída
5143,2025-06-06,1,13,26,114,1,440.95,44.09,396.86,271.23,Devolvida
5144,2025-06-08,1,13,818,107,1,143.03,0.0,143.03,89.63,Concluída
5145,2025-03-01,4,9,326,112,2,5258.52,0.0,5258.52,2799.1,Concluída
5146,2025-06-11,3,5,640,103,1,207.74,0.0,207.74,133.24,Concluída
5147,2025-03-26,3,4,172,105,3,4041.3,0.0,4041.3,2574.06,Concluída
5148,2025-12-13,4,9,81,110,2,306.7,0.0,306.7,153.64,Concluída
5149,2025-06-14,3,4,947,115,1,517.13,25.86,491.27,291.44,Concluída
5150,2025-01-11,5,11,531,111,3,9400.89,0.0,9400.89,4838.28,Concluída
5151,2025-09-17,2,3,561,102,2,8087.66,404.38,7683.28,3783.66,Concluída
5152,2025-07-01,4,9,89,110,1,153.35,7.67,145.68,76.82,Concluída
5153,2025-05-18,1,13,439,112,1,2629.26,0.0,2629.26,1399.55,Concluída
5154,2025-08-25,1,13,69,104,4,11217.8,0.0,11217.8,6782.48,Concluída
5155,2025-05-28,1,13,881,111,1,3133.63,0.0,3133.63,1612.76,Concluída
5156,2025-10-15,1,13,67,102,2,8087.66,0.0,8087.66,3783.66,Concluída
5157,2025-03-29,1,13,262,108,1,424.26,42.43,381.83,191.74,Concluída
5158,2025-06-26,1,13,845,106,3,413.76,20.69,393.07,220.26,Concluída
5159,2025-06-06,2,1,66,111,1,3133.63,0.0,3133.63,1612.76,Concluída
5160,2025-10-31,1,13,237,108,2,848.52,0.0,848.52,383.48,Concluída
5161,2025-11-28,2,3,275,104,1,2804.45,0.0,2804.45,1695.62,Concluída
5162,2025-12-08,1,13,415,106,3,413.76,0.0,413.76,220.26,Concluída
5163,2025-01-25,5,11,919,102,1,4043.83,0.0,4043.83,1891.83,Concluída
5164,2025-12-10,1,13,971,107,2,286.06,0.0,286.06,179.26,Concluída
5165,2025-03-29,2,2,211,105,2,2694.2,0.0,2694.2,1716.04,Cancelada
5166,2025-10-07,2,2,855,104,1,2804.45,0.0,2804.45,1695.62,Concluída
5167,2025-09-22,1,13,933,103,2,415.48,0.0,415.48,266.48,Concluída
5168,2025-01-04,1,13,666,104,1,2804.45,280.44,2524.01,1695.62,Concluída
5169,2025-04-28,1,13,671,102,1,4043.83,0.0,4043.83,1891.83,Concluída
5170,2025-04-05,3,4,575,112,4,10517.04,0.0,10517.04,5598.2,Concluída
5171,2025-04-30,5,11,665,103,3,623.22,0.0,623.22,399.72,Concluída
5172,2025-12-23,4,7,572,102,1,4043.83,404.38,3639.45,1891.83,Concluída
5173,2025-04-05,1,13,35,115,1,517.13,0.0,517.13,291.44,Concluída
5174,2025-07-28,1,13,251,109,1,438.81,43.88,394.93,291.96,Concluída
5175,2025-09-24,2,1,159,109,1,438.81,0.0,438.81,291.96,Concluída
5176,2025-03-23,2,3,703,105,1,1347.1,0.0,1347.1,858.02,Concluída
5177,2025-01-16,1,13,428,108,1,424.26,0.0,424.26,191.74,Concluída
5178,2025-05-05,2,3,227,110,2,306.7,0.0,306.7,153.64,Concluída
5179,2025-04-25,5,10,796,109,3,1316.43,197.46,1118.97,875.88,Concluída
5180,2025-08-18,3,6,99,105,1,1347.1,0.0,1347.1,858.02,Concluída
5181,2025-05-06,4,8,605,109,2,877.62,0.0,877.62,583.92,Devolvida
5182,2025-03-31,1,13,648,105,2,2694.2,0.0,2694.2,1716.04,Concluída
5183,2025-02-13,1,13,237,101,2,6353.38,0.0,6353.38,4009.5,Concluída
5184,2025-02-03,3,5,395,108,1,424.26,0.0,424.26,191.74,Concluída
5185,2025-02-09,4,9,909,101,1,3176.69,0.0,3176.69,2004.75,Devolvida
5186,2025-03-23,1,13,776,107,1,143.03,0.0,143.03,89.63,Concluída
5187,2025-06-18,2,1,836,108,1,424.26,63.64,360.62,191.74,Concluída
5188,2025-02-05,2,1,823,113,1,644.98,0.0,644.98,381.24,Devolvida
5189,2025-01-13,3,4,626,115,2,1034.26,0.0,1034.26,582.88,Concluída
5190,2025-05-03,2,3,881,110,1,153.35,0.0,153.35,76.82,Concluída
5191,2025-02-08,3,6,562,105,2,2694.2,404.13,2290.07,1716.04,Concluída
5192,2025-12-29,1,13,488,112,2,5258.52,0.0,5258.52,2799.1,Concluída
5193,2025-09-17,1,13,351,108,1,424.26,21.21,403.05,191.74,Concluída
5194,2025-07-05,2,3,625,105,4,5388.4,0.0,5388.4,3432.08,Concluída
5195,2025-10-02,5,12,934,112,1,2629.26,0.0,2629.26,1399.55,Concluída
5196,2025-10-17,5,10,777,110,3,460.05,0.0,460.05,230.46,Concluída
5197,2025-05-18,1,13,187,106,2,275.84,0.0,275.84,146.84,Concluída
5198,2025-03-21,1,13,832,109,1,438.81,0.0,438.81,291.96,Cancelada
5199,2025-10-12,2,1,936,107,2,286.06,14.3,271.76,179.26,Devolvida
5200,2025-08-13,3,4,783,103,1,207.74,0.0,207.74,133.24,Concluída
5201,2025-09-18,5,12,980,101,1,3176.69,0.0,3176.69,2004.75,Concluída
5202,2025-03-22,2,3,961,101,1,3176.69,0.0,3176.69,2004.75,Concluída
5203,2025-03-03,1,13,796,114,1,440.95,22.05,418.9,271.23,Concluída
5204,2025-01-02,4,9,765,109,1,438.81,21.94,416.87,291.96,Concluída
5205,2025-05-01,1,13,34,103,2,415.48,20.77,394.71,266.48,Concluída
5206,2025-04-03,1,13,68,115,3,1551.39,0.0,1551.39,874.32,Concluída
5207,2025-06-13,2,3,388,104,2,5608.9,0.0,5608.9,3391.24,Devolvida
5208,2025-12-17,5,11,686,112,2,5258.52,262.93,4995.59,2799.1,Concluída
5209,2025-06-22,5,11,216,109,2,877.62,43.88,833.74,583.92,Concluída
5210,2025-03-01,1,13,7,113,1,644.98,0.0,644.98,381.24,Concluída
5211,2025-03-01,2,3,883,102,2,8087.66,0.0,8087.66,3783.66,Concluída
5212,2025-07-13,2,3,169,105,1,1347.1,0.0,1347.1,858.02,Concluída
5213,2025-12-26,3,6,87,105,1,1347.1,67.36,1279.74,858.02,Cancelada
5214,2025-07-18,4,8,337,108,1,424.26,21.21,403.05,191.74,Concluída
5215,2025-01-09,1,13,275,113,5,3224.9,0.0,3224.9,1906.2,Concluída
5216,2025-05-01,4,9,162,114,2,881.9,0.0,881.9,542.46,Concluída
5217,2025-08-11,3,5,744,101,1,3176.69,158.83,3017.86,2004.75,Cancelada
5218,2025-12-17,1,13,776,106,1,137.92,0.0,137.92,73.42,Concluída
5219,2025-11-24,1,13,229,105,1,1347.1,0.0,1347.1,858.02,Concluída
5220,2025-07-19,1,13,888,108,2,848.52,84.85,763.67,383.48,Concluída
5221,2025-11-07,1,13,616,111,2,6267.26,0.0,6267.26,3225.52,Cancelada
5222,2025-02-05,3,4,811,104,1,2804.45,140.22,2664.23,1695.62,Concluída
5223,2025-08-14,3,6,32,115,1,517.13,0.0,517.13,291.44,Concluída
5224,2025-10-13,2,1,59,107,2,286.06,28.61,257.45,179.26,Concluída
5225,2025-09-27,5,11,715,102,2,8087.66,0.0,8087.66,3783.66,Devolvida
5226,2025-01-27,1,13,409,108,1,424.26,63.64,360.62,191.74,Devolvida
5227,2025-11-07,1,13,762,103,2,415.48,0.0,415.48,266.48,Concluída
5228,2025-07-16,2,2,82,110,1,153.35,0.0,153.35,76.82,Concluída
5229,2025-10-26,5,10,31,114,2,881.9,0.0,881.9,542.46,Concluída
5230,2025-03-25,2,3,905,112,1,2629.26,0.0,2629.26,1399.55,Concluída
5231,2025-09-28,1,13,414,110,1,153.35,0.0,153.35,76.82,Concluída
5232,2025-07-18,2,3,534,107,2,286.06,0.0,286.06,179.26,Concluída
5233,2025-11-05,4,9,785,108,1,424.26,0.0,424.26,191.74,Cancelada
5234,2025-06-02,1,13,332,110,1,153.35,7.67,145.68,76.82,Concluída
5235,2025-11-09,1,13,809,105,1,1347.1,0.0,1347.1,858.02,Concluída
5236,2025-08-20,1,13,280,106,2,275.84,0.0,275.84,146.84,Concluída
5237,2025-02-01,3,5,472,114,2,881.9,0.0,881.9,542.46,Concluída
5238,2025-01-29,2,1,894,110,1,153.35,0.0,153.35,76.82,Concluída
5239,2025-01-04,1,13,573,115,1,517.13,0.0,517.13,291.44,Concluída
5240,2025-11-03,3,4,693,115,1,517.13,25.86,491.27,291.44,Concluída
5241,2025-09-11,2,1,913,112,1,2629.26,0.0,2629.26,1399.55,Concluída
5242,2025-12-01,3,4,859,113,2,1289.96,0.0,1289.96,762.48,Concluída
5243,2025-08-20,4,8,709,113,1,644.98,32.25,612.73,381.24,Concluída
5244,2025-05-06,1,13,797,108,1,424.26,0.0,424.26,191.74,Concluída
5245,2025-08-14,3,6,422,102,1,4043.83,0.0,4043.83,1891.83,Concluída
5246,2025-10-15,1,13,248,101,3,9530.07,0.0,9530.07,6014.25,Concluída
5247,2025-03-08,1,13,311,101,2,6353.38,0.0,6353.38,4009.5,Concluída
5248,2025-05-22,2,2,32,113,1,644.98,0.0,644.98,381.24,Concluída
5249,2025-05-08,4,9,666,106,1,137.92,0.0,137.92,73.42,Concluída
5250,2025-07-14,1,13,869,102,2,8087.66,808.77,7278.89,3783.66,Concluída
5251,2025-05-11,5,10,546,101,3,9530.07,476.5,9053.57,6014.25,Concluída
5252,2025-01-10,1,13,330,101,1,3176.69,0.0,3176.69,2004.75,Concluída
5253,2025-11-13,2,1,40,115,1,517.13,0.0,517.13,291.44,Concluída
5254,2025-02-15,4,8,137,113,1,644.98,64.5,580.48,381.24,Cancelada
5255,2025-03-04,5,12,468,106,1,137.92,0.0,137.92,73.42,Concluída
5256,2025-08-25,2,2,1000,114,1,440.95,22.05,418.9,271.23,Concluída
5257,2025-10-20,4,7,824,104,1,2804.45,140.22,2664.23,1695.62,Concluída
5258,2025-11-12,1,13,21,102,1,4043.83,0.0,4043.83,1891.83,Concluída
5259,2025-07-21,5,10,425,114,2,881.9,44.09,837.81,542.46,Concluída
5260,2025-10-22,4,9,790,106,1,137.92,0.0,137.92,73.42,Concluída
5261,2025-04-20,1,13,65,111,2,6267.26,626.73,5640.53,3225.52,Concluída
5262,2025-05-06,3,6,418,106,2,275.84,0.0,275.84,146.84,Concluída
5263,2025-08-08,1,13,289,107,2,286.06,0.0,286.06,179.26,Concluída
5264,2025-02-01,1,13,756,107,1,143.03,0.0,143.03,89.63,Concluída
5265,2025-12-12,1,13,723,109,3,1316.43,0.0,1316.43,875.88,Concluída
5266,2025-04-18,4,7,348,115,2,1034.26,0.0,1034.26,582.88,Concluída
5267,2025-11-19,3,5,129,114,5,2204.75,110.24,2094.51,1356.15,Concluída
5268,2025-11-28,1,13,856,113,1,644.98,96.75,548.23,381.24,Concluída
5269,2025-12-31,2,2,868,102,1,4043.83,202.19,3841.64,1891.83,Concluída
5270,2025-08-26,3,6,91,109,3,1316.43,0.0,1316.43,875.88,Concluída
5271,2025-10-02,5,10,686,105,1,1347.1,0.0,1347.1,858.02,Cancelada
5272,2025-05-18,2,2,80,103,1,207.74,0.0,207.74,133.24,Concluída
5273,2025-11-27,2,1,640,113,2,1289.96,64.5,1225.46,762.48,Concluída
5274,2025-11-24,2,2,245,113,1,644.98,0.0,644.98,381.24,Concluída
5275,2025-07-13,1,13,278,115,2,1034.26,0.0,1034.26,582.88,Concluída
5276,2025-06-14,1,13,63,110,5,766.75,38.34,728.41,384.1,Concluída
5277,2025-04-18,1,13,957,115,1,517.13,0.0,517.13,291.44,Concluída
5278,2025-01-08,5,11,701,104,1,2804.45,140.22,2664.23,1695.62,Concluída
5279,2025-05-20,3,6,215,103,2,415.48,0.0,415.48,266.48,Concluída
5280,2025-01-13,5,12,374,113,2,1289.96,64.5,1225.46,762.48,Cancelada
5281,2025-07-15,4,9,309,110,1,153.35,0.0,153.35,76.82,Concluída
5282,2025-08-15,2,1,855,113,1,644.98,0.0,644.98,381.24,Concluída
5283,2025-05-29,1,13,593,111,1,3133.63,470.04,2663.59,1612.76,Concluída
5284,2025-06-30,4,9,451,109,3,1316.43,65.82,1250.61,875.88,Concluída
5285,2025-01-08,3,6,349,108,1,424.26,42.43,381.83,191.74,Concluída
5286,2025-11-06,2,1,13,111,3,9400.89,0.0,9400.89,4838.28,Concluída
5287,2025-07-05,3,6,878,113,2,1289.96,0.0,1289.96,762.48,Concluída
5288,2025-11-22,3,4,853,108,2,848.52,0.0,848.52,383.48,Concluída
5289,2025-12-09,1,13,656,108,1,424.26,0.0,424.26,191.74,Concluída
5290,2025-02-20,5,12,520,108,1,424.26,0.0,424.26,191.74,Concluída
5291,2025-10-24,2,1,681,103,1,207.74,0.0,207.74,133.24,Devolvida
5292,2025-03-06,1,13,813,115,1,517.13,0.0,517.13,291.44,Concluída
5293,2025-05-28,1,13,648,107,2,286.06,28.61,257.45,179.26,Concluída
5294,2025-09-11,1,13,43,103,1,207.74,10.39,197.35,133.24,Concluída
5295,2025-05-18,1,13,242,111,1,3133.63,0.0,3133.63,1612.76,Cancelada
5296,2025-12-01,3,6,1,102,1,4043.83,0.0,4043.83,1891.83,Concluída
5297,2025-07-23,2,1,626,111,4,12534.52,0.0,12534.52,6451.04,Concluída
5298,2025-11-19,1,13,915,107,1,143.03,0.0,143.03,89.63,Devolvida
5299,2025-08-01,3,5,496,102,5,20219.15,0.0,20219.15,9459.15,Concluída
5300,2025-06-27,1,13,431,106,1,137.92,6.9,131.02,73.42,Concluída
5301,2025-05-07,1,13,12,111,1,3133.63,156.68,2976.95,1612.76,Concluída
5302,2025-09-26,1,13,339,103,5,1038.7,103.87,934.83,666.2,Concluída
5303,2025-09-10,1,13,898,107,2,286.06,0.0,286.06,179.26,Cancelada
5304,2025-10-09,1,13,152,109,3,1316.43,0.0,1316.43,875.88,Concluída
5305,2025-03-13,1,13,392,114,2,881.9,132.28,749.62,542.46,Concluída
5306,2025-01-20,1,13,63,107,1,143.03,0.0,143.03,89.63,Concluída
5307,2025-08-21,2,3,169,102,1,4043.83,0.0,4043.83,1891.83,Concluída
5308,2025-08-24,1,13,516,111,1,3133.63,0.0,3133.63,1612.76,Cancelada
5309,2025-09-30,3,6,108,111,1,3133.63,0.0,3133.63,1612.76,Concluída
5310,2025-07-20,1,13,758,106,1,137.92,0.0,137.92,73.42,Concluída
5311,2025-08-19,3,4,825,112,1,2629.26,0.0,2629.26,1399.55,Concluída
5312,2025-06-13,3,6,944,105,2,2694.2,269.42,2424.78,1716.04,Devolvida
5313,2025-01-11,4,9,734,110,1,153.35,0.0,153.35,76.82,Concluída
5314,2025-09-05,2,3,734,114,1,440.95,0.0,440.95,271.23,Concluída
5315,2025-10-03,1,13,860,104,1,2804.45,280.44,2524.01,1695.62,Concluída
5316,2025-11-10,4,7,27,113,1,644.98,0.0,644.98,381.24,Concluída
5317,2025-07-21,5,11,358,106,1,137.92,0.0,137.92,73.42,Concluída
5318,2025-11-12,2,2,809,112,1,2629.26,0.0,2629.26,1399.55,Concluída
5319,2025-06-24,1,13,875,114,1,440.95,66.14,374.81,271.23,Concluída
5320,2025-04-09,4,8,520,103,1,207.74,10.39,197.35,133.24,Concluída
5321,2025-07-18,5,12,255,114,1,440.95,22.05,418.9,271.23,Concluída
5322,2025-05-13,2,3,654,101,1,3176.69,158.83,3017.86,2004.75,Concluída
5323,2025-12-22,1,13,791,106,1,137.92,0.0,137.92,73.42,Concluída
5324,2025-04-29,1,13,698,114,2,881.9,88.19,793.71,542.46,Concluída
5325,2025-02-21,1,13,720,107,1,143.03,0.0,143.03,89.63,Concluída
5326,2025-02-18,5,12,894,108,5,2121.3,212.13,1909.17,958.7,Devolvida
5327,2025-07-08,1,13,156,115,1,517.13,0.0,517.13,291.44,Concluída
5328,2025-02-28,1,13,784,101,3,9530.07,0.0,9530.07,6014.25,Concluída
5329,2025-08-10,1,13,104,105,1,1347.1,0.0,1347.1,858.02,Concluída
5330,2025-06-09,2,3,344,104,2,5608.9,0.0,5608.9,3391.24,Concluída
5331,2025-03-30,1,13,948,107,1,143.03,7.15,135.88,89.63,Concluída
5332,2025-09-09,3,4,697,114,1,440.95,0.0,440.95,271.23,Concluída
5333,2025-07-17,1,13,998,111,2,6267.26,313.36,5953.9,3225.52,Concluída
5334,2025-01-16,1,13,904,110,1,153.35,0.0,153.35,76.82,Concluída
5335,2025-08-14,4,7,360,111,5,15668.15,0.0,15668.15,8063.8,Concluída
5336,2025-07-14,3,6,756,104,1,2804.45,0.0,2804.45,1695.62,Concluída
5337,2025-09-09,1,13,78,112,1,2629.26,0.0,2629.26,1399.55,Concluída
5338,2025-12-28,1,13,236,113,2,1289.96,64.5,1225.46,762.48,Concluída
5339,2025-03-06,5,12,836,110,2,306.7,30.67,276.03,153.64,Concluída
5340,2025-08-11,1,13,329,112,2,5258.52,0.0,5258.52,2799.1,Concluída
5341,2025-04-09,1,13,360,102,2,8087.66,0.0,8087.66,3783.66,Cancelada
5342,2025-05-21,4,7,418,104,1,2804.45,0.0,2804.45,1695.62,Concluída
5343,2025-09-25,2,3,645,115,2,1034.26,103.43,930.83,582.88,Concluída
5344,2025-03-16,1,13,97,112,1,2629.26,0.0,2629.26,1399.55,Concluída
5345,2025-10-02,2,2,248,101,2,6353.38,0.0,6353.38,4009.5,Concluída
5346,2025-11-05,3,4,401,109,1,438.81,0.0,438.81,291.96,Concluída
5347,2025-11-06,3,6,177,110,2,306.7,0.0,306.7,153.64,Concluída
5348,2025-10-14,3,4,570,105,1,1347.1,0.0,1347.1,858.02,Concluída
5349,2025-03-13,2,1,229,102,3,12131.49,0.0,12131.49,5675.49,Concluída
5350,2025-03-08,3,6,934,108,1,424.26,0.0,424.26,191.74,Concluída
5351,2025-05-12,4,9,453,114,2,881.9,0.0,881.9,542.46,Devolvida
5352,2025-08-06,1,13,871,113,1,644.98,0.0,644.98,381.24,Concluída
5353,2025-09-22,4,7,423,110,1,153.35,0.0,153.35,76.82,Concluída
5354,2025-02-23,1,13,645,109,1,438.81,0.0,438.81,291.96,Concluída
5355,2025-12-31,3,5,8,111,1,3133.63,156.68,2976.95,1612.76,Concluída
5356,2025-12-16,1,13,497,107,1,143.03,0.0,143.03,89.63,Concluída
5357,2025-02-28,1,13,122,103,1,207.74,0.0,207.74,133.24,Concluída
5358,2025-05-01,1,13,554,103,2,415.48,41.55,373.93,266.48,Concluída
5359,2025-05-12,1,13,846,113,2,1289.96,0.0,1289.96,762.48,Concluída
5360,2025-01-08,3,5,827,104,1,2804.45,0.0,2804.45,1695.62,Concluída
5361,2025-06-30,1,13,827,105,1,1347.1,0.0,1347.1,858.02,Concluída
5362,2025-02-25,1,13,300,111,2,6267.26,626.73,5640.53,3225.52,Concluída
5363,2025-12-05,3,4,645,103,2,415.48,0.0,415.48,266.48,Concluída
5364,2025-06-10,2,2,574,115,2,1034.26,51.71,982.55,582.88,Concluída
5365,2025-09-01,1,13,502,112,1,2629.26,0.0,2629.26,1399.55,Concluída
5366,2025-06-23,1,13,854,110,1,153.35,0.0,153.35,76.82,Concluída
5367,2025-10-19,5,11,15,115,1,517.13,25.86,491.27,291.44,Concluída
5368,2025-10-03,3,4,171,110,2,306.7,30.67,276.03,153.64,Concluída
5369,2025-02-19,3,5,334,109,2,877.62,0.0,877.62,583.92,Concluída
5370,2025-05-06,2,2,330,103,2,415.48,0.0,415.48,266.48,Concluída
5371,2025-03-08,2,1,244,109,3,1316.43,0.0,1316.43,875.88,Concluída
5372,2025-07-31,1,13,568,101,1,3176.69,0.0,3176.69,2004.75,Concluída
5373,2025-03-03,4,9,524,101,1,3176.69,0.0,3176.69,2004.75,Concluída
5374,2025-04-10,2,1,560,107,3,429.09,21.45,407.64,268.89,Concluída
5375,2025-12-02,4,7,53,115,2,1034.26,0.0,1034.26,582.88,Concluída
5376,2025-02-01,5,12,65,115,2,1034.26,0.0,1034.26,582.88,Concluída
5377,2025-03-27,1,13,388,111,1,3133.63,0.0,3133.63,1612.76,Concluída
5378,2025-06-28,4,9,70,110,5,766.75,0.0,766.75,384.1,Concluída
5379,2025-12-14,5,11,752,103,2,415.48,0.0,415.48,266.48,Concluída
5380,2025-11-01,1,13,679,109,1,438.81,0.0,438.81,291.96,Concluída
5381,2025-05-02,1,13,721,115,1,517.13,0.0,517.13,291.44,Concluída
5382,2025-11-23,4,8,661,111,1,3133.63,0.0,3133.63,1612.76,Concluída
5383,2025-01-28,3,6,236,104,1,2804.45,140.22,2664.23,1695.62,Concluída
5384,2025-08-22,4,7,914,109,2,877.62,0.0,877.62,583.92,Concluída
5385,2025-11-28,2,3,100,115,1,517.13,25.86,491.27,291.44,Concluída
5386,2025-06-14,5,12,500,106,1,137.92,6.9,131.02,73.42,Concluída
5387,2025-07-29,1,13,809,115,2,1034.26,51.71,982.55,582.88,Concluída
5388,2025-02-03,2,3,336,111,2,6267.26,313.36,5953.9,3225.52,Concluída
5389,2025-11-02,4,9,630,111,2,6267.26,0.0,6267.26,3225.52,Concluída
5390,2025-05-15,5,10,830,102,1,4043.83,0.0,4043.83,1891.83,Concluída
5391,2025-11-17,1,13,346,113,1,644.98,0.0,644.98,381.24,Concluída
5392,2025-10-28,1,13,591,114,1,440.95,0.0,440.95,271.23,Cancelada
5393,2025-09-22,5,11,753,109,2,877.62,131.64,745.98,583.92,Concluída
5394,2025-04-05,5,10,571,111,2,6267.26,0.0,6267.26,3225.52,Concluída
5395,2025-02-11,2,2,293,114,1,440.95,22.05,418.9,271.23,Concluída
5396,2025-06-14,2,3,151,111,3,9400.89,0.0,9400.89,4838.28,Concluída
5397,2025-12-24,4,9,432,109,1,438.81,21.94,416.87,291.96,Concluída
5398,2025-11-04,3,4,107,106,2,275.84,0.0,275.84,146.84,Concluída
5399,2025-04-19,1,13,280,112,1,2629.26,0.0,2629.26,1399.55,Devolvida
5400,2025-05-27,4,9,39,101,1,3176.69,317.67,2859.02,2004.75,Concluída
5401,2025-12-21,1,13,926,103,1,207.74,0.0,207.74,133.24,Concluída
5402,2025-11-15,5,11,706,108,3,1272.78,63.64,1209.14,575.22,Concluída
5403,2025-09-06,1,13,249,115,4,2068.52,206.85,1861.67,1165.76,Concluída
5404,2025-06-20,2,3,550,110,1,153.35,0.0,153.35,76.82,Concluída
5405,2025-12-12,1,13,256,105,2,2694.2,0.0,2694.2,1716.04,Concluída
5406,2025-02-11,2,2,911,113,1,644.98,32.25,612.73,381.24,Concluída
5407,2025-01-08,1,13,897,106,1,137.92,0.0,137.92,73.42,Concluída
5408,2025-08-10,5,12,769,103,3,623.22,31.16,592.06,399.72,Concluída
5409,2025-08-19,1,13,356,103,1,207.74,0.0,207.74,133.24,Concluída
5410,2025-07-16,4,8,26,112,4,10517.04,525.85,9991.19,5598.2,Concluída
5411,2025-09-14,2,1,674,107,1,143.03,21.45,121.58,89.63,Concluída
5412,2025-04-25,1,13,180,106,1,137.92,0.0,137.92,73.42,Concluída
5413,2025-05-08,1,13,637,109,1,438.81,0.0,438.81,291.96,Concluída
5414,2025-09-18,1,13,7,105,2,2694.2,134.71,2559.49,1716.04,Concluída
5415,2025-01-19,1,13,218,113,1,644.98,0.0,644.98,381.24,Concluída
5416,2025-06-21,3,4,536,102,1,4043.83,0.0,4043.83,1891.83,Concluída
5417,2025-11-27,2,2,671,110,1,153.35,0.0,153.35,76.82,Concluída
5418,2025-10-22,2,1,682,104,1,2804.45,280.44,2524.01,1695.62,Concluída
5419,2025-02-09,3,6,472,114,4,1763.8,0.0,1763.8,1084.92,Concluída
5420,2025-09-24,1,13,731,112,1,2629.26,131.46,2497.8,1399.55,Concluída
5421,2025-04-10,1,13,559,110,4,613.4,61.34,552.06,307.28,Concluída
5422,2025-11-06,1,13,265,104,2,5608.9,0.0,5608.9,3391.24,Concluída
5423,2025-05-10,5,10,993,111,1,3133.63,0.0,3133.63,1612.76,Concluída
5424,2025-09-22,2,1,733,109,1,438.81,0.0,438.81,291.96,Concluída
5425,2025-12-25,5,12,493,113,1,644.98,0.0,644.98,381.24,Concluída
5426,2025-09-26,3,6,300,104,1,2804.45,0.0,2804.45,1695.62,Concluída
5427,2025-03-25,3,6,458,114,1,440.95,0.0,440.95,271.23,Concluída
5428,2025-06-14,1,13,138,107,1,143.03,0.0,143.03,89.63,Concluída
5429,2025-06-03,1,13,949,106,2,275.84,0.0,275.84,146.84,Devolvida
5430,2025-08-15,2,2,384,110,3,460.05,0.0,460.05,230.46,Concluída
5431,2025-09-22,1,13,508,109,1,438.81,43.88,394.93,291.96,Concluída
5432,2025-09-24,3,4,357,110,3,460.05,0.0,460.05,230.46,Concluída
5433,2025-05-14,1,13,207,103,2,415.48,20.77,394.71,266.48,Concluída
5434,2025-04-03,1,13,857,108,1,424.26,0.0,424.26,191.74,Concluída
5435,2025-04-02,4,8,277,113,1,644.98,0.0,644.98,381.24,Concluída
5436,2025-11-02,1,13,206,103,1,207.74,0.0,207.74,133.24,Concluída
5437,2025-08-26,1,13,133,109,2,877.62,0.0,877.62,583.92,Concluída
5438,2025-11-20,4,8,238,114,1,440.95,0.0,440.95,271.23,Concluída
5439,2025-08-01,1,13,994,104,1,2804.45,0.0,2804.45,1695.62,Concluída
5440,2025-12-30,2,1,607,113,1,644.98,64.5,580.48,381.24,Concluída
5441,2025-03-29,1,13,369,112,2,5258.52,0.0,5258.52,2799.1,Concluída
5442,2025-04-27,5,10,487,103,2,415.48,20.77,394.71,266.48,Cancelada
5443,2025-07-07,1,13,549,106,1,137.92,0.0,137.92,73.42,Concluída
5444,2025-03-14,4,7,342,105,2,2694.2,0.0,2694.2,1716.04,Concluída
5445,2025-01-19,5,12,956,106,2,275.84,27.58,248.26,146.84,Concluída
5446,2025-07-27,5,10,232,110,1,153.35,0.0,153.35,76.82,Concluída
5447,2025-11-06,1,13,866,111,1,3133.63,0.0,3133.63,1612.76,Concluída
5448,2025-01-19,4,8,576,113,3,1934.94,290.24,1644.7,1143.72,Concluída
5449,2025-06-21,1,13,412,104,1,2804.45,0.0,2804.45,1695.62,Concluída
5450,2025-03-20,2,1,628,110,2,306.7,0.0,306.7,153.64,Concluída
5451,2025-10-24,2,1,896,106,2,275.84,0.0,275.84,146.84,Cancelada
5452,2025-04-14,5,10,472,110,4,613.4,92.01,521.39,307.28,Concluída
5453,2025-07-18,1,13,11,105,1,1347.1,134.71,1212.39,858.02,Concluída
5454,2025-02-22,2,2,16,106,1,137.92,6.9,131.02,73.42,Concluída
5455,2025-06-15,2,3,650,112,1,2629.26,0.0,2629.26,1399.55,Concluída
5456,2025-07-23,4,8,887,113,2,1289.96,64.5,1225.46,762.48,Concluída
5457,2025-03-28,1,13,259,104,1,2804.45,0.0,2804.45,1695.62,Concluída
5458,2025-10-21,1,13,847,107,3,429.09,0.0,429.09,268.89,Concluída
5459,2025-05-07,1,13,349,110,1,153.35,7.67,145.68,76.82,Concluída
5460,2025-06-04,5,10,854,101,4,12706.76,0.0,12706.76,8019.0,Concluída
5461,2025-03-10,4,7,162,109,1,438.81,43.88,394.93,291.96,Devolvida
5462,2025-03-03,1,13,652,105,3,4041.3,0.0,4041.3,2574.06,Concluída
5463,2025-11-01,1,13,246,101,1,3176.69,158.83,3017.86,2004.75,Concluída
5464,2025-01-29,1,13,196,103,1,207.74,20.77,186.97,133.24,Concluída
5465,2025-12-04,3,5,679,104,1,2804.45,0.0,2804.45,1695.62,Concluída
5466,2025-10-18,1,13,344,104,2,5608.9,0.0,5608.9,3391.24,Devolvida
5467,2025-03-01,3,5,421,103,1,207.74,20.77,186.97,133.24,Concluída
5468,2025-05-21,2,2,820,107,1,143.03,14.3,128.73,89.63,Concluída
5469,2025-11-02,4,8,594,115,1,517.13,0.0,517.13,291.44,Cancelada
5470,2025-01-02,2,1,658,108,1,424.26,0.0,424.26,191.74,Concluída
5471,2025-05-02,1,13,497,104,3,8413.35,420.67,7992.68,5086.86,Concluída
5472,2025-08-29,4,7,432,102,1,4043.83,404.38,3639.45,1891.83,Concluída
5473,2025-08-08,1,13,299,106,2,275.84,13.79,262.05,146.84,Concluída
5474,2025-12-29,2,2,201,109,2,877.62,0.0,877.62,583.92,Concluída
5475,2025-09-15,1,13,443,103,1,207.74,0.0,207.74,133.24,Devolvida
5476,2025-09-29,4,7,535,112,2,5258.52,0.0,5258.52,2799.1,Cancelada
5477,2025-06-16,1,13,223,106,2,275.84,0.0,275.84,146.84,Concluída
5478,2025-12-15,1,13,942,114,3,1322.85,132.28,1190.57,813.69,Concluída
5479,2025-05-23,1,13,319,106,3,413.76,0.0,413.76,220.26,Devolvida
5480,2025-05-09,4,8,454,111,1,3133.63,156.68,2976.95,1612.76,Concluída
5481,2025-04-23,2,1,927,114,2,881.9,0.0,881.9,542.46,Concluída
5482,2025-03-22,3,6,709,104,1,2804.45,420.67,2383.78,1695.62,Concluída
5483,2025-06-30,5,11,567,114,2,881.9,88.19,793.71,542.46,Concluída
5484,2025-04-17,3,5,521,111,3,9400.89,0.0,9400.89,4838.28,Concluída
5485,2025-11-09,1,13,781,101,1,3176.69,158.83,3017.86,2004.75,Concluída
5486,2025-09-04,1,13,61,109,2,877.62,0.0,877.62,583.92,Concluída
5487,2025-09-02,1,13,759,112,2,5258.52,0.0,5258.52,2799.1,Concluída
5488,2025-10-14,2,1,571,107,2,286.06,0.0,286.06,179.26,Concluída
5489,2025-07-21,3,5,478,112,2,5258.52,0.0,5258.52,2799.1,Concluída
5490,2025-02-20,1,13,758,106,4,551.68,0.0,551.68,293.68,Concluída
5491,2025-10-12,3,5,586,103,2,415.48,0.0,415.48,266.48,Concluída
5492,2025-12-05,1,13,341,114,1,440.95,22.05,418.9,271.23,Concluída
5493,2025-11-22,3,5,914,111,1,3133.63,0.0,3133.63,1612.76,Concluída
5494,2025-07-08,1,13,183,111,1,3133.63,0.0,3133.63,1612.76,Concluída
5495,2025-07-28,2,3,520,101,2,6353.38,635.34,5718.04,4009.5,Concluída
5496,2025-01-26,3,6,412,105,1,1347.1,0.0,1347.1,858.02,Concluída
5497,2025-05-17,1,13,863,113,1,644.98,0.0,644.98,381.24,Concluída
5498,2025-01-13,2,2,871,112,2,5258.52,0.0,5258.52,2799.1,Concluída
5499,2025-02-04,1,13,306,114,1,440.95,22.05,418.9,271.23,Cancelada
5500,2025-04-17,2,2,153,115,2,1034.26,0.0,1034.26,582.88,Concluída
5501,2025-01-23,3,5,693,114,3,1322.85,0.0,1322.85,813.69,Concluída
5502,2025-01-16,3,6,374,104,2,5608.9,560.89,5048.01,3391.24,Concluída
5503,2025-04-06,1,13,168,112,3,7887.78,0.0,7887.78,4198.65,Concluída
5504,2025-05-25,2,2,64,107,1,143.03,0.0,143.03,89.63,Concluída
5505,2025-05-25,1,13,643,115,3,1551.39,0.0,1551.39,874.32,Devolvida
5506,2025-01-16,2,1,753,101,2,6353.38,317.67,6035.71,4009.5,Concluída
5507,2025-05-31,5,11,537,113,1,644.98,0.0,644.98,381.24,Concluída
5508,2025-03-07,1,13,315,112,1,2629.26,0.0,2629.26,1399.55,Concluída
5509,2025-10-27,1,13,674,113,2,1289.96,0.0,1289.96,762.48,Concluída
5510,2025-12-19,1,13,940,110,1,153.35,0.0,153.35,76.82,Concluída
5511,2025-04-17,1,13,297,101,3,9530.07,0.0,9530.07,6014.25,Concluída
5512,2025-08-23,1,13,702,104,1,2804.45,140.22,2664.23,1695.62,Concluída
5513,2025-01-05,1,13,746,109,1,438.81,0.0,438.81,291.96,Concluída
5514,2025-08-01,1,13,456,113,1,644.98,0.0,644.98,381.24,Concluída
5515,2025-09-25,1,13,341,107,1,143.03,0.0,143.03,89.63,Concluída
5516,2025-03-09,5,11,53,111,1,3133.63,0.0,3133.63,1612.76,Concluída
5517,2025-07-18,1,13,126,102,1,4043.83,202.19,3841.64,1891.83,Concluída
5518,2025-08-30,4,8,213,113,1,644.98,0.0,644.98,381.24,Concluída
5519,2025-07-21,1,13,987,106,1,137.92,0.0,137.92,73.42,Concluída
5520,2025-09-13,1,13,357,104,1,2804.45,140.22,2664.23,1695.62,Concluída
5521,2025-09-13,5,10,150,101,1,3176.69,0.0,3176.69,2004.75,Concluída
5522,2025-11-28,5,11,834,112,2,5258.52,0.0,5258.52,2799.1,Concluída
5523,2025-09-22,2,1,758,110,1,153.35,0.0,153.35,76.82,Concluída
5524,2025-04-28,4,8,40,102,2,8087.66,808.77,7278.89,3783.66,Concluída
5525,2025-12-02,3,4,801,102,2,8087.66,0.0,8087.66,3783.66,Concluída
5526,2025-12-28,4,7,27,113,1,644.98,32.25,612.73,381.24,Concluída
5527,2025-11-16,2,3,114,113,1,644.98,32.25,612.73,381.24,Concluída
5528,2025-11-26,1,13,879,115,1,517.13,0.0,517.13,291.44,Concluída
5529,2025-05-12,3,5,272,111,1,3133.63,156.68,2976.95,1612.76,Concluída
5530,2025-03-18,2,2,661,103,1,207.74,0.0,207.74,133.24,Concluída
5531,2025-11-17,3,5,861,107,3,429.09,0.0,429.09,268.89,Concluída
5532,2025-01-20,1,13,580,111,2,6267.26,313.36,5953.9,3225.52,Concluída
5533,2025-05-19,1,13,505,108,1,424.26,0.0,424.26,191.74,Concluída
5534,2025-08-22,2,1,12,108,1,424.26,21.21,403.05,191.74,Concluída
5535,2025-01-28,2,1,649,106,1,137.92,6.9,131.02,73.42,Concluída
5536,2025-04-08,4,7,364,108,1,424.26,0.0,424.26,191.74,Concluída
5537,2025-05-08,4,8,86,114,2,881.9,0.0,881.9,542.46,Concluída
5538,2025-08-17,4,7,604,113,4,2579.92,129.0,2450.92,1524.96,Concluída
5539,2025-07-15,3,5,60,115,2,1034.26,103.43,930.83,582.88,Concluída
5540,2025-10-28,2,1,90,114,4,1763.8,0.0,1763.8,1084.92,Concluída
5541,2025-05-03,3,6,582,103,2,415.48,20.77,394.71,266.48,Devolvida
5542,2025-07-20,5,10,776,107,1,143.03,0.0,143.03,89.63,Concluída
5543,2025-04-16,1,13,46,107,1,143.03,0.0,143.03,89.63,Devolvida
5544,2025-08-08,1,13,363,101,1,3176.69,0.0,3176.69,2004.75,Concluída
5545,2025-01-25,3,4,562,104,1,2804.45,0.0,2804.45,1695.62,Concluída
5546,2025-01-25,3,6,780,109,2,877.62,0.0,877.62,583.92,Devolvida
5547,2025-07-09,5,11,320,113,1,644.98,0.0,644.98,381.24,Concluída
5548,2025-02-04,4,8,217,107,1,143.03,0.0,143.03,89.63,Concluída
5549,2025-04-03,3,6,625,101,1,3176.69,0.0,3176.69,2004.75,Concluída
5550,2025-11-19,2,3,920,115,1,517.13,51.71,465.42,291.44,Concluída
5551,2025-09-10,2,3,15,104,1,2804.45,280.44,2524.01,1695.62,Concluída
5552,2025-05-23,2,3,96,102,2,8087.66,0.0,8087.66,3783.66,Concluída
5553,2025-01-12,5,12,810,101,1,3176.69,158.83,3017.86,2004.75,Concluída
5554,2025-04-12,3,4,341,114,1,440.95,0.0,440.95,271.23,Concluída
5555,2025-03-09,5,12,330,101,2,6353.38,0.0,6353.38,4009.5,Concluída
5556,2025-01-19,5,12,61,104,1,2804.45,0.0,2804.45,1695.62,Concluída
5557,2025-07-04,5,11,975,106,3,413.76,20.69,393.07,220.26,Concluída
5558,2025-02-08,5,10,265,111,2,6267.26,940.09,5327.17,3225.52,Concluída
5559,2025-11-03,5,11,2,109,1,438.81,0.0,438.81,291.96,Concluída
5560,2025-01-14,1,13,877,101,1,3176.69,0.0,3176.69,2004.75,Concluída
5561,2025-01-03,2,1,264,115,1,517.13,25.86,491.27,291.44,Concluída
5562,2025-12-17,3,6,476,106,1,137.92,0.0,137.92,73.42,Concluída
5563,2025-07-01,1,13,409,102,1,4043.83,0.0,4043.83,1891.83,Concluída
5564,2025-06-09,1,13,288,104,2,5608.9,0.0,5608.9,3391.24,Concluída
5565,2025-07-24,3,5,982,111,1,3133.63,156.68,2976.95,1612.76,Devolvida
5566,2025-12-20,4,8,136,107,1,143.03,0.0,143.03,89.63,Concluída
5567,2025-01-20,1,13,20,112,2,5258.52,0.0,5258.52,2799.1,Concluída
5568,2025-07-31,1,13,599,103,3,623.22,31.16,592.06,399.72,Concluída
5569,2025-07-16,2,2,925,105,3,4041.3,0.0,4041.3,2574.06,Cancelada
5570,2025-04-09,3,5,282,106,1,137.92,0.0,137.92,73.42,Concluída
5571,2025-01-22,1,13,570,108,1,424.26,21.21,403.05,191.74,Concluída
5572,2025-05-11,1,13,686,111,2,6267.26,626.73,5640.53,3225.52,Concluída
5573,2025-11-26,3,6,993,114,1,440.95,0.0,440.95,271.23,Concluída
5574,2025-08-28,3,5,402,113,1,644.98,0.0,644.98,381.24,Concluída
5575,2025-05-11,1,13,14,103,1,207.74,0.0,207.74,133.24,Concluída
5576,2025-10-03,5,11,161,114,1,440.95,0.0,440.95,271.23,Cancelada
5577,2025-02-10,1,13,115,113,2,1289.96,0.0,1289.96,762.48,Concluída
5578,2025-09-25,5,11,46,102,1,4043.83,404.38,3639.45,1891.83,Concluída
5579,2025-06-12,2,3,457,109,2,877.62,43.88,833.74,583.92,Concluída
5580,2025-07-09,4,8,566,103,2,415.48,0.0,415.48,266.48,Concluída
5581,2025-05-09,3,4,644,111,1,3133.63,0.0,3133.63,1612.76,Concluída
5582,2025-12-19,1,13,199,109,3,1316.43,0.0,1316.43,875.88,Concluída
5583,2025-07-19,3,4,536,102,5,20219.15,0.0,20219.15,9459.15,Concluída
5584,2025-01-23,1,13,813,106,5,689.6,0.0,689.6,367.1,Concluída
5585,2025-04-25,4,8,679,115,1,517.13,0.0,517.13,291.44,Concluída
5586,2025-11-04,4,7,633,101,2,6353.38,317.67,6035.71,4009.5,Concluída
5587,2025-09-22,2,1,78,106,1,137.92,6.9,131.02,73.42,Concluída
5588,2025-04-26,5,10,953,105,2,2694.2,0.0,2694.2,1716.04,Concluída
5589,2025-03-18,3,6,762,105,1,1347.1,67.36,1279.74,858.02,Concluída
5590,2025-04-13,4,9,534,102,1,4043.83,0.0,4043.83,1891.83,Cancelada
5591,2025-06-07,1,13,25,108,2,848.52,0.0,848.52,383.48,Concluída
5592,2025-03-10,1,13,610,106,2,275.84,0.0,275.84,146.84,Concluída
5593,2025-01-29,2,2,458,108,3,1272.78,0.0,1272.78,575.22,Concluída
5594,2025-06-14,1,13,496,113,3,1934.94,0.0,1934.94,1143.72,Cancelada
5595,2025-07-16,3,6,226,107,3,429.09,0.0,429.09,268.89,Devolvida
5596,2025-02-04,1,13,484,105,1,1347.1,0.0,1347.1,858.02,Concluída
5597,2025-08-11,3,4,631,106,1,137.92,6.9,131.02,73.42,Concluída
5598,2025-09-18,5,12,161,112,1,2629.26,0.0,2629.26,1399.55,Concluída
5599,2025-06-25,1,13,713,108,2,848.52,42.43,806.09,383.48,Concluída
5600,2025-01-31,4,7,267,114,3,1322.85,0.0,1322.85,813.69,Concluída
5601,2025-05-11,4,9,387,105,1,1347.1,67.36,1279.74,858.02,Concluída
5602,2025-10-29,1,13,693,109,2,877.62,87.76,789.86,583.92,Concluída
5603,2025-11-04,3,5,849,103,1,207.74,0.0,207.74,133.24,Concluída
5604,2025-10-13,2,2,392,106,1,137.92,0.0,137.92,73.42,Concluída
5605,2025-08-30,4,8,353,102,3,12131.49,0.0,12131.49,5675.49,Concluída
5606,2025-01-04,4,9,664,113,1,644.98,32.25,612.73,381.24,Concluída
5607,2025-11-27,4,8,186,110,1,153.35,7.67,145.68,76.82,Concluída
5608,2025-07-18,1,13,780,105,1,1347.1,67.36,1279.74,858.02,Concluída
5609,2025-06-06,3,6,775,110,1,153.35,0.0,153.35,76.82,Concluída
5610,2025-06-18,1,13,644,103,1,207.74,0.0,207.74,133.24,Concluída
5611,2025-08-13,1,13,907,105,1,1347.1,0.0,1347.1,858.02,Concluída
5612,2025-12-29,3,6,678,113,2,1289.96,193.49,1096.47,762.48,Concluída
5613,2025-10-15,3,5,395,113,2,1289.96,0.0,1289.96,762.48,Concluída
5614,2025-02-01,1,13,524,109,1,438.81,21.94,416.87,291.96,Concluída
5615,2025-09-23,2,2,788,112,1,2629.26,0.0,2629.26,1399.55,Devolvida
5616,2025-05-17,1,13,843,110,2,306.7,15.34,291.36,153.64,Cancelada
5617,2025-05-03,2,2,277,114,2,881.9,44.09,837.81,542.46,Concluída
5618,2025-11-12,5,11,840,115,1,517.13,0.0,517.13,291.44,Concluída
5619,2025-09-21,2,3,742,115,2,1034.26,51.71,982.55,582.88,Concluída
5620,2025-11-15,1,13,411,104,3,8413.35,420.67,7992.68,5086.86,Cancelada
5621,2025-03-31,2,2,450,113,1,644.98,0.0,644.98,381.24,Concluída
5622,2025-08-22,1,13,350,115,1,517.13,25.86,491.27,291.44,Concluída
5623,2025-02-03,4,7,388,115,1,517.13,0.0,517.13,291.44,Concluída
5624,2025-09-11,1,13,21,112,2,5258.52,0.0,5258.52,2799.1,Concluída
5625,2025-12-20,4,8,436,107,3,429.09,21.45,407.64,268.89,Concluída
5626,2025-06-09,4,9,407,110,2,306.7,0.0,306.7,153.64,Concluída
5627,2025-08-09,2,2,177,115,2,1034.26,0.0,1034.26,582.88,Concluída
5628,2025-08-26,2,3,646,103,1,207.74,0.0,207.74,133.24,Concluída
5629,2025-10-10,2,1,704,108,1,424.26,21.21,403.05,191.74,Concluída
5630,2025-05-18,2,3,368,108,2,848.52,0.0,848.52,383.48,Concluída
5631,2025-12-21,1,13,155,110,1,153.35,23.0,130.35,76.82,Concluída
5632,2025-11-14,1,13,229,113,1,644.98,0.0,644.98,381.24,Concluída
5633,2025-05-27,2,1,988,102,1,4043.83,0.0,4043.83,1891.83,Devolvida
5634,2025-04-03,5,12,116,114,1,440.95,0.0,440.95,271.23,Concluída
5635,2025-11-06,5,11,843,101,1,3176.69,0.0,3176.69,2004.75,Concluída
5636,2025-12-08,3,4,215,102,2,8087.66,0.0,8087.66,3783.66,Concluída
5637,2025-06-10,1,13,198,107,3,429.09,0.0,429.09,268.89,Concluída
5638,2025-01-05,4,8,251,104,2,5608.9,280.44,5328.46,3391.24,Concluída
5639,2025-03-31,4,7,34,102,1,4043.83,404.38,3639.45,1891.83,Concluída
5640,2025-08-19,1,13,300,110,1,153.35,0.0,153.35,76.82,Concluída
5641,2025-08-18,2,1,98,112,2,5258.52,0.0,5258.52,2799.1,Concluída
5642,2025-12-03,3,5,566,104,1,2804.45,0.0,2804.45,1695.62,Concluída
5643,2025-04-21,1,13,398,113,3,1934.94,0.0,1934.94,1143.72,Concluída
5644,2025-08-30,3,6,703,113,5,3224.9,0.0,3224.9,1906.2,Concluída
5645,2025-05-01,2,2,686,105,2,2694.2,269.42,2424.78,1716.04,Concluída
5646,2025-03-01,1,13,954,104,2,5608.9,280.44,5328.46,3391.24,Concluída
5647,2025-04-09,2,3,28,107,2,286.06,14.3,271.76,179.26,Concluída
5648,2025-10-25,1,13,775,102,1,4043.83,202.19,3841.64,1891.83,Concluída
5649,2025-05-15,5,12,780,113,2,1289.96,0.0,1289.96,762.48,Concluída
5650,2025-09-05,2,1,62,110,1,153.35,0.0,153.35,76.82,Concluída
5651,2025-03-02,1,13,221,109,1,438.81,0.0,438.81,291.96,Concluída
5652,2025-10-28,4,9,902,114,3,1322.85,0.0,1322.85,813.69,Concluída
5653,2025-12-08,5,12,1000,106,2,275.84,27.58,248.26,146.84,Concluída
5654,2025-08-07,1,13,741,111,4,12534.52,0.0,12534.52,6451.04,Cancelada
5655,2025-01-20,1,13,7,114,4,1763.8,88.19,1675.61,1084.92,Concluída
5656,2025-08-04,2,1,824,112,2,5258.52,0.0,5258.52,2799.1,Concluída
5657,2025-05-21,1,13,427,101,3,9530.07,0.0,9530.07,6014.25,Concluída
5658,2025-02-22,3,4,123,115,5,2585.65,0.0,2585.65,1457.2,Concluída
5659,2025-11-20,3,6,639,103,1,207.74,10.39,197.35,133.24,Concluída
5660,2025-02-25,3,6,819,111,1,3133.63,313.36,2820.27,1612.76,Concluída
5661,2025-05-30,1,13,325,112,1,2629.26,0.0,2629.26,1399.55,Concluída
5662,2025-07-08,5,11,556,111,1,3133.63,0.0,3133.63,1612.76,Cancelada
5663,2025-01-14,5,10,431,114,1,440.95,0.0,440.95,271.23,Concluída
5664,2025-12-05,1,13,19,110,1,153.35,0.0,153.35,76.82,Concluída
5665,2025-11-20,4,7,671,105,3,4041.3,0.0,4041.3,2574.06,Concluída
5666,2025-01-02,4,8,35,102,1,4043.83,0.0,4043.83,1891.83,Concluída
5667,2025-01-15,1,13,814,113,1,644.98,0.0,644.98,381.24,Concluída
5668,2025-06-07,3,6,560,112,3,7887.78,0.0,7887.78,4198.65,Concluída
5669,2025-10-04,1,13,611,108,1,424.26,0.0,424.26,191.74,Concluída
5670,2025-12-25,1,13,100,111,1,3133.63,156.68,2976.95,1612.76,Concluída
5671,2025-05-25,1,13,914,113,2,1289.96,0.0,1289.96,762.48,Concluída
5672,2025-05-29,1,13,379,104,1,2804.45,0.0,2804.45,1695.62,Concluída
5673,2025-11-26,4,7,711,107,2,286.06,0.0,286.06,179.26,Concluída
5674,2025-01-14,3,6,369,103,1,207.74,0.0,207.74,133.24,Concluída
5675,2025-12-13,2,2,544,115,2,1034.26,0.0,1034.26,582.88,Devolvida
5676,2025-11-07,1,13,34,113,1,644.98,32.25,612.73,381.24,Concluída
5677,2025-03-15,1,13,496,109,2,877.62,0.0,877.62,583.92,Concluída
5678,2025-10-06,1,13,25,104,1,2804.45,0.0,2804.45,1695.62,Concluída
5679,2025-01-27,1,13,581,111,2,6267.26,0.0,6267.26,3225.52,Concluída
5680,2025-02-01,2,3,470,109,1,438.81,0.0,438.81,291.96,Devolvida
5681,2025-10-31,1,13,947,105,1,1347.1,0.0,1347.1,858.02,Concluída
5682,2025-02-21,1,13,77,108,3,1272.78,0.0,1272.78,575.22,Devolvida
5683,2025-09-21,4,8,746,111,1,3133.63,313.36,2820.27,1612.76,Devolvida
5684,2025-03-11,3,6,257,109,3,1316.43,0.0,1316.43,875.88,Concluída
5685,2025-05-26,3,4,326,106,3,413.76,20.69,393.07,220.26,Concluída
5686,2025-06-15,4,8,81,105,1,1347.1,134.71,1212.39,858.02,Concluída
5687,2025-12-21,4,9,556,108,1,424.26,42.43,381.83,191.74,Concluída
5688,2025-04-08,3,4,342,103,1,207.74,0.0,207.74,133.24,Concluída
5689,2025-02-26,1,13,528,104,1,2804.45,140.22,2664.23,1695.62,Concluída
5690,2025-07-27,4,7,954,111,1,3133.63,0.0,3133.63,1612.76,Concluída
5691,2025-07-31,5,12,306,109,1,438.81,21.94,416.87,291.96,Concluída
5692,2025-01-01,1,13,727,104,1,2804.45,140.22,2664.23,1695.62,Concluída
5693,2025-08-21,2,2,346,106,2,275.84,0.0,275.84,146.84,Concluída
5694,2025-05-06,1,13,398,109,1,438.81,0.0,438.81,291.96,Concluída
5695,2025-07-21,5,10,822,109,1,438.81,0.0,438.81,291.96,Concluída
5696,2025-11-26,1,13,525,111,5,15668.15,783.41,14884.74,8063.8,Concluída
5697,2025-01-07,1,13,8,110,2,306.7,30.67,276.03,153.64,Devolvida
5698,2025-03-24,2,1,447,109,1,438.81,0.0,438.81,291.96,Cancelada
5699,2025-09-09,1,13,717,109,1,438.81,0.0,438.81,291.96,Cancelada
5700,2025-03-04,5,11,597,102,3,12131.49,1213.15,10918.34,5675.49,Concluída
5701,2025-10-21,2,3,897,102,1,4043.83,0.0,4043.83,1891.83,Concluída
5702,2025-10-31,1,13,172,110,1,153.35,0.0,153.35,76.82,Concluída
5703,2025-03-12,1,13,132,109,1,438.81,0.0,438.81,291.96,Concluída
5704,2025-11-26,3,6,548,101,2,6353.38,0.0,6353.38,4009.5,Concluída
5705,2025-02-08,3,5,177,107,1,143.03,0.0,143.03,89.63,Concluída
5706,2025-05-15,1,13,641,106,2,275.84,0.0,275.84,146.84,Concluída
5707,2025-05-06,1,13,982,113,3,1934.94,0.0,1934.94,1143.72,Concluída
5708,2025-02-01,1,13,288,114,1,440.95,0.0,440.95,271.23,Concluída
5709,2025-04-18,1,13,310,114,1,440.95,0.0,440.95,271.23,Concluída
5710,2025-11-25,2,3,896,111,1,3133.63,156.68,2976.95,1612.76,Concluída
5711,2025-11-12,1,13,913,108,4,1697.04,0.0,1697.04,766.96,Concluída
5712,2025-08-07,1,13,577,108,1,424.26,42.43,381.83,191.74,Concluída
5713,2025-10-26,3,6,960,108,2,848.52,0.0,848.52,383.48,Concluída
5714,2025-08-12,3,5,80,102,1,4043.83,0.0,4043.83,1891.83,Concluída
5715,2025-08-11,4,9,638,107,1,143.03,7.15,135.88,89.63,Concluída
5716,2025-04-08,1,13,519,101,3,9530.07,0.0,9530.07,6014.25,Cancelada
5717,2025-11-12,4,8,322,101,2,6353.38,317.67,6035.71,4009.5,Concluída
5718,2025-03-07,1,13,148,115,2,1034.26,51.71,982.55,582.88,Concluída
5719,2025-01-05,3,4,132,112,1,2629.26,0.0,2629.26,1399.55,Concluída
5720,2025-11-29,3,4,216,113,1,644.98,32.25,612.73,381.24,Concluída
5721,2025-02-27,2,1,442,107,2,286.06,0.0,286.06,179.26,Concluída
5722,2025-06-07,3,5,597,108,1,424.26,0.0,424.26,191.74,Concluída
5723,2025-09-27,4,9,339,115,1,517.13,0.0,517.13,291.44,Concluída
5724,2025-10-07,5,10,246,110,1,153.35,0.0,153.35,76.82,Concluída
5725,2025-11-28,1,13,11,103,1,207.74,0.0,207.74,133.24,Concluída
5726,2025-04-02,3,5,348,113,1,644.98,32.25,612.73,381.24,Concluída
5727,2025-07-12,4,7,457,102,2,8087.66,0.0,8087.66,3783.66,Concluída
5728,2025-06-27,4,9,687,101,1,3176.69,158.83,3017.86,2004.75,Concluída
5729,2025-02-04,5,11,542,105,2,2694.2,0.0,2694.2,1716.04,Concluída
5730,2025-09-07,4,9,617,105,1,1347.1,0.0,1347.1,858.02,Concluída
5731,2025-11-08,4,8,400,107,4,572.12,0.0,572.12,358.52,Concluída
5732,2025-07-23,4,9,470,102,1,4043.83,0.0,4043.83,1891.83,Concluída
5733,2025-09-27,1,13,735,108,2,848.52,0.0,848.52,383.48,Concluída
5734,2025-05-28,3,5,996,109,2,877.62,0.0,877.62,583.92,Concluída
5735,2025-05-01,3,4,658,111,2,6267.26,0.0,6267.26,3225.52,Concluída
5736,2025-09-24,1,13,508,106,3,413.76,0.0,413.76,220.26,Concluída
5737,2025-06-21,1,13,352,111,1,3133.63,0.0,3133.63,1612.76,Concluída
5738,2025-08-24,3,6,63,108,3,1272.78,0.0,1272.78,575.22,Concluída
5739,2025-11-20,3,5,992,104,1,2804.45,0.0,2804.45,1695.62,Concluída
5740,2025-02-23,4,8,107,103,1,207.74,31.16,176.58,133.24,Concluída
5741,2025-02-25,3,6,642,109,1,438.81,0.0,438.81,291.96,Concluída
5742,2025-01-27,1,13,808,111,3,9400.89,0.0,9400.89,4838.28,Concluída
5743,2025-02-23,2,2,650,109,1,438.81,0.0,438.81,291.96,Cancelada
5744,2025-07-26,1,13,778,115,2,1034.26,0.0,1034.26,582.88,Concluída
5745,2025-09-16,4,7,25,103,1,207.74,0.0,207.74,133.24,Concluída
5746,2025-05-30,5,11,43,108,1,424.26,0.0,424.26,191.74,Concluída
5747,2025-12-18,1,13,526,108,1,424.26,0.0,424.26,191.74,Concluída
5748,2025-04-29,2,2,35,101,1,3176.69,476.5,2700.19,2004.75,Devolvida
5749,2025-10-21,1,13,809,103,1,207.74,10.39,197.35,133.24,Concluída
5750,2025-06-27,1,13,933,111,1,3133.63,156.68,2976.95,1612.76,Devolvida
5751,2025-10-04,2,2,686,106,1,137.92,0.0,137.92,73.42,Concluída
5752,2025-05-16,1,13,820,101,2,6353.38,317.67,6035.71,4009.5,Concluída
5753,2025-10-19,1,13,765,101,1,3176.69,317.67,2859.02,2004.75,Concluída
5754,2025-05-06,5,10,857,106,1,137.92,20.69,117.23,73.42,Concluída
5755,2025-03-05,3,5,605,113,1,644.98,0.0,644.98,381.24,Concluída
5756,2025-09-25,2,1,83,105,2,2694.2,0.0,2694.2,1716.04,Cancelada
5757,2025-04-02,1,13,924,105,1,1347.1,67.36,1279.74,858.02,Concluída
5758,2025-08-22,2,1,147,109,1,438.81,0.0,438.81,291.96,Cancelada
5759,2025-06-20,5,12,198,112,1,2629.26,262.93,2366.33,1399.55,Concluída
5760,2025-07-23,1,13,793,107,5,715.15,35.76,679.39,448.15,Concluída
5761,2025-09-29,2,1,928,109,2,877.62,0.0,877.62,583.92,Concluída
5762,2025-02-02,4,7,669,106,1,137.92,13.79,124.13,73.42,Concluída
5763,2025-04-17,2,2,947,103,1,207.74,0.0,207.74,133.24,Concluída
5764,2025-05-19,1,13,408,111,1,3133.63,0.0,3133.63,1612.76,Concluída
5765,2025-12-15,3,6,257,107,1,143.03,7.15,135.88,89.63,Cancelada
5766,2025-03-28,2,2,742,112,1,2629.26,0.0,2629.26,1399.55,Concluída
5767,2025-10-27,1,13,58,103,1,207.74,20.77,186.97,133.24,Concluída
5768,2025-02-09,4,9,850,112,2,5258.52,0.0,5258.52,2799.1,Concluída
5769,2025-02-07,1,13,678,113,2,1289.96,193.49,1096.47,762.48,Concluída
5770,2025-02-12,3,4,776,113,1,644.98,0.0,644.98,381.24,Concluída
5771,2025-03-27,3,5,470,115,3,1551.39,0.0,1551.39,874.32,Concluída
5772,2025-07-31,4,7,244,108,2,848.52,127.28,721.24,383.48,Concluída
5773,2025-12-08,1,13,828,107,1,143.03,0.0,143.03,89.63,Cancelada
5774,2025-07-02,4,7,600,110,1,153.35,0.0,153.35,76.82,Concluída
5775,2025-05-01,1,13,690,107,1,143.03,0.0,143.03,89.63,Concluída
5776,2025-09-09,2,1,185,106,2,275.84,0.0,275.84,146.84,Concluída
5777,2025-10-25,1,13,967,103,2,415.48,0.0,415.48,266.48,Concluída
5778,2025-03-14,5,10,560,105,1,1347.1,0.0,1347.1,858.02,Concluída
5779,2025-09-02,5,11,89,108,1,424.26,21.21,403.05,191.74,Concluída
5780,2025-12-09,1,13,861,109,3,1316.43,0.0,1316.43,875.88,Concluída
5781,2025-05-01,2,1,512,110,1,153.35,0.0,153.35,76.82,Concluída
5782,2025-01-25,2,3,834,113,1,644.98,0.0,644.98,381.24,Concluída
5783,2025-11-22,1,13,873,107,1,143.03,0.0,143.03,89.63,Concluída
5784,2025-01-13,2,1,493,110,1,153.35,0.0,153.35,76.82,Concluída
5785,2025-01-26,1,13,497,106,1,137.92,0.0,137.92,73.42,Concluída
5786,2025-01-09,1,13,634,103,1,207.74,0.0,207.74,133.24,Concluída
5787,2025-02-14,1,13,222,113,1,644.98,0.0,644.98,381.24,Concluída
5788,2025-10-19,1,13,647,103,2,415.48,62.32,353.16,266.48,Concluída
5789,2025-11-15,1,13,267,103,1,207.74,0.0,207.74,133.24,Concluída
5790,2025-11-09,1,13,963,107,2,286.06,28.61,257.45,179.26,Concluída
5791,2025-03-14,4,7,696,108,1,424.26,42.43,381.83,191.74,Concluída
5792,2025-11-12,4,9,515,102,2,8087.66,404.38,7683.28,3783.66,Cancelada
5793,2025-12-07,2,3,819,109,2,877.62,0.0,877.62,583.92,Concluída
5794,2025-02-01,1,13,237,107,2,286.06,0.0,286.06,179.26,Devolvida
5795,2025-06-04,1,13,191,108,1,424.26,0.0,424.26,191.74,Concluída
5796,2025-04-30,4,9,721,112,2,5258.52,0.0,5258.52,2799.1,Cancelada
5797,2025-02-22,4,8,244,103,1,207.74,10.39,197.35,133.24,Concluída
5798,2025-10-24,1,13,581,115,3,1551.39,0.0,1551.39,874.32,Concluída
5799,2025-12-27,3,5,835,112,5,13146.3,657.32,12488.98,6997.75,Concluída
5800,2025-10-07,1,13,854,110,2,306.7,30.67,276.03,153.64,Concluída
5801,2025-10-25,2,3,5,112,4,10517.04,525.85,9991.19,5598.2,Concluída
5802,2025-03-18,3,5,405,112,1,2629.26,394.39,2234.87,1399.55,Concluída
5803,2025-12-15,1,13,218,115,3,1551.39,77.57,1473.82,874.32,Concluída
5804,2025-04-09,3,4,597,112,1,2629.26,0.0,2629.26,1399.55,Concluída
5805,2025-07-06,4,8,960,104,1,2804.45,140.22,2664.23,1695.62,Concluída
5806,2025-06-24,5,10,994,107,1,143.03,7.15,135.88,89.63,Concluída
5807,2025-07-04,1,13,965,110,1,153.35,7.67,145.68,76.82,Concluída
5808,2025-07-27,1,13,142,104,1,2804.45,420.67,2383.78,1695.62,Concluída
5809,2025-10-21,4,8,703,102,2,8087.66,0.0,8087.66,3783.66,Concluída
5810,2025-05-18,1,13,998,103,1,207.74,0.0,207.74,133.24,Concluída
5811,2025-08-09,1,13,480,108,2,848.52,42.43,806.09,383.48,Concluída
5812,2025-04-03,1,13,697,105,1,1347.1,0.0,1347.1,858.02,Concluída
5813,2025-10-30,4,7,997,109,1,438.81,21.94,416.87,291.96,Concluída
5814,2025-10-23,1,13,264,108,1,424.26,0.0,424.26,191.74,Concluída
5815,2025-12-05,1,13,554,104,2,5608.9,0.0,5608.9,3391.24,Concluída
5816,2025-04-16,1,13,104,101,1,3176.69,0.0,3176.69,2004.75,Cancelada
5817,2025-02-14,5,11,666,107,2,286.06,42.91,243.15,179.26,Concluída
5818,2025-04-26,1,13,987,102,2,8087.66,1213.15,6874.51,3783.66,Devolvida
5819,2025-07-14,1,13,778,106,1,137.92,0.0,137.92,73.42,Concluída
5820,2025-05-14,4,7,249,115,2,1034.26,0.0,1034.26,582.88,Cancelada
5821,2025-06-15,1,13,821,107,1,143.03,21.45,121.58,89.63,Concluída
5822,2025-03-17,1,13,584,111,1,3133.63,156.68,2976.95,1612.76,Concluída
5823,2025-10-10,3,4,952,109,3,1316.43,0.0,1316.43,875.88,Concluída
5824,2025-10-13,2,3,103,113,1,644.98,0.0,644.98,381.24,Devolvida
5825,2025-08-07,4,8,965,105,1,1347.1,0.0,1347.1,858.02,Cancelada
5826,2025-06-14,1,13,347,102,1,4043.83,404.38,3639.45,1891.83,Devolvida
5827,2025-02-26,4,8,478,112,1,2629.26,0.0,2629.26,1399.55,Concluída
5828,2025-08-08,4,8,280,104,1,2804.45,140.22,2664.23,1695.62,Concluída
5829,2025-12-09,4,7,392,108,1,424.26,0.0,424.26,191.74,Concluída
5830,2025-01-03,2,2,987,104,2,5608.9,0.0,5608.9,3391.24,Concluída
5831,2025-09-28,4,9,310,114,1,440.95,22.05,418.9,271.23,Concluída
5832,2025-08-19,1,13,458,103,3,623.22,0.0,623.22,399.72,Concluída
5833,2025-03-28,3,4,631,113,4,2579.92,0.0,2579.92,1524.96,Concluída
5834,2025-10-10,5,12,464,106,2,275.84,27.58,248.26,146.84,Concluída
5835,2025-05-13,2,2,15,115,2,1034.26,0.0,1034.26,582.88,Concluída
5836,2025-11-23,1,13,899,102,1,4043.83,0.0,4043.83,1891.83,Concluída
5837,2025-05-14,1,13,445,102,1,4043.83,0.0,4043.83,1891.83,Concluída
5838,2025-05-20,1,13,129,114,1,440.95,0.0,440.95,271.23,Concluída
5839,2025-08-03,4,9,59,110,1,153.35,0.0,153.35,76.82,Concluída
5840,2025-12-04,4,9,362,107,1,143.03,7.15,135.88,89.63,Concluída
5841,2025-09-18,1,13,165,109,2,877.62,0.0,877.62,583.92,Concluída
5842,2025-04-18,1,13,498,109,1,438.81,21.94,416.87,291.96,Concluída
5843,2025-07-03,2,3,688,106,2,275.84,0.0,275.84,146.84,Concluída
5844,2025-08-27,2,3,371,109,3,1316.43,65.82,1250.61,875.88,Concluída
5845,2025-03-17,1,13,233,108,2,848.52,0.0,848.52,383.48,Concluída
5846,2025-09-15,2,1,473,113,1,644.98,32.25,612.73,381.24,Concluída
5847,2025-04-19,5,11,612,113,1,644.98,96.75,548.23,381.24,Concluída
5848,2025-07-09,4,8,682,110,1,153.35,0.0,153.35,76.82,Concluída
5849,2025-03-07,3,6,423,104,2,5608.9,0.0,5608.9,3391.24,Concluída
5850,2025-08-25,3,6,342,106,2,275.84,0.0,275.84,146.84,Concluída
5851,2025-04-15,3,6,307,115,1,517.13,0.0,517.13,291.44,Concluída
5852,2025-03-02,1,13,365,105,1,1347.1,134.71,1212.39,858.02,Concluída
5853,2025-10-24,2,2,151,105,3,4041.3,0.0,4041.3,2574.06,Cancelada
5854,2025-09-11,1,13,24,113,1,644.98,32.25,612.73,381.24,Concluída
5855,2025-11-22,3,4,206,106,1,137.92,0.0,137.92,73.42,Concluída
5856,2025-04-29,1,13,809,111,3,9400.89,0.0,9400.89,4838.28,Concluída
5857,2025-06-14,1,13,597,101,1,3176.69,158.83,3017.86,2004.75,Concluída
5858,2025-02-20,3,5,24,108,1,424.26,21.21,403.05,191.74,Concluída
5859,2025-07-28,1,13,279,102,2,8087.66,0.0,8087.66,3783.66,Concluída
5860,2025-03-20,2,1,54,110,1,153.35,0.0,153.35,76.82,Concluída
5861,2025-04-18,3,4,184,110,2,306.7,0.0,306.7,153.64,Concluída
5862,2025-02-17,1,13,925,111,2,6267.26,0.0,6267.26,3225.52,Concluída
5863,2025-01-29,3,5,330,103,1,207.74,0.0,207.74,133.24,Concluída
5864,2025-01-15,1,13,354,108,2,848.52,0.0,848.52,383.48,Concluída
5865,2025-10-06,1,13,845,107,1,143.03,0.0,143.03,89.63,Cancelada
5866,2025-11-21,2,2,906,112,3,7887.78,0.0,7887.78,4198.65,Concluída
5867,2025-01-22,1,13,575,104,2,5608.9,0.0,5608.9,3391.24,Concluída
5868,2025-04-17,1,13,814,101,1,3176.69,158.83,3017.86,2004.75,Concluída
5869,2025-05-15,4,7,207,106,2,275.84,0.0,275.84,146.84,Concluída
5870,2025-05-29,5,10,989,108,2,848.52,42.43,806.09,383.48,Concluída
5871,2025-04-10,1,13,958,113,2,1289.96,0.0,1289.96,762.48,Concluída
5872,2025-08-21,1,13,852,102,2,8087.66,0.0,8087.66,3783.66,Concluída
5873,2025-07-16,3,5,682,104,1,2804.45,420.67,2383.78,1695.62,Concluída
5874,2025-07-12,2,3,682,109,1,438.81,0.0,438.81,291.96,Concluída
5875,2025-01-14,2,1,158,115,3,1551.39,155.14,1396.25,874.32,Concluída
5876,2025-07-24,5,12,492,115,1,517.13,25.86,491.27,291.44,Concluída
5877,2025-12-10,4,8,623,115,1,517.13,25.86,491.27,291.44,Concluída
5878,2025-05-19,3,4,621,111,2,6267.26,0.0,6267.26,3225.52,Cancelada
5879,2025-08-20,3,6,401,104,1,2804.45,0.0,2804.45,1695.62,Concluída
5880,2025-06-06,4,9,161,104,1,2804.45,0.0,2804.45,1695.62,Concluída
5881,2025-01-30,1,13,649,106,2,275.84,0.0,275.84,146.84,Concluída
5882,2025-01-23,3,4,671,104,2,5608.9,0.0,5608.9,3391.24,Concluída
5883,2025-09-24,5,12,248,110,1,153.35,0.0,153.35,76.82,Concluída
5884,2025-02-15,1,13,232,104,1,2804.45,0.0,2804.45,1695.62,Concluída
5885,2025-06-13,4,8,554,111,1,3133.63,0.0,3133.63,1612.76,Concluída
5886,2025-07-19,1,13,242,109,1,438.81,0.0,438.81,291.96,Concluída
5887,2025-04-04,1,13,697,115,1,517.13,0.0,517.13,291.44,Cancelada
5888,2025-12-21,5,12,373,111,1,3133.63,156.68,2976.95,1612.76,Concluída
5889,2025-06-08,2,1,5,108,1,424.26,0.0,424.26,191.74,Concluída
5890,2025-12-20,2,2,15,104,2,5608.9,0.0,5608.9,3391.24,Concluída
5891,2025-08-20,2,3,627,101,1,3176.69,158.83,3017.86,2004.75,Concluída
5892,2025-11-18,3,6,247,110,1,153.35,23.0,130.35,76.82,Concluída
5893,2025-01-04,3,4,741,101,1,3176.69,0.0,3176.69,2004.75,Concluída
5894,2025-02-04,1,13,931,113,3,1934.94,0.0,1934.94,1143.72,Concluída
5895,2025-08-18,1,13,906,102,1,4043.83,0.0,4043.83,1891.83,Concluída
5896,2025-01-29,2,3,437,113,3,1934.94,96.75,1838.19,1143.72,Concluída
5897,2025-12-26,1,13,163,106,1,137.92,0.0,137.92,73.42,Concluída
5898,2025-09-30,3,4,121,115,1,517.13,0.0,517.13,291.44,Concluída
5899,2025-04-17,1,13,591,115,2,1034.26,0.0,1034.26,582.88,Concluída
5900,2025-07-08,5,11,408,103,1,207.74,31.16,176.58,133.24,Concluída
5901,2025-06-16,4,7,598,115,2,1034.26,0.0,1034.26,582.88,Concluída
5902,2025-06-02,2,1,780,108,1,424.26,0.0,424.26,191.74,Concluída
5903,2025-10-12,5,10,358,107,3,429.09,21.45,407.64,268.89,Concluída
5904,2025-08-08,5,11,448,107,1,143.03,14.3,128.73,89.63,Concluída
5905,2025-09-12,2,1,330,102,1,4043.83,404.38,3639.45,1891.83,Cancelada
5906,2025-01-27,1,13,946,105,3,4041.3,0.0,4041.3,2574.06,Concluída
5907,2025-11-25,1,13,895,114,1,440.95,0.0,440.95,271.23,Concluída
5908,2025-03-26,2,2,981,110,1,153.35,0.0,153.35,76.82,Concluída
5909,2025-10-07,1,13,706,107,1,143.03,0.0,143.03,89.63,Cancelada
5910,2025-07-19,1,13,517,106,1,137.92,0.0,137.92,73.42,Concluída
5911,2025-08-26,1,13,29,111,2,6267.26,0.0,6267.26,3225.52,Concluída
5912,2025-04-05,4,7,575,101,1,3176.69,158.83,3017.86,2004.75,Concluída
5913,2025-05-16,3,5,900,114,1,440.95,0.0,440.95,271.23,Concluída
5914,2025-02-19,5,11,524,108,1,424.26,42.43,381.83,191.74,Concluída
5915,2025-06-11,3,4,690,110,3,460.05,0.0,460.05,230.46,Concluída
5916,2025-10-14,3,6,560,106,1,137.92,0.0,137.92,73.42,Concluída
5917,2025-06-19,2,3,301,110,2,306.7,15.34,291.36,153.64,Concluída
5918,2025-02-04,2,2,229,106,3,413.76,0.0,413.76,220.26,Concluída
5919,2025-06-23,1,13,668,111,1,3133.63,0.0,3133.63,1612.76,Concluída
5920,2025-12-21,1,13,509,111,1,3133.63,0.0,3133.63,1612.76,Concluída
5921,2025-02-02,1,13,916,110,1,153.35,0.0,153.35,76.82,Concluída
5922,2025-10-17,2,3,99,115,3,1551.39,0.0,1551.39,874.32,Concluída
5923,2025-12-11,5,11,620,113,1,644.98,32.25,612.73,381.24,Concluída
5924,2025-08-20,5,11,64,101,2,6353.38,0.0,6353.38,4009.5,Concluída
5925,2025-09-24,1,13,367,110,2,306.7,0.0,306.7,153.64,Concluída
5926,2025-06-03,1,13,834,102,3,12131.49,0.0,12131.49,5675.49,Concluída
5927,2025-07-28,1,13,854,108,1,424.26,0.0,424.26,191.74,Concluída
5928,2025-12-28,1,13,343,115,1,517.13,0.0,517.13,291.44,Concluída
5929,2025-07-09,4,8,3,114,3,1322.85,66.14,1256.71,813.69,Concluída
5930,2025-07-14,3,4,879,111,1,3133.63,313.36,2820.27,1612.76,Concluída
5931,2025-05-22,1,13,836,102,1,4043.83,0.0,4043.83,1891.83,Concluída
5932,2025-10-12,1,13,796,113,1,644.98,32.25,612.73,381.24,Concluída
5933,2025-03-23,2,3,64,112,1,2629.26,0.0,2629.26,1399.55,Concluída
5934,2025-03-11,2,3,114,114,1,440.95,0.0,440.95,271.23,Concluída
5935,2025-05-09,3,5,908,101,3,9530.07,0.0,9530.07,6014.25,Concluída
5936,2025-03-05,1,13,729,104,1,2804.45,0.0,2804.45,1695.62,Concluída
5937,2025-11-16,4,8,375,110,2,306.7,0.0,306.7,153.64,Concluída
5938,2025-08-29,1,13,616,105,3,4041.3,0.0,4041.3,2574.06,Cancelada
5939,2025-12-05,2,1,489,106,1,137.92,0.0,137.92,73.42,Concluída
5940,2025-10-31,3,4,750,109,2,877.62,87.76,789.86,583.92,Concluída
5941,2025-01-02,1,13,645,113,2,1289.96,129.0,1160.96,762.48,Concluída
5942,2025-03-03,3,4,816,108,2,848.52,84.85,763.67,383.48,Cancelada
5943,2025-04-17,1,13,241,103,1,207.74,0.0,207.74,133.24,Concluída
5944,2025-12-09,2,1,149,108,1,424.26,21.21,403.05,191.74,Concluída
5945,2025-05-06,4,8,778,114,2,881.9,0.0,881.9,542.46,Concluída
5946,2025-02-05,1,13,177,112,1,2629.26,0.0,2629.26,1399.55,Concluída
5947,2025-01-28,1,13,675,114,2,881.9,88.19,793.71,542.46,Concluída
5948,2025-09-09,2,3,101,107,3,429.09,0.0,429.09,268.89,Concluída
5949,2025-01-18,4,7,685,114,1,440.95,0.0,440.95,271.23,Concluída
5950,2025-12-27,4,9,191,109,1,438.81,0.0,438.81,291.96,Concluída
5951,2025-09-13,1,13,553,113,2,1289.96,64.5,1225.46,762.48,Devolvida
5952,2025-11-17,4,7,507,108,2,848.52,0.0,848.52,383.48,Concluída
5953,2025-01-31,4,9,684,108,1,424.26,0.0,424.26,191.74,Concluída
5954,2025-02-16,2,1,252,115,1,517.13,0.0,517.13,291.44,Concluída
5955,2025-03-25,4,7,84,111,3,9400.89,940.09,8460.8,4838.28,Concluída
5956,2025-12-19,2,2,567,106,5,689.6,0.0,689.6,367.1,Concluída
5957,2025-07-17,5,10,650,101,1,3176.69,0.0,3176.69,2004.75,Concluída
5958,2025-02-24,4,8,11,108,2,848.52,42.43,806.09,383.48,Concluída
5959,2025-11-22,3,6,837,104,1,2804.45,140.22,2664.23,1695.62,Concluída
5960,2025-12-23,1,13,45,111,3,9400.89,0.0,9400.89,4838.28,Concluída
5961,2025-11-07,1,13,28,110,1,153.35,0.0,153.35,76.82,Concluída
5962,2025-09-27,1,13,365,105,2,2694.2,134.71,2559.49,1716.04,Concluída
5963,2025-11-01,2,2,302,108,2,848.52,42.43,806.09,383.48,Concluída
5964,2025-05-28,2,2,129,111,1,3133.63,156.68,2976.95,1612.76,Concluída
5965,2025-10-19,1,13,964,105,2,2694.2,0.0,2694.2,1716.04,Concluída
5966,2025-06-04,1,13,711,113,1,644.98,0.0,644.98,381.24,Concluída
5967,2025-05-30,3,4,325,103,2,415.48,0.0,415.48,266.48,Concluída
5968,2025-12-08,4,8,389,106,3,413.76,41.38,372.38,220.26,Concluída
5969,2025-01-13,1,13,488,115,1,517.13,0.0,517.13,291.44,Concluída
5970,2025-11-02,1,13,720,110,2,306.7,0.0,306.7,153.64,Concluída
5971,2025-04-23,3,5,497,108,3,1272.78,0.0,1272.78,575.22,Concluída
5972,2025-08-14,3,5,258,114,1,440.95,0.0,440.95,271.23,Concluída
5973,2025-06-12,5,10,734,104,3,8413.35,420.67,7992.68,5086.86,Concluída
5974,2025-02-20,1,13,141,103,1,207.74,20.77,186.97,133.24,Concluída
5975,2025-03-16,1,13,936,102,1,4043.83,0.0,4043.83,1891.83,Concluída
5976,2025-01-26,5,10,877,107,1,143.03,0.0,143.03,89.63,Cancelada
5977,2025-11-06,2,3,569,115,1,517.13,0.0,517.13,291.44,Concluída
5978,2025-07-10,1,13,544,106,3,413.76,0.0,413.76,220.26,Concluída
5979,2025-07-07,1,13,993,107,3,429.09,0.0,429.09,268.89,Concluída
5980,2025-11-06,1,13,901,102,2,8087.66,0.0,8087.66,3783.66,Concluída
5981,2025-09-17,2,3,593,109,4,1755.24,87.76,1667.48,1167.84,Concluída
5982,2025-02-21,4,9,636,105,1,1347.1,0.0,1347.1,858.02,Concluída
5983,2025-12-30,2,2,139,113,2,1289.96,0.0,1289.96,762.48,Concluída
5984,2025-12-03,5,12,672,115,5,2585.65,0.0,2585.65,1457.2,Concluída
5985,2025-04-11,1,13,730,102,2,8087.66,0.0,8087.66,3783.66,Concluída
5986,2025-05-19,1,13,190,105,1,1347.1,67.36,1279.74,858.02,Concluída
5987,2025-01-17,4,9,661,102,2,8087.66,1213.15,6874.51,3783.66,Concluída
5988,2025-02-27,1,13,137,105,2,2694.2,0.0,2694.2,1716.04,Concluída
5989,2025-12-07,2,1,314,105,1,1347.1,0.0,1347.1,858.02,Concluída
5990,2025-01-15,5,10,918,103,1,207.74,20.77,186.97,133.24,Concluída
5991,2025-11-14,4,9,443,115,2,1034.26,0.0,1034.26,582.88,Concluída
5992,2025-02-27,2,3,857,114,2,881.9,0.0,881.9,542.46,Concluída
5993,2025-05-24,1,13,181,101,1,3176.69,0.0,3176.69,2004.75,Concluída
5994,2025-02-09,1,13,88,102,3,12131.49,0.0,12131.49,5675.49,Concluída
5995,2025-10-23,1,13,416,106,3,413.76,0.0,413.76,220.26,Concluída
5996,2025-10-01,1,13,283,105,4,5388.4,269.42,5118.98,3432.08,Concluída
5997,2025-07-19,1,13,228,102,1,4043.83,0.0,4043.83,1891.83,Concluída
5998,2025-02-17,1,13,20,104,1,2804.45,0.0,2804.45,1695.62,Concluída
5999,2025-08-30,4,7,600,113,3,1934.94,0.0,1934.94,1143.72,Concluída
6000,2025-10-08,1,13,995,111,2,6267.26,0.0,6267.26,3225.52,Concluída
